キビタキ,,103.72,0.37,18.12,0.0000E+000,0.0000E+000,0.0000E+000,0.0000E+000,1.3548E-002,6.2164E-002,8.4476E-002,1.0000E+000,4.2762E-001,2.3586E-002,2.2015E-002,1.7208E-002,1.2723E-002,2.2073E-003,0.0000E+000,0.0000E+000,1.0000E+000,9.4662E-001,7.7953E-001,6.6581E-001,5.7092E-001,4.3005E-001,3.8408E-001,3.6842E-001,3.3798E-001,3.2322E-001,2.9338E-001,2.2472E-001,1.5407E-001,1.2226E-001,1.0403E-001,7.6888E-002,6.7970E-002,6.2473E-002,5.1247E-002,4.5518E-002,3.8966E-002,2.7245E-002,0.0000E+000,0.0000E+000,0.0000E+000,0.0000E+000,0.0000E+000,0.0000E+000,0.0000E+000,0.0000E+000,0.0000E+000,0.0000E+000,0.0000E+000,0.0000E+000,0.0000E+000,0.0000E+000,0.0000E+000,0.0000E+000,0.0000E+000,0.0000E+000,0.0000E+000,0.0000E+000,0.0000E+000,0.0000E+000,0.0000E+000,0.0000E+000,0.0000E+000,0.0000E+000,0.0000E+000,0.0000E+000,C:\Users\morishita\Music\bird\キビタキ\初認用\キビタキ自動録音\2009\tattayama20090616_0445_0450.WAV
キビタキ,,110.92,0.33,17.95,0.0000E+000,0.0000E+000,0.0000E+000,0.0000E+000,8.7586E-002,1.7530E-001,9.7083E-002,1.0000E+000,3.8233E-001,4.0530E-002,6.5535E-002,2.9654E-002,2.6088E-002,3.3967E-003,0.0000E+000,0.0000E+000,1.0000E+000,9.2973E-001,7.1864E-001,5.7782E-001,4.8421E-001,3.7402E-001,3.5744E-001,3.6275E-001,3.4818E-001,3.2830E-001,2.8732E-001,2.1186E-001,1.6234E-001,1.4730E-001,1.4145E-001,1.2461E-001,1.1363E-001,9.6863E-002,6.5098E-002,5.0101E-002,3.9665E-002,2.2033E-002,0.0000E+000,0.0000E+000,0.0000E+000,0.0000E+000,0.0000E+000,0.0000E+000,0.0000E+000,0.0000E+000,0.0000E+000,0.0000E+000,0.0000E+000,0.0000E+000,0.0000E+000,0.0000E+000,0.0000E+000,0.0000E+000,0.0000E+000,0.0000E+000,0.0000E+000,0.0000E+000,0.0000E+000,0.0000E+000,0.0000E+000,0.0000E+000,0.0000E+000,0.0000E+000,0.0000E+000,0.0000E+000,C:\Users\morishita\Music\bird\キビタキ\初認用\キビタキ自動録音\2009\tattayama20090616_0445_0450.WAV
キビタキ,,151.35,0.39,11.54,0.0000E+000,0.0000E+000,0.0000E+000,0.0000E+000,2.2041E-002,7.7707E-002,7.0423E-002,3.0343E-001,6.0669E-001,1.0000E+000,7.9361E-001,1.0850E-001,2.3460E-002,3.0815E-003,0.0000E+000,0.0000E+000,1.0000E+000,8.6755E-001,5.0533E-001,2.7555E-001,1.6268E-001,3.6432E-002,2.3061E-002,2.1886E-002,1.5044E-002,9.3761E-003,1.0886E-002,2.4667E-002,4.5119E-002,5.3299E-002,4.3009E-002,1.9427E-002,6.1346E-003,1.1393E-002,3.1561E-002,4.6471E-002,4.7369E-002,3.3460E-002,0.0000E+000,0.0000E+000,0.0000E+000,0.0000E+000,0.0000E+000,0.0000E+000,0.0000E+000,0.0000E+000,0.0000E+000,0.0000E+000,0.0000E+000,0.0000E+000,0.0000E+000,0.0000E+000,0.0000E+000,0.0000E+000,0.0000E+000,0.0000E+000,0.0000E+000,0.0000E+000,0.0000E+000,0.0000E+000,0.0000E+000,0.0000E+000,0.0000E+000,0.0000E+000,0.0000E+000,0.0000E+000,C:\Users\morishita\Music\bird\キビタキ\初認用\キビタキ自動録音\2009\tattayama20090616_0445_0450.WAV
キビタキ,,159.78,0.77,20.64,0.0000E+000,0.0000E+000,0.0000E+000,0.0000E+000,1.1735E-002,4.3925E-002,9.7490E-002,9.1926E-001,1.0000E+000,2.5290E-001,4.1084E-002,2.6670E-002,1.7118E-002,2.6379E-003,0.0000E+000,0.0000E+000,1.0000E+000,6.3994E-001,1.8995E-001,2.2690E-002,4.9679E-002,7.9720E-002,8.9453E-002,1.2836E-001,1.3686E-001,8.7498E-002,3.3714E-002,1.1448E-002,2.7479E-002,4.9719E-002,5.6346E-002,5.8820E-002,3.2457E-002,9.2721E-003,2.7590E-003,1.1300E-002,2.5647E-002,2.8216E-002,0.0000E+000,0.0000E+000,0.0000E+000,0.0000E+000,0.0000E+000,0.0000E+000,0.0000E+000,0.0000E+000,0.0000E+000,0.0000E+000,0.0000E+000,0.0000E+000,0.0000E+000,0.0000E+000,0.0000E+000,0.0000E+000,0.0000E+000,0.0000E+000,0.0000E+000,0.0000E+000,0.0000E+000,0.0000E+000,0.0000E+000,0.0000E+000,0.0000E+000,0.0000E+000,0.0000E+000,0.0000E+000,C:\Users\morishita\Music\bird\キビタキ\初認用\キビタキ自動録音\2009\tattayama20090616_0445_0450.WAV
キビタキ,,168.90,0.49,27.82,0.0000E+000,0.0000E+000,0.0000E+000,0.0000E+000,5.4722E-003,1.5792E-002,1.3934E-002,2.2759E-002,1.4089E-002,1.7864E-001,1.0000E+000,4.9845E-001,6.1990E-003,6.0469E-004,0.0000E+000,0.0000E+000,1.0000E+000,8.2875E-001,4.3240E-001,2.0731E-001,1.4385E-001,7.0335E-002,6.0278E-002,5.5144E-002,4.4069E-002,3.8127E-002,3.8637E-002,6.3544E-002,1.2376E-001,1.5957E-001,1.5752E-001,1.1781E-001,8.0164E-002,7.5019E-002,8.5485E-002,1.0110E-001,8.5138E-002,4.4711E-002,0.0000E+000,0.0000E+000,0.0000E+000,0.0000E+000,0.0000E+000,0.0000E+000,0.0000E+000,0.0000E+000,0.0000E+000,0.0000E+000,0.0000E+000,0.0000E+000,0.0000E+000,0.0000E+000,0.0000E+000,0.0000E+000,0.0000E+000,0.0000E+000,0.0000E+000,0.0000E+000,0.0000E+000,0.0000E+000,0.0000E+000,0.0000E+000,0.0000E+000,0.0000E+000,0.0000E+000,0.0000E+000,C:\Users\morishita\Music\bird\キビタキ\初認用\キビタキ自動録音\2009\tattayama20090616_0445_0450.WAV
キビタキ,,175.71,0.35,5.62,0.0000E+000,0.0000E+000,0.0000E+000,0.0000E+000,3.8136E-003,1.2373E-002,8.3236E-002,1.0000E+000,6.6387E-001,2.8194E-001,3.9951E-001,4.7444E-003,4.0811E-003,6.7923E-004,0.0000E+000,0.0000E+000,1.0000E+000,9.1830E-001,6.6701E-001,4.9742E-001,3.6221E-001,1.6019E-001,9.3371E-002,6.6486E-002,3.7665E-002,3.5728E-002,5.2692E-002,8.5687E-002,1.0330E-001,1.0489E-001,1.0042E-001,9.5799E-002,9.5636E-002,9.4763E-002,8.3613E-002,7.3336E-002,5.6553E-002,2.6214E-002,0.0000E+000,0.0000E+000,0.0000E+000,0.0000E+000,0.0000E+000,0.0000E+000,0.0000E+000,0.0000E+000,0.0000E+000,0.0000E+000,0.0000E+000,0.0000E+000,0.0000E+000,0.0000E+000,0.0000E+000,0.0000E+000,0.0000E+000,0.0000E+000,0.0000E+000,0.0000E+000,0.0000E+000,0.0000E+000,0.0000E+000,0.0000E+000,0.0000E+000,0.0000E+000,0.0000E+000,0.0000E+000,C:\Users\morishita\Music\bird\キビタキ\初認用\キビタキ自動録音\2009\tattayama20090616_0445_0450.WAV
キビタキ,,185.23,0.79,15.09,0.0000E+000,0.0000E+000,0.0000E+000,0.0000E+000,1.4126E-002,5.4192E-002,8.3755E-002,1.0000E+000,9.2144E-001,8.1442E-001,4.3965E-002,2.0617E-002,1.7116E-002,2.6902E-003,0.0000E+000,0.0000E+000,1.0000E+000,6.5810E-001,2.4898E-001,2.1415E-001,2.4508E-001,1.3121E-001,6.0732E-002,1.0025E-001,1.5232E-001,1.5152E-001,9.9021E-002,9.7596E-002,1.3208E-001,1.0234E-001,3.9827E-002,2.2481E-002,2.5823E-002,2.1150E-002,1.0530E-002,6.2459E-003,6.3227E-003,3.8350E-003,0.0000E+000,0.0000E+000,0.0000E+000,0.0000E+000,0.0000E+000,0.0000E+000,0.0000E+000,0.0000E+000,0.0000E+000,0.0000E+000,0.0000E+000,0.0000E+000,0.0000E+000,0.0000E+000,0.0000E+000,0.0000E+000,0.0000E+000,0.0000E+000,0.0000E+000,0.0000E+000,0.0000E+000,0.0000E+000,0.0000E+000,0.0000E+000,0.0000E+000,0.0000E+000,0.0000E+000,0.0000E+000,C:\Users\morishita\Music\bird\キビタキ\初認用\キビタキ自動録音\2009\tattayama20090616_0445_0450.WAV
キビタキ,,186.27,0.77,29.49,0.0000E+000,0.0000E+000,0.0000E+000,0.0000E+000,4.9862E-003,1.4430E-002,4.0869E-002,7.5089E-001,8.0677E-001,4.1084E-001,1.0000E+000,5.2173E-001,9.4257E-003,8.1825E-004,0.0000E+000,0.0000E+000,1.0000E+000,6.1771E-001,1.5259E-001,2.6542E-002,4.0766E-002,9.9258E-002,1.2234E-001,6.7411E-002,3.8331E-002,5.0508E-002,6.5726E-002,5.2925E-002,3.4635E-002,2.5078E-002,1.8974E-002,1.9255E-002,4.4057E-002,6.4163E-002,4.0285E-002,5.7343E-003,1.0665E-002,1.4270E-002,0.0000E+000,0.0000E+000,0.0000E+000,0.0000E+000,0.0000E+000,0.0000E+000,0.0000E+000,0.0000E+000,0.0000E+000,0.0000E+000,0.0000E+000,0.0000E+000,0.0000E+000,0.0000E+000,0.0000E+000,0.0000E+000,0.0000E+000,0.0000E+000,0.0000E+000,0.0000E+000,0.0000E+000,0.0000E+000,0.0000E+000,0.0000E+000,0.0000E+000,0.0000E+000,0.0000E+000,0.0000E+000,C:\Users\morishita\Music\bird\キビタキ\初認用\キビタキ自動録音\2009\tattayama20090616_0445_0450.WAV
キビタキ,,187.01,0.46,23.10,0.0000E+000,0.0000E+000,0.0000E+000,0.0000E+000,6.4854E-003,2.0120E-002,1.7203E-002,3.1281E-002,9.1160E-001,1.0000E+000,1.3316E-002,8.2902E-003,7.8926E-003,1.2787E-003,0.0000E+000,0.0000E+000,1.0000E+000,9.0875E-001,6.5165E-001,4.8578E-001,3.6139E-001,1.5563E-001,7.4263E-002,3.9097E-002,5.1832E-003,6.4367E-003,1.2235E-002,1.8363E-002,1.6878E-002,1.5062E-002,1.3714E-002,1.2735E-002,1.3104E-002,1.3517E-002,1.2613E-002,1.1296E-002,8.8429E-003,4.4882E-003,0.0000E+000,0.0000E+000,0.0000E+000,0.0000E+000,0.0000E+000,0.0000E+000,0.0000E+000,0.0000E+000,0.0000E+000,0.0000E+000,0.0000E+000,0.0000E+000,0.0000E+000,0.0000E+000,0.0000E+000,0.0000E+000,0.0000E+000,0.0000E+000,0.0000E+000,0.0000E+000,0.0000E+000,0.0000E+000,0.0000E+000,0.0000E+000,0.0000E+000,0.0000E+000,0.0000E+000,0.0000E+000,C:\Users\morishita\Music\bird\キビタキ\初認用\キビタキ自動録音\2009\tattayama20090616_0445_0450.WAV
キビタキ,,191.36,0.37,19.98,0.0000E+000,0.0000E+000,0.0000E+000,0.0000E+000,1.1254E-002,4.5392E-002,3.5600E-001,1.0000E+000,7.1694E-001,1.8593E-001,3.0961E-002,2.5473E-002,2.0346E-002,2.6646E-003,0.0000E+000,0.0000E+000,1.0000E+000,8.8141E-001,5.6683E-001,3.7084E-001,2.8925E-001,1.9503E-001,1.8241E-001,1.5012E-001,8.1155E-002,4.4485E-002,3.1429E-002,2.2180E-002,3.1200E-002,3.6412E-002,3.5207E-002,3.2055E-002,3.0107E-002,3.3791E-002,4.1466E-002,4.5456E-002,4.3267E-002,3.5234E-002,0.0000E+000,0.0000E+000,0.0000E+000,0.0000E+000,0.0000E+000,0.0000E+000,0.0000E+000,0.0000E+000,0.0000E+000,0.0000E+000,0.0000E+000,0.0000E+000,0.0000E+000,0.0000E+000,0.0000E+000,0.0000E+000,0.0000E+000,0.0000E+000,0.0000E+000,0.0000E+000,0.0000E+000,0.0000E+000,0.0000E+000,0.0000E+000,0.0000E+000,0.0000E+000,0.0000E+000,0.0000E+000,C:\Users\morishita\Music\bird\キビタキ\初認用\キビタキ自動録音\2009\tattayama20090616_0445_0450.WAV
キビタキ,,192.03,0.35,16.26,0.0000E+000,0.0000E+000,0.0000E+000,0.0000E+000,9.8562E-003,2.9324E-002,6.4449E-002,1.0000E+000,6.8279E-001,2.6990E-001,1.4011E-001,1.0787E-002,7.6796E-003,7.6164E-004,0.0000E+000,0.0000E+000,1.0000E+000,8.8276E-001,5.5729E-001,3.4906E-001,2.5682E-001,1.8811E-001,2.1163E-001,2.3704E-001,2.5036E-001,2.3827E-001,2.1366E-001,1.6484E-001,1.1822E-001,9.5812E-002,8.6034E-002,8.6211E-002,9.6167E-002,1.1327E-001,1.3537E-001,1.4037E-001,1.3035E-001,1.0783E-001,0.0000E+000,0.0000E+000,0.0000E+000,0.0000E+000,0.0000E+000,0.0000E+000,0.0000E+000,0.0000E+000,0.0000E+000,0.0000E+000,0.0000E+000,0.0000E+000,0.0000E+000,0.0000E+000,0.0000E+000,0.0000E+000,0.0000E+000,0.0000E+000,0.0000E+000,0.0000E+000,0.0000E+000,0.0000E+000,0.0000E+000,0.0000E+000,0.0000E+000,0.0000E+000,0.0000E+000,0.0000E+000,C:\Users\morishita\Music\bird\キビタキ\初認用\キビタキ自動録音\2009\tattayama20090616_0445_0450.WAV
キビタキ,,196.53,0.74,31.79,0.0000E+000,0.0000E+000,0.0000E+000,0.0000E+000,1.7274E-003,6.8517E-003,4.7801E-003,8.5407E-003,2.3799E-002,1.6546E-001,1.0000E+000,5.4199E-001,5.0769E-003,3.9138E-004,0.0000E+000,0.0000E+000,1.0000E+000,7.0322E-001,2.3903E-001,7.1628E-002,7.6057E-002,9.7056E-002,1.1363E-001,1.4474E-001,1.2809E-001,8.0342E-002,5.9603E-002,8.4684E-002,1.5531E-001,1.8011E-001,1.4093E-001,6.4425E-002,2.7095E-002,4.0581E-002,9.2234E-002,1.3040E-001,1.3115E-001,8.8348E-002,0.0000E+000,0.0000E+000,0.0000E+000,0.0000E+000,0.0000E+000,0.0000E+000,0.0000E+000,0.0000E+000,0.0000E+000,0.0000E+000,0.0000E+000,0.0000E+000,0.0000E+000,0.0000E+000,0.0000E+000,0.0000E+000,0.0000E+000,0.0000E+000,0.0000E+000,0.0000E+000,0.0000E+000,0.0000E+000,0.0000E+000,0.0000E+000,0.0000E+000,0.0000E+000,0.0000E+000,0.0000E+000,C:\Users\morishita\Music\bird\キビタキ\初認用\キビタキ自動録音\2009\tattayama20090616_0445_0450.WAV
キビタキ,,197.93,0.58,14.01,0.0000E+000,0.0000E+000,0.0000E+000,0.0000E+000,2.1551E-002,5.9194E-002,7.3528E-002,8.7313E-001,1.0000E+000,1.9591E-001,3.9013E-002,3.0376E-002,1.7640E-002,2.5767E-003,0.0000E+000,0.0000E+000,1.0000E+000,6.9536E-001,2.1445E-001,3.8181E-002,5.4359E-002,4.1525E-002,1.2512E-002,3.3381E-002,9.1806E-002,1.2936E-001,7.8656E-002,1.8219E-002,1.7053E-002,2.5619E-002,1.7990E-002,7.3959E-003,4.4300E-003,1.1287E-002,9.4646E-003,7.8431E-004,5.4520E-003,9.9289E-003,0.0000E+000,0.0000E+000,0.0000E+000,0.0000E+000,0.0000E+000,0.0000E+000,0.0000E+000,0.0000E+000,0.0000E+000,0.0000E+000,0.0000E+000,0.0000E+000,0.0000E+000,0.0000E+000,0.0000E+000,0.0000E+000,0.0000E+000,0.0000E+000,0.0000E+000,0.0000E+000,0.0000E+000,0.0000E+000,0.0000E+000,0.0000E+000,0.0000E+000,0.0000E+000,0.0000E+000,0.0000E+000,C:\Users\morishita\Music\bird\キビタキ\初認用\キビタキ自動録音\2009\tattayama20090616_0445_0450.WAV
キビタキ,,202.99,0.81,29.99,0.0000E+000,0.0000E+000,0.0000E+000,0.0000E+000,2.2372E-003,7.7119E-003,3.8970E-002,2.3057E-001,5.5359E-001,5.3016E-001,1.0000E+000,2.1181E-001,3.9956E-002,2.0740E-004,0.0000E+000,0.0000E+000,1.0000E+000,6.2881E-001,2.4501E-001,1.4868E-001,1.1321E-001,1.0134E-001,1.2891E-001,2.3917E-001,3.7191E-001,3.7354E-001,2.2989E-001,1.5602E-001,1.1685E-001,7.9239E-002,6.6782E-002,1.2433E-001,2.5655E-001,3.5796E-001,3.6546E-001,2.7384E-001,1.7189E-001,9.0259E-002,0.0000E+000,0.0000E+000,0.0000E+000,0.0000E+000,0.0000E+000,0.0000E+000,0.0000E+000,0.0000E+000,0.0000E+000,0.0000E+000,0.0000E+000,0.0000E+000,0.0000E+000,0.0000E+000,0.0000E+000,0.0000E+000,0.0000E+000,0.0000E+000,0.0000E+000,0.0000E+000,0.0000E+000,0.0000E+000,0.0000E+000,0.0000E+000,0.0000E+000,0.0000E+000,0.0000E+000,0.0000E+000,C:\Users\morishita\Music\bird\キビタキ\初認用\キビタキ自動録音\2009\tattayama20090616_0445_0450.WAV
キビタキ,,206.54,0.39,20.01,0.0000E+000,0.0000E+000,0.0000E+000,0.0000E+000,4.3199E-003,1.5269E-002,1.5743E-002,6.2293E-001,1.0000E+000,3.4065E-001,5.9087E-001,3.8153E-002,2.3196E-003,6.7727E-004,0.0000E+000,0.0000E+000,1.0000E+000,9.5590E-001,8.1750E-001,7.2319E-001,6.4374E-001,5.2059E-001,4.7690E-001,4.4781E-001,3.8758E-001,3.5644E-001,3.2762E-001,2.7879E-001,2.4229E-001,2.2579E-001,2.0422E-001,1.5743E-001,1.3223E-001,1.1321E-001,8.7028E-002,7.9856E-002,8.0755E-002,8.4052E-002,0.0000E+000,0.0000E+000,0.0000E+000,0.0000E+000,0.0000E+000,0.0000E+000,0.0000E+000,0.0000E+000,0.0000E+000,0.0000E+000,0.0000E+000,0.0000E+000,0.0000E+000,0.0000E+000,0.0000E+000,0.0000E+000,0.0000E+000,0.0000E+000,0.0000E+000,0.0000E+000,0.0000E+000,0.0000E+000,0.0000E+000,0.0000E+000,0.0000E+000,0.0000E+000,0.0000E+000,0.0000E+000,C:\Users\morishita\Music\bird\キビタキ\初認用\キビタキ自動録音\2009\tattayama20090616_0445_0450.WAV
キビタキ,,214.76,0.35,26.95,0.0000E+000,0.0000E+000,0.0000E+000,0.0000E+000,3.2045E-001,2.1569E-001,9.2545E-003,2.7268E-002,2.8781E-002,1.0936E-001,1.0000E+000,7.1856E-001,1.9525E-002,2.7848E-004,0.0000E+000,0.0000E+000,1.0000E+000,8.7071E-001,5.2275E-001,3.0408E-001,2.2119E-001,1.5991E-001,1.8153E-001,1.8105E-001,1.5014E-001,1.1970E-001,1.0120E-001,7.5285E-002,5.9297E-002,5.0729E-002,4.0660E-002,1.9564E-002,8.5374E-003,5.6829E-003,1.6600E-002,3.0372E-002,4.0745E-002,3.8193E-002,0.0000E+000,0.0000E+000,0.0000E+000,0.0000E+000,0.0000E+000,0.0000E+000,0.0000E+000,0.0000E+000,0.0000E+000,0.0000E+000,0.0000E+000,0.0000E+000,0.0000E+000,0.0000E+000,0.0000E+000,0.0000E+000,0.0000E+000,0.0000E+000,0.0000E+000,0.0000E+000,0.0000E+000,0.0000E+000,0.0000E+000,0.0000E+000,0.0000E+000,0.0000E+000,0.0000E+000,0.0000E+000,C:\Users\morishita\Music\bird\キビタキ\初認用\キビタキ自動録音\2009\tattayama20090616_0445_0450.WAV
キビタキ,,234.08,0.93,30.19,0.0000E+000,0.0000E+000,0.0000E+000,0.0000E+000,2.5624E-003,1.0135E-002,1.4946E-002,5.6903E-002,7.2027E-002,2.0402E-001,1.0000E+000,5.5177E-001,6.0630E-003,5.9863E-004,0.0000E+000,0.0000E+000,1.0000E+000,6.0082E-001,1.7063E-001,7.7804E-002,4.7631E-002,4.1558E-002,6.9040E-002,8.0700E-002,7.8561E-002,4.7563E-002,2.5225E-002,5.3947E-002,6.7863E-002,3.8073E-002,3.1025E-002,4.8631E-002,5.9157E-002,6.7852E-002,7.1821E-002,5.5594E-002,2.7729E-002,7.9448E-003,0.0000E+000,0.0000E+000,0.0000E+000,0.0000E+000,0.0000E+000,0.0000E+000,0.0000E+000,0.0000E+000,0.0000E+000,0.0000E+000,0.0000E+000,0.0000E+000,0.0000E+000,0.0000E+000,0.0000E+000,0.0000E+000,0.0000E+000,0.0000E+000,0.0000E+000,0.0000E+000,0.0000E+000,0.0000E+000,0.0000E+000,0.0000E+000,0.0000E+000,0.0000E+000,0.0000E+000,0.0000E+000,C:\Users\morishita\Music\bird\キビタキ\初認用\キビタキ自動録音\2009\tattayama20090616_0445_0450.WAV
キビタキ,,235.06,0.56,27.69,0.0000E+000,0.0000E+000,0.0000E+000,0.0000E+000,1.6512E-002,5.8827E-002,1.0389E-001,3.4433E-001,4.0298E-001,3.7541E-001,1.0000E+000,4.7133E-002,1.5878E-002,2.3000E-003,0.0000E+000,0.0000E+000,1.0000E+000,8.5653E-001,5.4855E-001,3.8403E-001,4.4322E-001,5.8366E-001,6.6491E-001,5.8997E-001,4.2798E-001,3.4093E-001,3.8504E-001,4.8347E-001,4.7589E-001,4.1399E-001,3.5023E-001,3.3513E-001,3.8380E-001,4.3636E-001,4.3696E-001,3.8501E-001,3.3231E-001,3.3455E-001,0.0000E+000,0.0000E+000,0.0000E+000,0.0000E+000,0.0000E+000,0.0000E+000,0.0000E+000,0.0000E+000,0.0000E+000,0.0000E+000,0.0000E+000,0.0000E+000,0.0000E+000,0.0000E+000,0.0000E+000,0.0000E+000,0.0000E+000,0.0000E+000,0.0000E+000,0.0000E+000,0.0000E+000,0.0000E+000,0.0000E+000,0.0000E+000,0.0000E+000,0.0000E+000,0.0000E+000,0.0000E+000,C:\Users\morishita\Music\bird\キビタキ\初認用\キビタキ自動録音\2009\tattayama20090616_0445_0450.WAV
キビタキ,,235.78,0.49,29.58,0.0000E+000,0.0000E+000,0.0000E+000,0.0000E+000,3.1221E-003,1.0378E-002,1.2065E-002,1.2477E-001,1.0000E+000,5.4477E-002,6.6772E-003,1.0247E-002,4.1308E-003,5.2719E-004,0.0000E+000,0.0000E+000,1.0000E+000,9.4539E-001,7.7677E-001,6.6277E-001,5.6279E-001,3.9236E-001,3.2191E-001,2.6364E-001,1.5499E-001,1.0462E-001,7.2090E-002,2.5876E-002,8.3152E-003,4.4383E-003,3.4728E-003,2.0546E-003,1.6020E-003,1.2874E-003,9.2695E-004,8.8110E-004,1.0889E-003,1.7269E-003,0.0000E+000,0.0000E+000,0.0000E+000,0.0000E+000,0.0000E+000,0.0000E+000,0.0000E+000,0.0000E+000,0.0000E+000,0.0000E+000,0.0000E+000,0.0000E+000,0.0000E+000,0.0000E+000,0.0000E+000,0.0000E+000,0.0000E+000,0.0000E+000,0.0000E+000,0.0000E+000,0.0000E+000,0.0000E+000,0.0000E+000,0.0000E+000,0.0000E+000,0.0000E+000,0.0000E+000,0.0000E+000,C:\Users\morishita\Music\bird\キビタキ\初認用\キビタキ自動録音\2009\tattayama20090616_0445_0450.WAV
キビタキ,,240.74,0.65,29.16,0.0000E+000,0.0000E+000,0.0000E+000,0.0000E+000,4.4370E-003,1.5637E-002,1.6884E-002,5.9694E-002,3.5673E-001,3.7302E-001,1.0000E+000,5.4729E-002,6.2776E-003,8.0274E-004,0.0000E+000,0.0000E+000,1.0000E+000,9.5339E-001,8.1199E-001,7.1721E-001,6.1650E-001,4.3525E-001,3.5470E-001,3.0641E-001,2.3435E-001,2.1057E-001,2.0272E-001,1.9724E-001,2.0733E-001,2.1505E-001,2.2431E-001,2.4109E-001,2.4862E-001,2.5110E-001,2.4901E-001,2.4444E-001,2.3378E-001,2.1258E-001,0.0000E+000,0.0000E+000,0.0000E+000,0.0000E+000,0.0000E+000,0.0000E+000,0.0000E+000,0.0000E+000,0.0000E+000,0.0000E+000,0.0000E+000,0.0000E+000,0.0000E+000,0.0000E+000,0.0000E+000,0.0000E+000,0.0000E+000,0.0000E+000,0.0000E+000,0.0000E+000,0.0000E+000,0.0000E+000,0.0000E+000,0.0000E+000,0.0000E+000,0.0000E+000,0.0000E+000,0.0000E+000,C:\Users\morishita\Music\bird\キビタキ\初認用\キビタキ自動録音\2009\tattayama20090616_0445_0450.WAV
キビタキ,,241.58,0.51,27.63,0.0000E+000,0.0000E+000,0.0000E+000,0.0000E+000,4.7186E-003,1.8667E-002,2.8093E-002,3.2717E-002,2.5460E-001,5.1511E-001,1.0000E+000,1.7295E-002,6.0199E-003,7.1098E-004,0.0000E+000,0.0000E+000,1.0000E+000,9.7075E-001,8.6879E-001,7.9608E-001,7.0511E-001,5.2302E-001,4.3189E-001,3.5238E-001,2.1050E-001,1.4813E-001,1.0483E-001,3.7544E-002,8.2688E-003,2.9819E-003,1.3848E-002,4.6819E-002,6.8924E-002,9.6322E-002,1.5035E-001,1.7699E-001,1.9835E-001,2.3317E-001,0.0000E+000,0.0000E+000,0.0000E+000,0.0000E+000,0.0000E+000,0.0000E+000,0.0000E+000,0.0000E+000,0.0000E+000,0.0000E+000,0.0000E+000,0.0000E+000,0.0000E+000,0.0000E+000,0.0000E+000,0.0000E+000,0.0000E+000,0.0000E+000,0.0000E+000,0.0000E+000,0.0000E+000,0.0000E+000,0.0000E+000,0.0000E+000,0.0000E+000,0.0000E+000,0.0000E+000,0.0000E+000,C:\Users\morishita\Music\bird\キビタキ\初認用\キビタキ自動録音\2009\tattayama20090616_0445_0450.WAV
キビタキ,,244.41,0.70,34.36,0.0000E+000,0.0000E+000,0.0000E+000,0.0000E+000,3.1832E-003,7.4265E-003,2.4367E-002,1.7825E-001,4.2014E-001,3.6691E-001,1.0000E+000,1.6707E-001,1.2606E-003,1.3381E-004,0.0000E+000,0.0000E+000,1.0000E+000,8.0771E-001,4.1135E-001,2.0728E-001,2.0260E-001,1.5519E-001,1.1248E-001,5.8417E-002,1.4392E-002,2.4424E-002,2.2383E-002,1.6165E-002,2.5557E-002,3.9127E-002,2.9250E-002,1.1370E-002,3.3662E-003,1.4269E-002,1.9208E-002,1.3243E-002,8.9426E-003,2.9138E-002,0.0000E+000,0.0000E+000,0.0000E+000,0.0000E+000,0.0000E+000,0.0000E+000,0.0000E+000,0.0000E+000,0.0000E+000,0.0000E+000,0.0000E+000,0.0000E+000,0.0000E+000,0.0000E+000,0.0000E+000,0.0000E+000,0.0000E+000,0.0000E+000,0.0000E+000,0.0000E+000,0.0000E+000,0.0000E+000,0.0000E+000,0.0000E+000,0.0000E+000,0.0000E+000,0.0000E+000,0.0000E+000,C:\Users\morishita\Music\bird\キビタキ\初認用\キビタキ自動録音\2009\tattayama20090616_0445_0450.WAV
キビタキ,,245.55,0.37,23.36,0.0000E+000,0.0000E+000,0.0000E+000,0.0000E+000,5.7049E-003,1.5575E-002,5.8504E-002,8.6826E-001,1.0000E+000,2.6945E-001,2.7836E-001,9.8076E-003,2.1157E-003,2.6658E-004,0.0000E+000,0.0000E+000,1.0000E+000,9.2016E-001,6.8047E-001,5.2062E-001,4.0060E-001,2.2168E-001,1.6279E-001,1.3168E-001,8.3881E-002,6.7200E-002,6.3000E-002,5.8277E-002,5.5882E-002,5.4012E-002,5.5853E-002,6.5431E-002,7.3168E-002,7.7855E-002,7.8873E-002,7.5206E-002,7.2188E-002,7.3589E-002,0.0000E+000,0.0000E+000,0.0000E+000,0.0000E+000,0.0000E+000,0.0000E+000,0.0000E+000,0.0000E+000,0.0000E+000,0.0000E+000,0.0000E+000,0.0000E+000,0.0000E+000,0.0000E+000,0.0000E+000,0.0000E+000,0.0000E+000,0.0000E+000,0.0000E+000,0.0000E+000,0.0000E+000,0.0000E+000,0.0000E+000,0.0000E+000,0.0000E+000,0.0000E+000,0.0000E+000,0.0000E+000,C:\Users\morishita\Music\bird\キビタキ\初認用\キビタキ自動録音\2009\tattayama20090616_0445_0450.WAV
キビタキ,,256.42,0.77,35.51,0.0000E+000,0.0000E+000,0.0000E+000,0.0000E+000,1.2241E-003,3.6536E-003,1.0820E-002,1.5252E-001,4.0392E-001,2.0599E-001,1.0000E+000,4.8172E-001,5.1889E-003,4.4209E-004,0.0000E+000,0.0000E+000,1.0000E+000,5.6968E-001,1.2955E-001,1.5361E-001,1.4385E-001,2.9630E-002,1.1871E-001,2.5320E-001,2.4377E-001,1.1237E-001,2.6466E-002,1.1879E-001,2.0693E-001,1.1451E-001,2.8302E-002,1.0849E-001,1.5361E-001,9.8896E-002,8.9486E-002,1.7952E-001,1.8494E-001,8.4538E-002,0.0000E+000,0.0000E+000,0.0000E+000,0.0000E+000,0.0000E+000,0.0000E+000,0.0000E+000,0.0000E+000,0.0000E+000,0.0000E+000,0.0000E+000,0.0000E+000,0.0000E+000,0.0000E+000,0.0000E+000,0.0000E+000,0.0000E+000,0.0000E+000,0.0000E+000,0.0000E+000,0.0000E+000,0.0000E+000,0.0000E+000,0.0000E+000,0.0000E+000,0.0000E+000,0.0000E+000,0.0000E+000,C:\Users\morishita\Music\bird\キビタキ\初認用\キビタキ自動録音\2009\tattayama20090616_0445_0450.WAV
キビタキ,,260.34,0.35,21.62,0.0000E+000,0.0000E+000,0.0000E+000,0.0000E+000,4.6327E-003,1.9027E-002,2.6188E-002,6.6175E-002,1.8529E-001,6.2158E-001,1.0000E+000,9.2944E-002,4.6707E-003,8.6103E-004,0.0000E+000,0.0000E+000,1.0000E+000,9.1219E-001,6.3571E-001,4.4702E-001,2.9288E-001,7.6327E-002,1.3916E-002,8.0749E-003,5.8282E-003,9.4224E-003,8.2694E-003,4.9076E-003,1.7029E-003,7.0705E-004,4.2563E-004,9.5641E-005,4.7069E-005,8.7962E-005,2.5491E-004,3.8096E-004,4.6041E-004,4.1427E-004,0.0000E+000,0.0000E+000,0.0000E+000,0.0000E+000,0.0000E+000,0.0000E+000,0.0000E+000,0.0000E+000,0.0000E+000,0.0000E+000,0.0000E+000,0.0000E+000,0.0000E+000,0.0000E+000,0.0000E+000,0.0000E+000,0.0000E+000,0.0000E+000,0.0000E+000,0.0000E+000,0.0000E+000,0.0000E+000,0.0000E+000,0.0000E+000,0.0000E+000,0.0000E+000,0.0000E+000,0.0000E+000,C:\Users\morishita\Music\bird\キビタキ\初認用\キビタキ自動録音\2009\tattayama20090616_0445_0450.WAV
キビタキ,,262.48,0.63,24.33,0.0000E+000,0.0000E+000,0.0000E+000,0.0000E+000,3.2713E-003,1.0092E-002,2.8398E-002,4.8216E-001,1.0000E+000,3.4806E-001,8.9505E-001,4.4035E-003,2.6719E-003,3.6375E-004,0.0000E+000,0.0000E+000,1.0000E+000,6.3152E-001,2.9037E-001,3.1770E-001,2.4460E-001,1.3271E-001,9.3917E-002,1.3332E-001,8.6802E-002,8.8561E-004,3.7356E-002,4.3480E-002,1.7344E-002,2.1554E-002,2.6186E-002,1.7322E-002,3.8264E-003,5.9684E-003,4.8911E-003,1.6717E-003,2.7851E-003,2.4759E-003,0.0000E+000,0.0000E+000,0.0000E+000,0.0000E+000,0.0000E+000,0.0000E+000,0.0000E+000,0.0000E+000,0.0000E+000,0.0000E+000,0.0000E+000,0.0000E+000,0.0000E+000,0.0000E+000,0.0000E+000,0.0000E+000,0.0000E+000,0.0000E+000,0.0000E+000,0.0000E+000,0.0000E+000,0.0000E+000,0.0000E+000,0.0000E+000,0.0000E+000,0.0000E+000,0.0000E+000,0.0000E+000,C:\Users\morishita\Music\bird\キビタキ\初認用\キビタキ自動録音\2009\tattayama20090616_0445_0450.WAV
キビタキ,,265.47,0.33,11.99,0.0000E+000,0.0000E+000,0.0000E+000,0.0000E+000,1.5084E-002,4.4632E-002,4.3492E-002,4.5014E-001,1.0000E+000,4.6028E-001,4.9415E-002,3.8124E-002,1.5915E-002,1.9566E-003,0.0000E+000,0.0000E+000,1.0000E+000,9.5825E-001,8.1513E-001,7.1376E-001,6.0216E-001,4.0394E-001,3.1733E-001,2.6187E-001,1.7232E-001,1.3822E-001,1.1569E-001,7.7150E-002,4.9626E-002,3.8099E-002,2.9998E-002,1.6613E-002,1.1329E-002,8.4488E-003,4.5891E-003,3.6092E-003,3.8020E-003,4.5449E-003,0.0000E+000,0.0000E+000,0.0000E+000,0.0000E+000,0.0000E+000,0.0000E+000,0.0000E+000,0.0000E+000,0.0000E+000,0.0000E+000,0.0000E+000,0.0000E+000,0.0000E+000,0.0000E+000,0.0000E+000,0.0000E+000,0.0000E+000,0.0000E+000,0.0000E+000,0.0000E+000,0.0000E+000,0.0000E+000,0.0000E+000,0.0000E+000,0.0000E+000,0.0000E+000,0.0000E+000,0.0000E+000,C:\Users\morishita\Music\bird\キビタキ\初認用\キビタキ自動録音\2009\tattayama20090616_0445_0450.WAV
キビタキ,,265.91,0.33,34.31,0.0000E+000,0.0000E+000,0.0000E+000,0.0000E+000,2.0685E-003,7.0369E-003,1.3871E-002,1.0679E-001,2.4747E-001,8.3521E-002,1.0000E+000,2.0540E-001,7.7288E-002,1.0754E-004,0.0000E+000,0.0000E+000,1.0000E+000,9.7768E-001,8.9778E-001,8.4019E-001,7.6871E-001,6.3135E-001,5.6547E-001,5.1357E-001,4.2172E-001,3.8179E-001,3.4806E-001,2.8283E-001,2.2136E-001,1.9141E-001,1.6459E-001,1.1623E-001,9.4683E-002,7.9753E-002,5.6345E-002,4.7866E-002,4.4264E-002,3.9735E-002,0.0000E+000,0.0000E+000,0.0000E+000,0.0000E+000,0.0000E+000,0.0000E+000,0.0000E+000,0.0000E+000,0.0000E+000,0.0000E+000,0.0000E+000,0.0000E+000,0.0000E+000,0.0000E+000,0.0000E+000,0.0000E+000,0.0000E+000,0.0000E+000,0.0000E+000,0.0000E+000,0.0000E+000,0.0000E+000,0.0000E+000,0.0000E+000,0.0000E+000,0.0000E+000,0.0000E+000,0.0000E+000,C:\Users\morishita\Music\bird\キビタキ\初認用\キビタキ自動録音\2009\tattayama20090616_0445_0450.WAV
キビタキ,,266.24,0.37,22.36,0.0000E+000,0.0000E+000,0.0000E+000,0.0000E+000,6.6273E-003,1.6210E-002,1.2734E-002,6.2787E-002,1.7325E-001,1.6037E-001,1.0000E+000,4.1339E-001,1.8182E-002,8.7750E-005,0.0000E+000,0.0000E+000,1.0000E+000,9.3299E-001,7.2997E-001,5.9396E-001,4.9781E-001,3.8742E-001,3.7317E-001,4.1547E-001,5.0045E-001,5.4315E-001,5.3871E-001,4.8566E-001,3.8863E-001,3.4022E-001,3.3154E-001,3.5987E-001,3.9688E-001,4.4633E-001,5.0920E-001,5.2262E-001,4.8575E-001,3.9653E-001,0.0000E+000,0.0000E+000,0.0000E+000,0.0000E+000,0.0000E+000,0.0000E+000,0.0000E+000,0.0000E+000,0.0000E+000,0.0000E+000,0.0000E+000,0.0000E+000,0.0000E+000,0.0000E+000,0.0000E+000,0.0000E+000,0.0000E+000,0.0000E+000,0.0000E+000,0.0000E+000,0.0000E+000,0.0000E+000,0.0000E+000,0.0000E+000,0.0000E+000,0.0000E+000,0.0000E+000,0.0000E+000,C:\Users\morishita\Music\bird\キビタキ\初認用\キビタキ自動録音\2009\tattayama20090616_0445_0450.WAV
キビタキ,,271.09,1.04,32.57,0.0000E+000,0.0000E+000,0.0000E+000,0.0000E+000,1.1014E-003,3.9069E-003,9.2864E-003,1.1930E-001,1.7137E-001,2.2469E-001,1.0000E+000,1.5495E-001,1.0062E-003,1.1876E-004,0.0000E+000,0.0000E+000,1.0000E+000,7.7646E-001,3.4604E-001,7.4000E-002,7.0274E-002,1.5002E-001,2.4975E-001,3.2103E-001,3.2180E-001,2.4259E-001,1.3114E-001,6.1067E-002,4.5324E-002,8.1064E-002,1.2494E-001,1.5510E-001,1.6929E-001,1.6981E-001,1.7383E-001,1.9011E-001,2.1907E-001,2.4321E-001,0.0000E+000,0.0000E+000,0.0000E+000,0.0000E+000,0.0000E+000,0.0000E+000,0.0000E+000,0.0000E+000,0.0000E+000,0.0000E+000,0.0000E+000,0.0000E+000,0.0000E+000,0.0000E+000,0.0000E+000,0.0000E+000,0.0000E+000,0.0000E+000,0.0000E+000,0.0000E+000,0.0000E+000,0.0000E+000,0.0000E+000,0.0000E+000,0.0000E+000,0.0000E+000,0.0000E+000,0.0000E+000,C:\Users\morishita\Music\bird\キビタキ\初認用\キビタキ自動録音\2009\tattayama20090616_0445_0450.WAV
キビタキ,,10.05,0.77,25.43,0.0000E+000,0.0000E+000,0.0000E+000,0.0000E+000,3.0898E-003,1.3632E-002,2.4944E-002,4.2834E-001,6.5070E-001,3.0037E-001,1.0000E+000,3.1161E-001,5.6747E-002,2.9804E-004,0.0000E+000,0.0000E+000,1.0000E+000,6.7815E-001,3.1085E-001,2.4187E-001,2.5829E-001,2.5153E-001,2.5837E-001,3.5073E-001,4.5663E-001,4.6972E-001,3.7692E-001,2.9997E-001,2.3326E-001,1.8009E-001,1.8107E-001,2.7053E-001,3.8466E-001,4.4182E-001,4.5305E-001,3.9685E-001,2.8520E-001,1.8599E-001,0.0000E+000,0.0000E+000,0.0000E+000,0.0000E+000,0.0000E+000,0.0000E+000,0.0000E+000,0.0000E+000,0.0000E+000,0.0000E+000,0.0000E+000,0.0000E+000,0.0000E+000,0.0000E+000,0.0000E+000,0.0000E+000,0.0000E+000,0.0000E+000,0.0000E+000,0.0000E+000,0.0000E+000,0.0000E+000,0.0000E+000,0.0000E+000,0.0000E+000,0.0000E+000,0.0000E+000,0.0000E+000,C:\Users\morishita\Music\bird\キビタキ\初認用\キビタキ自動録音\2009\tattayama20090616_0450_0455.WAV
キビタキ,,15.79,0.51,24.62,0.0000E+000,0.0000E+000,0.0000E+000,0.0000E+000,1.6133E-003,5.6184E-003,9.1158E-003,2.6719E-001,4.5659E-001,2.6851E-001,1.0000E+000,4.4081E-001,5.7516E-003,6.0360E-004,0.0000E+000,0.0000E+000,1.0000E+000,7.8612E-001,3.3507E-001,9.7900E-002,5.2333E-002,4.4684E-002,8.2603E-002,1.6814E-001,2.5187E-001,2.5006E-001,1.9161E-001,1.0825E-001,6.4187E-002,4.5033E-002,3.1594E-002,6.0614E-002,1.0307E-001,1.6391E-001,2.6068E-001,2.9661E-001,2.8082E-001,1.8875E-001,0.0000E+000,0.0000E+000,0.0000E+000,0.0000E+000,0.0000E+000,0.0000E+000,0.0000E+000,0.0000E+000,0.0000E+000,0.0000E+000,0.0000E+000,0.0000E+000,0.0000E+000,0.0000E+000,0.0000E+000,0.0000E+000,0.0000E+000,0.0000E+000,0.0000E+000,0.0000E+000,0.0000E+000,0.0000E+000,0.0000E+000,0.0000E+000,0.0000E+000,0.0000E+000,0.0000E+000,0.0000E+000,C:\Users\morishita\Music\bird\キビタキ\初認用\キビタキ自動録音\2009\tattayama20090616_0450_0455.WAV
キビタキ,,20.25,0.37,23.13,0.0000E+000,0.0000E+000,0.0000E+000,0.0000E+000,3.6630E-003,1.1802E-002,1.2754E-002,1.1791E-001,2.1788E-001,2.8409E-001,1.0000E+000,2.1855E-001,1.7756E-002,3.0945E-004,0.0000E+000,0.0000E+000,1.0000E+000,8.8707E-001,5.7235E-001,3.7056E-001,2.5697E-001,1.2196E-001,1.0055E-001,1.1515E-001,1.3531E-001,1.4087E-001,1.1553E-001,6.2127E-002,2.6397E-002,1.8735E-002,2.8019E-002,6.2184E-002,8.7064E-002,1.0868E-001,1.2719E-001,1.2408E-001,1.0688E-001,7.4745E-002,0.0000E+000,0.0000E+000,0.0000E+000,0.0000E+000,0.0000E+000,0.0000E+000,0.0000E+000,0.0000E+000,0.0000E+000,0.0000E+000,0.0000E+000,0.0000E+000,0.0000E+000,0.0000E+000,0.0000E+000,0.0000E+000,0.0000E+000,0.0000E+000,0.0000E+000,0.0000E+000,0.0000E+000,0.0000E+000,0.0000E+000,0.0000E+000,0.0000E+000,0.0000E+000,0.0000E+000,0.0000E+000,C:\Users\morishita\Music\bird\キビタキ\初認用\キビタキ自動録音\2009\tattayama20090616_0450_0455.WAV
キビタキ,,29.19,0.58,32.23,0.0000E+000,0.0000E+000,0.0000E+000,0.0000E+000,3.7972E-003,6.3789E-003,2.9282E-003,1.1600E-002,2.8383E-002,2.7602E-001,1.0000E+000,4.7502E-001,5.3835E-003,4.5833E-004,0.0000E+000,0.0000E+000,1.0000E+000,7.2180E-001,2.7842E-001,1.1324E-001,1.2424E-001,9.9256E-002,6.3273E-002,1.3063E-001,2.2255E-001,2.4711E-001,1.7507E-001,8.2909E-002,6.2074E-002,6.1362E-002,5.6462E-002,6.7601E-002,8.3640E-002,1.0350E-001,1.3241E-001,1.4147E-001,1.4258E-001,1.4614E-001,0.0000E+000,0.0000E+000,0.0000E+000,0.0000E+000,0.0000E+000,0.0000E+000,0.0000E+000,0.0000E+000,0.0000E+000,0.0000E+000,0.0000E+000,0.0000E+000,0.0000E+000,0.0000E+000,0.0000E+000,0.0000E+000,0.0000E+000,0.0000E+000,0.0000E+000,0.0000E+000,0.0000E+000,0.0000E+000,0.0000E+000,0.0000E+000,0.0000E+000,0.0000E+000,0.0000E+000,0.0000E+000,C:\Users\morishita\Music\bird\キビタキ\初認用\キビタキ自動録音\2009\tattayama20090616_0450_0455.WAV
キビタキ,,40.75,1.00,25.72,0.0000E+000,0.0000E+000,0.0000E+000,0.0000E+000,3.5895E-003,1.2290E-002,1.2468E-002,6.4920E-002,2.1000E-001,2.1227E-001,1.0000E+000,2.6907E-001,1.9838E-002,4.4879E-004,0.0000E+000,0.0000E+000,1.0000E+000,6.8165E-001,3.2824E-001,1.5763E-001,4.8912E-002,2.9434E-002,9.3965E-002,1.7199E-001,2.3535E-001,2.7825E-001,2.3718E-001,1.2865E-001,4.6733E-002,3.8701E-002,5.6423E-002,1.5381E-001,3.0905E-001,3.7296E-001,3.5976E-001,2.9507E-001,1.6972E-001,6.8744E-002,0.0000E+000,0.0000E+000,0.0000E+000,0.0000E+000,0.0000E+000,0.0000E+000,0.0000E+000,0.0000E+000,0.0000E+000,0.0000E+000,0.0000E+000,0.0000E+000,0.0000E+000,0.0000E+000,0.0000E+000,0.0000E+000,0.0000E+000,0.0000E+000,0.0000E+000,0.0000E+000,0.0000E+000,0.0000E+000,0.0000E+000,0.0000E+000,0.0000E+000,0.0000E+000,0.0000E+000,0.0000E+000,C:\Users\morishita\Music\bird\キビタキ\初認用\キビタキ自動録音\2009\tattayama20090616_0450_0455.WAV
キビタキ,,41.73,0.39,17.40,0.0000E+000,0.0000E+000,0.0000E+000,0.0000E+000,1.3953E-002,3.7940E-002,4.3747E-002,1.0000E+000,8.9793E-001,1.8733E-002,2.4174E-002,2.8532E-002,1.3775E-002,1.5943E-003,0.0000E+000,0.0000E+000,1.0000E+000,8.7724E-001,5.3836E-001,3.2224E-001,2.2404E-001,1.4993E-001,1.7403E-001,2.1036E-001,2.2757E-001,2.0845E-001,1.5522E-001,7.5456E-002,6.2314E-002,7.5714E-002,9.4410E-002,1.1030E-001,1.0749E-001,8.4583E-002,4.0554E-002,1.9437E-002,1.8701E-002,3.1318E-002,0.0000E+000,0.0000E+000,0.0000E+000,0.0000E+000,0.0000E+000,0.0000E+000,0.0000E+000,0.0000E+000,0.0000E+000,0.0000E+000,0.0000E+000,0.0000E+000,0.0000E+000,0.0000E+000,0.0000E+000,0.0000E+000,0.0000E+000,0.0000E+000,0.0000E+000,0.0000E+000,0.0000E+000,0.0000E+000,0.0000E+000,0.0000E+000,0.0000E+000,0.0000E+000,0.0000E+000,0.0000E+000,C:\Users\morishita\Music\bird\キビタキ\初認用\キビタキ自動録音\2009\tattayama20090616_0450_0455.WAV
キビタキ,,42.42,0.35,19.97,0.0000E+000,0.0000E+000,0.0000E+000,0.0000E+000,5.5557E-003,1.9181E-002,5.3162E-002,7.2983E-001,1.0000E+000,2.1890E-002,1.7265E-002,2.2111E-002,7.6770E-003,6.3905E-004,0.0000E+000,0.0000E+000,1.0000E+000,9.7154E-001,8.7478E-001,8.0648E-001,7.3405E-001,6.1132E-001,5.6102E-001,5.3662E-001,5.0172E-001,4.9123E-001,4.8131E-001,4.5761E-001,4.3064E-001,4.1745E-001,4.1094E-001,4.0598E-001,4.0753E-001,4.1305E-001,4.2225E-001,4.2593E-001,4.2500E-001,4.2057E-001,0.0000E+000,0.0000E+000,0.0000E+000,0.0000E+000,0.0000E+000,0.0000E+000,0.0000E+000,0.0000E+000,0.0000E+000,0.0000E+000,0.0000E+000,0.0000E+000,0.0000E+000,0.0000E+000,0.0000E+000,0.0000E+000,0.0000E+000,0.0000E+000,0.0000E+000,0.0000E+000,0.0000E+000,0.0000E+000,0.0000E+000,0.0000E+000,0.0000E+000,0.0000E+000,0.0000E+000,0.0000E+000,C:\Users\morishita\Music\bird\キビタキ\初認用\キビタキ自動録音\2009\tattayama20090616_0450_0455.WAV
キビタキ,,43.91,0.53,28.81,0.0000E+000,0.0000E+000,0.0000E+000,0.0000E+000,7.1580E-004,2.5513E-003,9.3791E-003,5.7080E-002,2.9190E-001,2.1666E-001,1.0000E+000,2.2476E-001,3.4166E-003,4.0559E-004,0.0000E+000,0.0000E+000,1.0000E+000,7.1124E-001,2.1126E-001,3.1261E-005,4.4743E-002,5.0484E-002,1.1512E-002,5.0380E-002,1.2705E-001,1.6484E-001,1.0821E-001,3.0074E-002,5.8077E-002,1.0759E-001,1.2728E-001,1.2094E-001,9.4907E-002,9.5197E-002,7.9553E-002,6.3621E-002,3.4031E-002,5.7386E-002,0.0000E+000,0.0000E+000,0.0000E+000,0.0000E+000,0.0000E+000,0.0000E+000,0.0000E+000,0.0000E+000,0.0000E+000,0.0000E+000,0.0000E+000,0.0000E+000,0.0000E+000,0.0000E+000,0.0000E+000,0.0000E+000,0.0000E+000,0.0000E+000,0.0000E+000,0.0000E+000,0.0000E+000,0.0000E+000,0.0000E+000,0.0000E+000,0.0000E+000,0.0000E+000,0.0000E+000,0.0000E+000,C:\Users\morishita\Music\bird\キビタキ\初認用\キビタキ自動録音\2009\tattayama20090616_0450_0455.WAV
キビタキ,,52.55,0.63,28.92,0.0000E+000,0.0000E+000,0.0000E+000,0.0000E+000,9.6629E-004,3.4345E-003,3.8340E-003,1.2424E-002,5.1233E-002,1.3030E-001,1.0000E+000,1.8526E-001,1.1680E-002,7.0800E-005,0.0000E+000,0.0000E+000,1.0000E+000,6.7642E-001,2.7520E-001,1.9755E-001,3.2753E-001,3.5313E-001,2.4874E-001,2.4962E-001,3.1394E-001,3.7738E-001,2.6795E-001,1.9095E-001,2.4850E-001,2.7363E-001,1.9353E-001,1.7038E-001,2.2733E-001,2.3157E-001,1.6104E-001,8.6286E-002,1.0838E-001,1.4557E-001,0.0000E+000,0.0000E+000,0.0000E+000,0.0000E+000,0.0000E+000,0.0000E+000,0.0000E+000,0.0000E+000,0.0000E+000,0.0000E+000,0.0000E+000,0.0000E+000,0.0000E+000,0.0000E+000,0.0000E+000,0.0000E+000,0.0000E+000,0.0000E+000,0.0000E+000,0.0000E+000,0.0000E+000,0.0000E+000,0.0000E+000,0.0000E+000,0.0000E+000,0.0000E+000,0.0000E+000,0.0000E+000,C:\Users\morishita\Music\bird\キビタキ\初認用\キビタキ自動録音\2009\tattayama20090616_0450_0455.WAV
キビタキ,,55.26,1.04,31.65,0.0000E+000,0.0000E+000,0.0000E+000,0.0000E+000,1.4275E-003,5.7753E-003,2.3777E-002,2.9889E-001,7.1832E-001,2.8057E-001,1.0000E+000,3.6206E-001,4.5762E-003,3.2384E-004,0.0000E+000,0.0000E+000,1.0000E+000,5.2078E-001,1.3871E-001,2.1122E-001,1.3400E-001,3.1158E-002,9.6612E-002,1.1470E-001,8.4850E-002,8.0120E-002,6.5073E-002,3.8216E-002,7.6889E-002,1.0937E-001,7.7055E-002,8.9578E-002,1.1760E-001,1.2126E-001,1.8904E-001,2.0919E-001,8.7144E-002,6.1839E-002,0.0000E+000,0.0000E+000,0.0000E+000,0.0000E+000,0.0000E+000,0.0000E+000,0.0000E+000,0.0000E+000,0.0000E+000,0.0000E+000,0.0000E+000,0.0000E+000,0.0000E+000,0.0000E+000,0.0000E+000,0.0000E+000,0.0000E+000,0.0000E+000,0.0000E+000,0.0000E+000,0.0000E+000,0.0000E+000,0.0000E+000,0.0000E+000,0.0000E+000,0.0000E+000,0.0000E+000,0.0000E+000,C:\Users\morishita\Music\bird\キビタキ\初認用\キビタキ自動録音\2009\tattayama20090616_0450_0455.WAV
キビタキ,,58.93,0.58,25.93,0.0000E+000,0.0000E+000,0.0000E+000,0.0000E+000,1.0727E-003,3.8713E-003,4.4604E-003,3.3073E-002,6.3936E-002,1.5833E-001,1.0000E+000,1.4978E-001,2.4664E-002,3.7254E-005,0.0000E+000,0.0000E+000,1.0000E+000,6.0601E-001,1.8047E-001,1.4891E-001,1.2922E-001,8.1225E-002,5.2913E-002,5.8312E-002,1.2875E-001,1.9379E-001,1.1081E-001,4.8003E-002,4.3343E-002,1.8512E-002,3.1430E-002,5.6671E-002,6.8993E-002,1.2800E-001,1.1159E-001,3.6157E-002,6.6385E-002,5.0225E-002,0.0000E+000,0.0000E+000,0.0000E+000,0.0000E+000,0.0000E+000,0.0000E+000,0.0000E+000,0.0000E+000,0.0000E+000,0.0000E+000,0.0000E+000,0.0000E+000,0.0000E+000,0.0000E+000,0.0000E+000,0.0000E+000,0.0000E+000,0.0000E+000,0.0000E+000,0.0000E+000,0.0000E+000,0.0000E+000,0.0000E+000,0.0000E+000,0.0000E+000,0.0000E+000,0.0000E+000,0.0000E+000,C:\Users\morishita\Music\bird\キビタキ\初認用\キビタキ自動録音\2009\tattayama20090616_0450_0455.WAV
キビタキ,,71.63,2.28,24.95,0.0000E+000,0.0000E+000,0.0000E+000,0.0000E+000,4.5373E-003,1.4395E-002,1.1997E-002,3.7253E-002,1.9116E-001,2.9176E-001,1.0000E+000,5.8422E-001,7.5497E-002,3.3805E-003,0.0000E+000,0.0000E+000,1.0000E+000,2.5496E-001,1.2199E-001,9.3075E-002,1.2488E-001,4.4234E-002,4.6887E-002,5.2187E-002,1.5324E-002,7.7091E-003,1.7287E-002,2.4424E-002,3.2526E-003,2.5934E-003,1.3382E-002,1.8078E-002,2.5167E-002,4.7375E-002,5.6507E-002,3.1054E-002,3.9515E-002,6.7029E-002,0.0000E+000,0.0000E+000,0.0000E+000,0.0000E+000,0.0000E+000,0.0000E+000,0.0000E+000,0.0000E+000,0.0000E+000,0.0000E+000,0.0000E+000,0.0000E+000,0.0000E+000,0.0000E+000,0.0000E+000,0.0000E+000,0.0000E+000,0.0000E+000,0.0000E+000,0.0000E+000,0.0000E+000,0.0000E+000,0.0000E+000,0.0000E+000,0.0000E+000,0.0000E+000,0.0000E+000,0.0000E+000,C:\Users\morishita\Music\bird\キビタキ\初認用\キビタキ自動録音\2009\tattayama20090616_0450_0455.WAV
キビタキ,,73.98,0.51,25.98,0.0000E+000,0.0000E+000,0.0000E+000,0.0000E+000,8.3425E-003,2.7347E-002,3.2933E-002,1.1203E-001,2.0811E-001,7.8794E-001,1.0000E+000,1.3513E-002,9.4530E-003,1.2532E-003,0.0000E+000,0.0000E+000,1.0000E+000,8.6583E-001,5.5578E-001,3.7990E-001,3.9722E-001,4.8794E-001,5.6133E-001,5.2047E-001,4.0647E-001,3.3333E-001,3.5710E-001,4.3618E-001,4.6225E-001,4.3300E-001,3.7709E-001,3.5087E-001,3.8055E-001,4.4772E-001,5.1012E-001,5.0535E-001,4.6172E-001,4.2940E-001,0.0000E+000,0.0000E+000,0.0000E+000,0.0000E+000,0.0000E+000,0.0000E+000,0.0000E+000,0.0000E+000,0.0000E+000,0.0000E+000,0.0000E+000,0.0000E+000,0.0000E+000,0.0000E+000,0.0000E+000,0.0000E+000,0.0000E+000,0.0000E+000,0.0000E+000,0.0000E+000,0.0000E+000,0.0000E+000,0.0000E+000,0.0000E+000,0.0000E+000,0.0000E+000,0.0000E+000,0.0000E+000,C:\Users\morishita\Music\bird\キビタキ\初認用\キビタキ自動録音\2009\tattayama20090616_0450_0455.WAV
キビタキ,,74.91,0.37,25.00,0.0000E+000,0.0000E+000,0.0000E+000,0.0000E+000,6.5389E-003,2.1931E-002,1.8601E-002,4.2564E-002,2.9960E-001,8.2078E-001,1.0000E+000,1.9577E-002,9.4706E-003,7.3091E-004,0.0000E+000,0.0000E+000,1.0000E+000,9.4685E-001,7.9314E-001,6.9258E-001,6.3636E-001,5.8057E-001,5.8099E-001,5.8945E-001,5.8338E-001,5.6885E-001,5.4035E-001,4.8561E-001,4.3545E-001,4.1154E-001,3.8857E-001,3.5291E-001,3.4022E-001,3.4172E-001,3.4600E-001,3.4879E-001,3.3754E-001,3.0413E-001,0.0000E+000,0.0000E+000,0.0000E+000,0.0000E+000,0.0000E+000,0.0000E+000,0.0000E+000,0.0000E+000,0.0000E+000,0.0000E+000,0.0000E+000,0.0000E+000,0.0000E+000,0.0000E+000,0.0000E+000,0.0000E+000,0.0000E+000,0.0000E+000,0.0000E+000,0.0000E+000,0.0000E+000,0.0000E+000,0.0000E+000,0.0000E+000,0.0000E+000,0.0000E+000,0.0000E+000,0.0000E+000,C:\Users\morishita\Music\bird\キビタキ\初認用\キビタキ自動録音\2009\tattayama20090616_0450_0455.WAV
キビタキ,,78.46,0.67,27.15,0.0000E+000,0.0000E+000,0.0000E+000,0.0000E+000,1.0954E-003,4.3672E-003,8.9661E-003,2.0640E-002,6.2078E-002,1.1763E-001,1.0000E+000,2.2732E-001,1.5309E-002,1.0584E-004,0.0000E+000,0.0000E+000,1.0000E+000,7.4227E-001,3.4379E-001,2.0304E-001,1.3007E-001,7.7508E-002,9.7917E-002,1.7674E-001,3.8099E-001,5.0641E-001,4.8066E-001,3.5086E-001,1.5330E-001,5.9771E-002,4.9177E-002,1.2901E-001,2.1945E-001,3.2121E-001,4.7421E-001,5.2545E-001,4.3815E-001,2.3844E-001,0.0000E+000,0.0000E+000,0.0000E+000,0.0000E+000,0.0000E+000,0.0000E+000,0.0000E+000,0.0000E+000,0.0000E+000,0.0000E+000,0.0000E+000,0.0000E+000,0.0000E+000,0.0000E+000,0.0000E+000,0.0000E+000,0.0000E+000,0.0000E+000,0.0000E+000,0.0000E+000,0.0000E+000,0.0000E+000,0.0000E+000,0.0000E+000,0.0000E+000,0.0000E+000,0.0000E+000,0.0000E+000,C:\Users\morishita\Music\bird\キビタキ\初認用\キビタキ自動録音\2009\tattayama20090616_0450_0455.WAV
キビタキ,,101.75,0.53,32.68,0.0000E+000,0.0000E+000,0.0000E+000,0.0000E+000,7.4439E-004,2.7717E-003,5.1561E-003,7.5314E-002,7.7441E-002,1.3763E-001,1.0000E+000,2.7611E-001,4.2812E-003,3.0817E-004,0.0000E+000,0.0000E+000,1.0000E+000,7.0882E-001,2.3331E-001,4.8977E-002,6.4196E-002,4.4776E-002,1.0138E-002,6.6998E-002,9.4978E-002,6.6099E-002,3.6384E-002,3.4804E-002,5.9434E-002,5.5928E-002,4.3486E-002,1.9091E-002,7.1384E-003,9.6006E-003,4.0607E-002,6.9152E-002,7.8644E-002,6.1948E-002,0.0000E+000,0.0000E+000,0.0000E+000,0.0000E+000,0.0000E+000,0.0000E+000,0.0000E+000,0.0000E+000,0.0000E+000,0.0000E+000,0.0000E+000,0.0000E+000,0.0000E+000,0.0000E+000,0.0000E+000,0.0000E+000,0.0000E+000,0.0000E+000,0.0000E+000,0.0000E+000,0.0000E+000,0.0000E+000,0.0000E+000,0.0000E+000,0.0000E+000,0.0000E+000,0.0000E+000,0.0000E+000,C:\Users\morishita\Music\bird\キビタキ\初認用\キビタキ自動録音\2009\tattayama20090616_0450_0455.WAV
キビタキ,,110.55,0.39,18.05,0.0000E+000,0.0000E+000,0.0000E+000,0.0000E+000,2.0142E-003,5.4420E-003,6.8964E-003,1.4405E-002,5.9737E-002,3.5140E-001,1.0000E+000,1.5806E-001,7.8920E-002,2.3278E-003,0.0000E+000,0.0000E+000,1.0000E+000,8.7596E-001,5.3311E-001,3.1430E-001,1.8996E-001,3.5462E-002,5.3118E-003,3.1502E-002,1.0866E-001,1.5963E-001,1.7451E-001,1.6034E-001,1.0273E-001,7.4185E-002,5.7198E-002,2.5129E-002,1.0046E-002,5.8640E-003,7.8119E-003,1.3941E-002,1.5464E-002,1.3242E-002,0.0000E+000,0.0000E+000,0.0000E+000,0.0000E+000,0.0000E+000,0.0000E+000,0.0000E+000,0.0000E+000,0.0000E+000,0.0000E+000,0.0000E+000,0.0000E+000,0.0000E+000,0.0000E+000,0.0000E+000,0.0000E+000,0.0000E+000,0.0000E+000,0.0000E+000,0.0000E+000,0.0000E+000,0.0000E+000,0.0000E+000,0.0000E+000,0.0000E+000,0.0000E+000,0.0000E+000,0.0000E+000,C:\Users\morishita\Music\bird\キビタキ\初認用\キビタキ自動録音\2009\tattayama20090616_0450_0455.WAV
キビタキ,,141.83,0.35,26.80,0.0000E+000,0.0000E+000,0.0000E+000,0.0000E+000,2.6626E-003,1.0593E-002,2.7358E-002,4.7163E-001,1.0000E+000,1.8737E-001,2.4217E-001,1.6477E-001,9.4961E-002,2.7505E-003,0.0000E+000,0.0000E+000,1.0000E+000,9.6171E-001,8.3349E-001,7.4357E-001,6.4870E-001,4.7873E-001,4.0364E-001,3.4619E-001,2.4223E-001,1.9572E-001,1.5963E-001,9.8401E-002,5.6727E-002,4.0197E-002,2.9322E-002,1.1932E-002,5.4184E-003,2.8782E-003,5.1204E-004,6.8610E-004,1.4909E-003,2.5146E-003,0.0000E+000,0.0000E+000,0.0000E+000,0.0000E+000,0.0000E+000,0.0000E+000,0.0000E+000,0.0000E+000,0.0000E+000,0.0000E+000,0.0000E+000,0.0000E+000,0.0000E+000,0.0000E+000,0.0000E+000,0.0000E+000,0.0000E+000,0.0000E+000,0.0000E+000,0.0000E+000,0.0000E+000,0.0000E+000,0.0000E+000,0.0000E+000,0.0000E+000,0.0000E+000,0.0000E+000,0.0000E+000,C:\Users\morishita\Music\bird\キビタキ\初認用\キビタキ自動録音\2009\tattayama20090616_0450_0455.WAV
キビタキ,,142.27,0.42,18.39,0.0000E+000,0.0000E+000,0.0000E+000,0.0000E+000,9.6304E-004,3.2101E-003,1.7533E-002,2.9318E-001,2.0042E-001,1.7987E-001,1.0000E+000,3.3350E-001,6.5073E-002,3.0971E-003,0.0000E+000,0.0000E+000,1.0000E+000,9.1365E-001,7.3232E-001,6.3734E-001,6.4109E-001,6.1435E-001,5.8385E-001,4.9846E-001,3.5399E-001,2.9491E-001,2.6689E-001,2.1327E-001,1.5840E-001,1.2913E-001,1.0358E-001,6.2356E-002,4.6691E-002,3.7546E-002,2.1882E-002,1.5363E-002,1.0945E-002,4.1536E-003,0.0000E+000,0.0000E+000,0.0000E+000,0.0000E+000,0.0000E+000,0.0000E+000,0.0000E+000,0.0000E+000,0.0000E+000,0.0000E+000,0.0000E+000,0.0000E+000,0.0000E+000,0.0000E+000,0.0000E+000,0.0000E+000,0.0000E+000,0.0000E+000,0.0000E+000,0.0000E+000,0.0000E+000,0.0000E+000,0.0000E+000,0.0000E+000,0.0000E+000,0.0000E+000,0.0000E+000,0.0000E+000,C:\Users\morishita\Music\bird\キビタキ\初認用\キビタキ自動録音\2009\tattayama20090616_0450_0455.WAV
キビタキ,,154.30,0.44,20.53,0.0000E+000,0.0000E+000,0.0000E+000,0.0000E+000,3.3661E-003,1.4335E-002,2.8367E-002,2.0505E-001,4.5998E-001,7.0306E-001,1.0000E+000,2.6148E-001,5.6715E-002,3.4626E-003,0.0000E+000,0.0000E+000,1.0000E+000,8.4488E-001,4.3759E-001,1.8542E-001,9.3901E-002,1.6202E-002,3.0023E-002,2.9566E-002,1.7763E-002,6.4166E-003,3.4250E-003,1.1076E-003,9.8651E-003,1.7948E-002,3.1824E-002,5.2728E-002,5.9757E-002,5.5031E-002,4.0518E-002,3.0732E-002,2.3435E-002,1.2943E-002,0.0000E+000,0.0000E+000,0.0000E+000,0.0000E+000,0.0000E+000,0.0000E+000,0.0000E+000,0.0000E+000,0.0000E+000,0.0000E+000,0.0000E+000,0.0000E+000,0.0000E+000,0.0000E+000,0.0000E+000,0.0000E+000,0.0000E+000,0.0000E+000,0.0000E+000,0.0000E+000,0.0000E+000,0.0000E+000,0.0000E+000,0.0000E+000,0.0000E+000,0.0000E+000,0.0000E+000,0.0000E+000,C:\Users\morishita\Music\bird\キビタキ\初認用\キビタキ自動録音\2009\tattayama20090616_0450_0455.WAV
キビタキ,,180.28,0.72,31.82,0.0000E+000,0.0000E+000,0.0000E+000,0.0000E+000,8.7149E-004,3.3295E-003,4.5539E-003,7.8217E-002,1.0977E-001,1.5875E-001,1.0000E+000,2.4437E-001,5.5206E-002,9.4109E-004,0.0000E+000,0.0000E+000,1.0000E+000,6.7605E-001,2.4129E-001,1.3050E-001,1.7943E-001,1.6154E-001,9.4728E-002,9.3961E-002,1.3581E-001,1.7844E-001,1.3517E-001,1.0005E-001,1.4138E-001,1.7456E-001,1.3703E-001,7.8382E-002,5.7270E-002,8.8106E-002,1.2856E-001,1.3818E-001,1.1180E-001,6.9409E-002,0.0000E+000,0.0000E+000,0.0000E+000,0.0000E+000,0.0000E+000,0.0000E+000,0.0000E+000,0.0000E+000,0.0000E+000,0.0000E+000,0.0000E+000,0.0000E+000,0.0000E+000,0.0000E+000,0.0000E+000,0.0000E+000,0.0000E+000,0.0000E+000,0.0000E+000,0.0000E+000,0.0000E+000,0.0000E+000,0.0000E+000,0.0000E+000,0.0000E+000,0.0000E+000,0.0000E+000,0.0000E+000,C:\Users\morishita\Music\bird\キビタキ\初認用\キビタキ自動録音\2009\tattayama20090616_0450_0455.WAV
キビタキ,,247.55,0.35,21.29,0.0000E+000,0.0000E+000,0.0000E+000,0.0000E+000,1.9225E-003,7.3601E-003,5.4051E-002,4.8363E-001,1.0000E+000,2.8812E-001,4.6992E-001,3.3016E-001,6.0856E-002,4.0373E-003,0.0000E+000,0.0000E+000,1.0000E+000,9.8811E-001,9.4394E-001,9.1166E-001,8.6618E-001,7.6820E-001,7.1571E-001,6.6029E-001,5.5000E-001,4.9512E-001,4.4391E-001,3.4703E-001,2.6187E-001,2.2237E-001,1.8929E-001,1.2981E-001,1.0340E-001,8.3576E-002,4.9822E-002,3.5894E-002,2.6868E-002,1.2815E-002,0.0000E+000,0.0000E+000,0.0000E+000,0.0000E+000,0.0000E+000,0.0000E+000,0.0000E+000,0.0000E+000,0.0000E+000,0.0000E+000,0.0000E+000,0.0000E+000,0.0000E+000,0.0000E+000,0.0000E+000,0.0000E+000,0.0000E+000,0.0000E+000,0.0000E+000,0.0000E+000,0.0000E+000,0.0000E+000,0.0000E+000,0.0000E+000,0.0000E+000,0.0000E+000,0.0000E+000,0.0000E+000,C:\Users\morishita\Music\bird\キビタキ\初認用\キビタキ自動録音\2009\tattayama20090616_0450_0455.WAV
キビタキ,,264.52,0.44,26.77,0.0000E+000,0.0000E+000,0.0000E+000,0.0000E+000,8.7149E-004,4.4868E-003,1.0625E-002,4.0781E-002,2.9889E-002,2.0101E-001,1.0000E+000,1.8844E-001,1.4513E-003,6.6599E-005,0.0000E+000,0.0000E+000,1.0000E+000,7.9226E-001,3.7529E-001,1.6606E-001,1.9773E-001,2.0526E-001,1.8112E-001,1.3919E-001,1.4890E-001,2.0054E-001,1.9098E-001,1.5185E-001,2.1100E-001,2.9974E-001,3.3202E-001,2.8523E-001,2.0617E-001,2.0975E-001,2.3176E-001,2.5018E-001,1.8689E-001,1.3008E-001,0.0000E+000,0.0000E+000,0.0000E+000,0.0000E+000,0.0000E+000,0.0000E+000,0.0000E+000,0.0000E+000,0.0000E+000,0.0000E+000,0.0000E+000,0.0000E+000,0.0000E+000,0.0000E+000,0.0000E+000,0.0000E+000,0.0000E+000,0.0000E+000,0.0000E+000,0.0000E+000,0.0000E+000,0.0000E+000,0.0000E+000,0.0000E+000,0.0000E+000,0.0000E+000,0.0000E+000,0.0000E+000,C:\Users\morishita\Music\bird\キビタキ\初認用\キビタキ自動録音\2009\tattayama20090616_0450_0455.WAV
キビタキ,,6.46,0.67,26.97,0.0000E+000,0.0000E+000,0.0000E+000,0.0000E+000,2.5178E-003,8.0809E-003,1.0232E-002,1.6039E-001,3.3556E-001,2.9786E-001,1.0000E+000,7.2829E-001,1.4165E-001,7.2392E-003,0.0000E+000,0.0000E+000,1.0000E+000,7.8084E-001,3.8063E-001,1.9958E-001,1.9421E-001,1.7062E-001,1.5241E-001,1.0001E-001,4.1099E-002,3.4587E-002,5.8230E-002,9.0792E-002,9.8684E-002,9.7658E-002,9.8447E-002,1.0149E-001,1.0374E-001,1.0647E-001,9.7272E-002,8.5342E-002,7.2763E-002,6.4434E-002,0.0000E+000,0.0000E+000,0.0000E+000,0.0000E+000,0.0000E+000,0.0000E+000,0.0000E+000,0.0000E+000,0.0000E+000,0.0000E+000,0.0000E+000,0.0000E+000,0.0000E+000,0.0000E+000,0.0000E+000,0.0000E+000,0.0000E+000,0.0000E+000,0.0000E+000,0.0000E+000,0.0000E+000,0.0000E+000,0.0000E+000,0.0000E+000,0.0000E+000,0.0000E+000,0.0000E+000,0.0000E+000,C:\Users\morishita\Music\bird\キビタキ\初認用\キビタキ自動録音\2009\tattayama20090616_0455_0500.WAV
キビタキ,,43.19,0.33,29.59,0.0000E+000,0.0000E+000,0.0000E+000,0.0000E+000,6.1261E-004,2.6001E-003,5.0524E-003,2.9228E-001,5.7342E-001,3.1405E-001,1.0000E+000,1.6843E-001,1.0044E-002,5.6838E-005,0.0000E+000,0.0000E+000,1.0000E+000,9.8612E-001,9.3384E-001,8.9544E-001,8.4076E-001,7.2485E-001,6.6362E-001,6.0380E-001,4.9014E-001,4.3630E-001,3.8995E-001,3.0450E-001,2.3273E-001,2.0006E-001,1.7312E-001,1.2454E-001,1.0290E-001,8.6269E-002,5.7694E-002,4.5745E-002,3.7956E-002,2.5880E-002,0.0000E+000,0.0000E+000,0.0000E+000,0.0000E+000,0.0000E+000,0.0000E+000,0.0000E+000,0.0000E+000,0.0000E+000,0.0000E+000,0.0000E+000,0.0000E+000,0.0000E+000,0.0000E+000,0.0000E+000,0.0000E+000,0.0000E+000,0.0000E+000,0.0000E+000,0.0000E+000,0.0000E+000,0.0000E+000,0.0000E+000,0.0000E+000,0.0000E+000,0.0000E+000,0.0000E+000,0.0000E+000,C:\Users\morishita\Music\bird\キビタキ\初認用\キビタキ自動録音\2009\tattayama20090616_0455_0500.WAV
キビタキ,,194.30,0.33,25.17,0.0000E+000,0.0000E+000,0.0000E+000,0.0000E+000,2.0932E-004,7.8649E-004,1.5207E-003,2.5029E-002,7.8396E-002,1.7556E-001,1.0000E+000,1.2562E-001,6.1425E-003,2.7437E-006,0.0000E+000,0.0000E+000,1.0000E+000,8.8725E-001,5.4220E-001,3.0990E-001,1.6470E-001,6.3066E-002,1.0663E-001,2.5785E-001,5.0969E-001,6.1030E-001,5.7581E-001,4.1347E-001,1.7132E-001,5.7020E-002,3.3450E-002,7.2876E-002,1.3587E-001,2.1620E-001,3.2054E-001,3.4456E-001,2.9231E-001,1.5856E-001,0.0000E+000,0.0000E+000,0.0000E+000,0.0000E+000,0.0000E+000,0.0000E+000,0.0000E+000,0.0000E+000,0.0000E+000,0.0000E+000,0.0000E+000,0.0000E+000,0.0000E+000,0.0000E+000,0.0000E+000,0.0000E+000,0.0000E+000,0.0000E+000,0.0000E+000,0.0000E+000,0.0000E+000,0.0000E+000,0.0000E+000,0.0000E+000,0.0000E+000,0.0000E+000,0.0000E+000,0.0000E+000,C:\Users\morishita\Music\bird\キビタキ\初認用\キビタキ自動録音\2009\tattayama20090616_0455_0500.WAV
キビタキ,,225.16,0.58,26.47,0.0000E+000,0.0000E+000,0.0000E+000,0.0000E+000,2.5199E-004,8.9372E-004,2.1699E-003,2.5330E-002,9.0872E-002,2.0640E-001,1.0000E+000,6.7317E-001,4.9493E-002,9.7072E-005,0.0000E+000,0.0000E+000,1.0000E+000,6.6379E-001,2.0600E-001,8.4421E-002,1.7770E-001,2.0126E-001,1.3155E-001,1.1390E-001,2.1074E-001,3.2522E-001,2.5733E-001,1.2350E-001,7.3562E-002,8.9570E-002,8.3206E-002,5.7297E-002,3.7753E-002,5.4660E-002,9.5957E-002,1.2035E-001,9.3442E-002,5.3151E-002,0.0000E+000,0.0000E+000,0.0000E+000,0.0000E+000,0.0000E+000,0.0000E+000,0.0000E+000,0.0000E+000,0.0000E+000,0.0000E+000,0.0000E+000,0.0000E+000,0.0000E+000,0.0000E+000,0.0000E+000,0.0000E+000,0.0000E+000,0.0000E+000,0.0000E+000,0.0000E+000,0.0000E+000,0.0000E+000,0.0000E+000,0.0000E+000,0.0000E+000,0.0000E+000,0.0000E+000,0.0000E+000,C:\Users\morishita\Music\bird\キビタキ\初認用\キビタキ自動録音\2009\tattayama20090616_0455_0500.WAV
キビタキ,,230.37,0.56,40.35,0.0000E+000,0.0000E+000,0.0000E+000,0.0000E+000,7.4479E-005,3.3846E-004,6.7152E-004,5.3522E-003,1.2577E-002,1.3418E-001,1.0000E+000,3.7927E-001,6.4957E-003,2.0799E-004,0.0000E+000,0.0000E+000,1.0000E+000,7.6903E-001,3.6234E-001,1.8662E-001,1.4189E-001,8.3737E-002,7.0307E-002,9.5934E-002,8.3549E-002,4.5536E-002,2.7496E-002,2.1236E-002,4.3099E-002,5.3181E-002,5.1735E-002,5.4861E-002,5.9434E-002,3.8768E-002,2.0441E-002,2.2779E-002,3.9250E-002,5.9367E-002,0.0000E+000,0.0000E+000,0.0000E+000,0.0000E+000,0.0000E+000,0.0000E+000,0.0000E+000,0.0000E+000,0.0000E+000,0.0000E+000,0.0000E+000,0.0000E+000,0.0000E+000,0.0000E+000,0.0000E+000,0.0000E+000,0.0000E+000,0.0000E+000,0.0000E+000,0.0000E+000,0.0000E+000,0.0000E+000,0.0000E+000,0.0000E+000,0.0000E+000,0.0000E+000,0.0000E+000,0.0000E+000,C:\Users\morishita\Music\bird\キビタキ\初認用\キビタキ自動録音\2009\tattayama20090616_0455_0500.WAV
キビタキ,,245.34,0.84,33.26,0.0000E+000,0.0000E+000,0.0000E+000,0.0000E+000,2.1257E-004,1.0357E-003,3.4178E-003,2.8012E-002,7.9545E-002,1.4880E-001,1.0000E+000,6.1583E-001,5.4445E-002,1.2983E-003,0.0000E+000,0.0000E+000,1.0000E+000,5.7257E-001,1.8094E-001,2.4133E-001,2.7377E-001,1.6568E-001,1.1223E-001,2.2715E-001,3.5336E-001,3.1441E-001,1.8308E-001,1.4558E-001,1.1035E-001,5.7749E-002,3.5082E-002,5.8347E-002,1.1803E-001,1.7396E-001,1.8854E-001,1.2864E-001,6.8782E-002,4.2666E-002,0.0000E+000,0.0000E+000,0.0000E+000,0.0000E+000,0.0000E+000,0.0000E+000,0.0000E+000,0.0000E+000,0.0000E+000,0.0000E+000,0.0000E+000,0.0000E+000,0.0000E+000,0.0000E+000,0.0000E+000,0.0000E+000,0.0000E+000,0.0000E+000,0.0000E+000,0.0000E+000,0.0000E+000,0.0000E+000,0.0000E+000,0.0000E+000,0.0000E+000,0.0000E+000,0.0000E+000,0.0000E+000,C:\Users\morishita\Music\bird\キビタキ\初認用\キビタキ自動録音\2009\tattayama20090616_0455_0500.WAV
キビタキ,,248.48,0.35,27.47,0.0000E+000,0.0000E+000,0.0000E+000,0.0000E+000,7.8972E-005,2.5753E-004,1.0023E-003,2.7446E-003,7.2595E-003,6.6720E-002,1.0000E+000,4.2468E-001,6.6651E-003,3.1025E-004,0.0000E+000,0.0000E+000,1.0000E+000,8.8284E-001,5.4291E-001,3.2013E-001,1.9617E-001,8.4705E-002,9.7202E-002,1.5232E-001,2.3547E-001,2.6351E-001,2.5932E-001,2.3398E-001,1.8294E-001,1.5305E-001,1.1944E-001,5.8412E-002,3.0990E-002,2.2433E-002,2.9355E-002,4.4835E-002,7.3300E-002,1.2441E-001,0.0000E+000,0.0000E+000,0.0000E+000,0.0000E+000,0.0000E+000,0.0000E+000,0.0000E+000,0.0000E+000,0.0000E+000,0.0000E+000,0.0000E+000,0.0000E+000,0.0000E+000,0.0000E+000,0.0000E+000,0.0000E+000,0.0000E+000,0.0000E+000,0.0000E+000,0.0000E+000,0.0000E+000,0.0000E+000,0.0000E+000,0.0000E+000,0.0000E+000,0.0000E+000,0.0000E+000,0.0000E+000,C:\Users\morishita\Music\bird\キビタキ\初認用\キビタキ自動録音\2009\tattayama20090616_0455_0500.WAV
キビタキ,,273.72,0.51,37.05,0.0000E+000,0.0000E+000,0.0000E+000,0.0000E+000,1.0721E-004,3.5817E-004,5.6846E-004,2.9243E-003,1.1718E-002,1.2734E-001,1.0000E+000,5.0254E-001,5.7242E-003,2.4675E-004,0.0000E+000,0.0000E+000,1.0000E+000,7.7021E-001,3.1516E-001,8.9892E-002,5.3167E-002,3.1064E-002,4.5686E-002,5.9451E-002,5.0583E-002,2.7950E-002,1.8935E-002,8.9988E-003,7.4163E-003,6.7545E-003,5.4494E-003,2.1880E-003,2.3177E-004,3.2488E-003,2.3030E-002,3.9795E-002,5.7798E-002,6.3144E-002,0.0000E+000,0.0000E+000,0.0000E+000,0.0000E+000,0.0000E+000,0.0000E+000,0.0000E+000,0.0000E+000,0.0000E+000,0.0000E+000,0.0000E+000,0.0000E+000,0.0000E+000,0.0000E+000,0.0000E+000,0.0000E+000,0.0000E+000,0.0000E+000,0.0000E+000,0.0000E+000,0.0000E+000,0.0000E+000,0.0000E+000,0.0000E+000,0.0000E+000,0.0000E+000,0.0000E+000,0.0000E+000,C:\Users\morishita\Music\bird\キビタキ\初認用\キビタキ自動録音\2009\tattayama20090616_0455_0500.WAV
キビタキ,,290.57,0.70,36.35,0.0000E+000,0.0000E+000,0.0000E+000,0.0000E+000,2.4943E-004,8.1744E-004,2.7780E-003,2.2753E-002,8.3068E-002,9.6157E-002,1.0000E+000,3.8222E-001,1.9975E-002,9.6170E-006,0.0000E+000,0.0000E+000,1.0000E+000,6.5723E-001,2.0399E-001,9.3515E-002,1.7027E-001,1.9194E-001,1.3686E-001,1.3383E-001,1.4953E-001,1.6825E-001,1.1631E-001,6.3407E-002,6.4450E-002,6.6462E-002,4.3426E-002,5.0064E-002,7.9738E-002,9.6890E-002,9.2294E-002,7.0546E-002,8.5674E-002,1.0763E-001,0.0000E+000,0.0000E+000,0.0000E+000,0.0000E+000,0.0000E+000,0.0000E+000,0.0000E+000,0.0000E+000,0.0000E+000,0.0000E+000,0.0000E+000,0.0000E+000,0.0000E+000,0.0000E+000,0.0000E+000,0.0000E+000,0.0000E+000,0.0000E+000,0.0000E+000,0.0000E+000,0.0000E+000,0.0000E+000,0.0000E+000,0.0000E+000,0.0000E+000,0.0000E+000,0.0000E+000,0.0000E+000,C:\Users\morishita\Music\bird\キビタキ\初認用\キビタキ自動録音\2009\tattayama20090616_0455_0500.WAV
