キビタキ,,103.75,2.39,18.12,0.0000E+000,0.0000E+000,0.0000E+000,0.0000E+000,0.0000E+000,0.0000E+000,0.0000E+000,0.0000E+000,0.0000E+000,0.0000E+000,0.0000E+000,0.0000E+000,0.0000E+000,0.0000E+000,0.0000E+000,0.0000E+000,0.0000E+000,0.0000E+000,0.0000E+000,0.0000E+000,0.0000E+000,0.0000E+000,0.0000E+000,0.0000E+000,0.0000E+000,0.0000E+000,0.0000E+000,0.0000E+000,0.0000E+000,0.0000E+000,0.0000E+000,0.0000E+000,0.0000E+000,0.0000E+000,0.0000E+000,0.0000E+000,0.0000E+000,0.0000E+000,0.0000E+000,0.0000E+000,0.0000E+000,0.0000E+000,0.0000E+000,0.0000E+000,0.0000E+000,0.0000E+000,0.0000E+000,0.0000E+000,0.0000E+000,0.0000E+000,0.0000E+000,0.0000E+000,0.0000E+000,0.0000E+000,0.0000E+000,0.0000E+000,0.0000E+000,0.0000E+000,0.0000E+000,0.0000E+000,0.0000E+000,0.0000E+000,0.0000E+000,0.0000E+000,2.7483E-003,1.4141E-003,2.9827E-003,2.1709E-003,1.6987E-003,1.9004E-003,2.1649E-003,1.4726E-003,1.4044E-003,2.1827E-003,4.3339E-003,3.7378E-003,1.8420E-003,3.2396E-003,1.4490E-002,2.0447E-003,9.3016E-003,8.9878E-003,1.1923E-002,8.1348E-003,7.8022E-003,4.9772E-003,7.5108E-003,7.7818E-003,5.9237E-003,7.3985E-003,9.6735E-003,9.6680E-003,8.6431E-003,1.5494E-002,2.8635E-002,1.0478E-002,1.0856E-002,1.4754E-002,7.3619E-003,8.4264E-003,5.5532E-003,7.3683E-003,2.1328E-002,9.5143E-003,2.0722E-002,1.6839E-002,5.3619E-003,4.9517E-002,1.3246E-002,2.0023E-002,2.4336E-002,8.4907E-003,8.0762E-002,2.4581E-001,2.1546E-002,2.1789E-001,2.8896E-002,2.4368E-002,1.9276E-001,3.4553E-002,2.4587E-001,2.7789E-001,6.3771E-002,1.9418E-001,7.7995E-002,6.0514E-002,7.1554E-002,7.4207E-003,8.3380E-002,5.5033E-002,1.7370E-002,3.2864E-001,4.4006E-002,1.6696E-002,1.7687E-001,2.7137E-002,1.5039E-002,3.7325E-001,5.7699E-001,1.9359E-002,5.2826E-002,4.7890E-002,5.7022E-003,4.0381E-003,3.5076E-003,3.3330E-003,6.1752E-003,5.4388E-003,4.7160E-003,3.7429E-003,1.0073E-002,4.8940E-003,1.9933E-003,9.5983E-003,1.0843E-001,6.1361E-003,4.2132E-003,7.9877E-003,3.4893E-003,3.0832E-003,3.1734E-003,3.0253E-003,3.3754E-003,4.1478E-003,3.4638E-003,2.3623E-003,3.0298E-003,2.5441E-003,1.5322E-003,2.9700E-003,3.3452E-003,3.8911E-003,2.6326E-003,2.9826E-003,2.3646E-003,2.3276E-003,2.4649E-003,2.1434E-003,2.4480E-003,2.4943E-003,2.1829E-003,2.8664E-003,2.4041E-003,2.4983E-003,1.6191E-003,3.1419E-003,1.9118E-003,2.8917E-003,2.0648E-003,2.4765E-003,2.0848E-003,2.3969E-003,1.8424E-003,1.6069E-003,1.8377E-003,2.0407E-003,1.5962E-003,2.3532E-003,1.8141E-003,2.1110E-003,2.2085E-003,2.3395E-003,1.4831E-003,2.2598E-003,1.9862E-003,2.3387E-003,1.9702E-003,1.7255E-003,1.7246E-004,3.7878E-004,3.5030E-004,2.5281E-004,2.8947E-004,2.4532E-004,2.3503E-004,1.8592E-004,4.3077E-004,4.4351E-004,1.6177E-004,2.9288E-004,2.9962E-004,3.8909E-004,2.7630E-004,2.8382E-004,0.0000E+000,0.0000E+000,0.0000E+000,0.0000E+000,0.0000E+000,0.0000E+000,0.0000E+000,0.0000E+000,0.0000E+000,0.0000E+000,0.0000E+000,0.0000E+000,0.0000E+000,0.0000E+000,0.0000E+000,0.0000E+000,0.0000E+000,0.0000E+000,0.0000E+000,0.0000E+000,0.0000E+000,0.0000E+000,0.0000E+000,0.0000E+000,0.0000E+000,0.0000E+000,0.0000E+000,0.0000E+000,0.0000E+000,0.0000E+000,0.0000E+000,0.0000E+000,D:\Dropbox\study_share\bird\code\birdsong_project\sample_data\特徴ベクトルデータ生成用サンプル\音源ファイル\tattayama20090616_0445_0450.WAV
キビタキ,,110.94,1.28,20.18,0.0000E+000,0.0000E+000,0.0000E+000,0.0000E+000,0.0000E+000,0.0000E+000,0.0000E+000,0.0000E+000,0.0000E+000,0.0000E+000,0.0000E+000,0.0000E+000,0.0000E+000,0.0000E+000,0.0000E+000,0.0000E+000,0.0000E+000,0.0000E+000,0.0000E+000,0.0000E+000,0.0000E+000,0.0000E+000,0.0000E+000,0.0000E+000,0.0000E+000,0.0000E+000,0.0000E+000,0.0000E+000,0.0000E+000,0.0000E+000,0.0000E+000,0.0000E+000,0.0000E+000,0.0000E+000,0.0000E+000,0.0000E+000,0.0000E+000,0.0000E+000,0.0000E+000,0.0000E+000,0.0000E+000,0.0000E+000,0.0000E+000,0.0000E+000,0.0000E+000,0.0000E+000,0.0000E+000,0.0000E+000,0.0000E+000,0.0000E+000,0.0000E+000,0.0000E+000,0.0000E+000,0.0000E+000,0.0000E+000,0.0000E+000,0.0000E+000,0.0000E+000,0.0000E+000,0.0000E+000,0.0000E+000,0.0000E+000,0.0000E+000,0.0000E+000,1.1619E-002,5.1947E-003,3.4667E-002,1.0744E-002,5.0903E-003,4.8122E-003,5.6939E-003,2.1692E-003,6.5737E-003,6.1512E-003,2.4289E-003,3.3776E-003,3.7509E-003,1.9271E-003,1.3648E-003,2.6008E-003,2.8763E-002,3.1303E-002,4.2899E-002,2.1571E-002,1.6591E-002,1.1067E-002,2.5755E-002,6.6319E-003,1.7649E-002,2.4107E-002,8.0618E-003,1.1264E-002,1.2016E-002,9.7900E-003,8.7360E-003,8.7616E-003,1.7759E-002,1.2187E-002,2.8338E-002,1.0688E-002,1.6391E-002,9.6512E-003,2.2615E-002,1.1062E-002,8.2662E-003,1.6282E-002,9.5325E-003,1.3277E-002,1.9576E-002,1.6088E-002,2.0226E-002,8.8222E-003,1.1526E-001,5.0498E-002,4.2796E-001,1.1672E-001,2.2742E-002,1.1437E-002,9.8496E-002,4.6365E-001,8.9130E-002,3.1001E-002,1.4561E-002,3.8824E-002,1.3482E-001,3.0576E-002,1.2635E-002,1.0218E-002,1.3267E-001,4.0800E-002,7.0460E-002,2.7692E-002,1.0112E-002,1.0827E-002,9.7055E-002,6.8165E-001,1.1866E-001,3.8811E-002,1.2264E-002,2.6726E-002,2.8879E-002,1.0631E-002,5.8838E-003,7.8139E-003,8.8652E-003,4.9166E-003,9.1013E-003,5.9111E-003,1.0917E-002,6.9197E-003,7.0027E-003,5.2880E-003,5.3084E-003,5.4585E-003,2.9837E-003,7.7037E-003,5.7031E-003,7.2797E-003,4.7071E-003,5.2433E-003,1.4912E-002,9.6129E-003,1.5373E-002,6.6606E-003,1.2561E-002,8.6352E-003,5.5873E-003,4.4395E-003,5.1676E-003,8.0405E-003,4.1290E-003,8.8491E-003,4.6630E-003,6.1646E-003,5.7664E-003,6.3848E-003,5.9330E-003,6.8269E-003,4.8748E-003,3.4324E-003,9.7308E-003,4.9134E-003,6.2613E-003,4.3236E-003,3.9193E-003,8.8417E-003,4.1942E-003,7.2201E-003,5.3399E-003,5.6983E-003,4.6181E-003,3.0432E-003,4.8054E-003,3.6744E-003,6.2348E-003,3.8196E-003,5.4548E-003,4.0771E-003,5.1125E-003,5.1719E-003,3.3389E-003,6.2929E-003,2.7565E-003,5.2878E-003,4.4037E-003,3.3774E-003,3.7034E-003,2.8883E-003,6.9043E-004,3.6237E-004,9.3884E-004,4.2145E-004,7.9017E-004,4.3682E-004,7.4701E-004,6.2082E-004,3.3915E-004,6.8119E-004,5.8282E-004,5.3301E-004,1.0270E-003,4.9500E-004,3.6769E-004,2.9747E-004,0.0000E+000,0.0000E+000,0.0000E+000,0.0000E+000,0.0000E+000,0.0000E+000,0.0000E+000,0.0000E+000,0.0000E+000,0.0000E+000,0.0000E+000,0.0000E+000,0.0000E+000,0.0000E+000,0.0000E+000,0.0000E+000,0.0000E+000,0.0000E+000,0.0000E+000,0.0000E+000,0.0000E+000,0.0000E+000,0.0000E+000,0.0000E+000,0.0000E+000,0.0000E+000,0.0000E+000,0.0000E+000,0.0000E+000,0.0000E+000,0.0000E+000,0.0000E+000,D:\Dropbox\study_share\bird\code\birdsong_project\sample_data\特徴ベクトルデータ生成用サンプル\音源ファイル\tattayama20090616_0445_0450.WAV
キビタキ,,131.94,2.11,28.00,0.0000E+000,0.0000E+000,0.0000E+000,0.0000E+000,0.0000E+000,0.0000E+000,0.0000E+000,0.0000E+000,0.0000E+000,0.0000E+000,0.0000E+000,0.0000E+000,0.0000E+000,0.0000E+000,0.0000E+000,0.0000E+000,0.0000E+000,0.0000E+000,0.0000E+000,0.0000E+000,0.0000E+000,0.0000E+000,0.0000E+000,0.0000E+000,0.0000E+000,0.0000E+000,0.0000E+000,0.0000E+000,0.0000E+000,0.0000E+000,0.0000E+000,0.0000E+000,0.0000E+000,0.0000E+000,0.0000E+000,0.0000E+000,0.0000E+000,0.0000E+000,0.0000E+000,0.0000E+000,0.0000E+000,0.0000E+000,0.0000E+000,0.0000E+000,0.0000E+000,0.0000E+000,0.0000E+000,0.0000E+000,0.0000E+000,0.0000E+000,0.0000E+000,0.0000E+000,0.0000E+000,0.0000E+000,0.0000E+000,0.0000E+000,0.0000E+000,0.0000E+000,0.0000E+000,0.0000E+000,0.0000E+000,0.0000E+000,0.0000E+000,0.0000E+000,1.9053E-003,1.5493E-003,1.8589E-003,1.4947E-003,2.5113E-003,1.9681E-003,1.9927E-003,1.9549E-003,1.7570E-003,1.7959E-003,1.5067E-003,1.6440E-003,2.5901E-003,1.2316E-003,1.6033E-003,7.4326E-004,5.6490E-003,6.0935E-003,7.7267E-003,5.7020E-003,6.0309E-003,4.6399E-003,3.5498E-003,6.0178E-003,5.4242E-003,5.0152E-003,4.6960E-003,5.3036E-003,8.7736E-003,4.0698E-003,4.8226E-003,6.1417E-003,9.1200E-003,6.6725E-003,8.8532E-003,4.1910E-002,8.2626E-003,7.2277E-003,6.9321E-003,1.0505E-002,2.3625E-002,7.8093E-003,1.0444E-002,1.0137E-002,1.2916E-002,1.8688E-002,1.0563E-002,4.5302E-003,3.4426E-001,1.2731E-001,2.4206E-002,1.7214E-001,6.4787E-002,3.4800E-001,1.5319E-001,4.1500E-002,3.2238E-001,1.4708E-001,1.2832E-001,2.9227E-001,4.9245E-002,1.5879E-001,2.4501E-002,7.1791E-003,1.9639E-001,1.9265E-002,1.2164E-002,1.5575E-002,1.6380E-002,1.7841E-001,7.3249E-002,2.3976E-002,4.4816E-002,2.3229E-001,1.4380E-001,1.3311E-001,1.9642E-001,4.3891E-001,1.5930E-002,4.9190E-003,2.3341E-003,2.3260E-003,4.0109E-003,2.1436E-003,1.8590E-003,4.5542E-003,1.8102E-003,5.6265E-003,1.0606E-002,1.2461E-002,2.0024E-002,6.4521E-003,7.6665E-002,1.1948E-001,6.5188E-003,2.9623E-003,2.2312E-003,2.5878E-003,2.6358E-003,2.3337E-003,2.7057E-003,3.5092E-003,2.0327E-003,3.3518E-003,4.2597E-003,3.3507E-003,3.3672E-003,3.0179E-003,2.8267E-003,1.4825E-003,2.6269E-003,2.1994E-003,2.7210E-003,2.3607E-003,2.7946E-003,2.1901E-003,2.5745E-003,2.9810E-003,2.1776E-003,2.2092E-003,3.1235E-003,1.9466E-003,1.9716E-003,2.3290E-003,2.8321E-003,2.0454E-003,2.5001E-003,1.6070E-003,1.7722E-003,1.9410E-003,2.0692E-003,1.6263E-003,1.8036E-003,2.0121E-003,1.7549E-003,2.2359E-003,1.9104E-003,1.5577E-003,1.9324E-003,1.7655E-003,1.6896E-003,1.7058E-003,1.5536E-003,1.4901E-003,2.0925E-004,3.5475E-004,1.8993E-004,2.6494E-004,2.1311E-004,2.4010E-004,2.0245E-004,3.2003E-004,3.5578E-004,2.3136E-004,3.4357E-004,2.2477E-004,1.7401E-004,2.8733E-004,1.3950E-004,3.1796E-004,0.0000E+000,0.0000E+000,0.0000E+000,0.0000E+000,0.0000E+000,0.0000E+000,0.0000E+000,0.0000E+000,0.0000E+000,0.0000E+000,0.0000E+000,0.0000E+000,0.0000E+000,0.0000E+000,0.0000E+000,0.0000E+000,0.0000E+000,0.0000E+000,0.0000E+000,0.0000E+000,0.0000E+000,0.0000E+000,0.0000E+000,0.0000E+000,0.0000E+000,0.0000E+000,0.0000E+000,0.0000E+000,0.0000E+000,0.0000E+000,0.0000E+000,0.0000E+000,D:\Dropbox\study_share\bird\code\birdsong_project\sample_data\特徴ベクトルデータ生成用サンプル\音源ファイル\tattayama20090616_0445_0450.WAV
キビタキ,,151.37,0.63,11.54,0.0000E+000,0.0000E+000,0.0000E+000,0.0000E+000,0.0000E+000,0.0000E+000,0.0000E+000,0.0000E+000,0.0000E+000,0.0000E+000,0.0000E+000,0.0000E+000,0.0000E+000,0.0000E+000,0.0000E+000,0.0000E+000,0.0000E+000,0.0000E+000,0.0000E+000,0.0000E+000,0.0000E+000,0.0000E+000,0.0000E+000,0.0000E+000,0.0000E+000,0.0000E+000,0.0000E+000,0.0000E+000,0.0000E+000,0.0000E+000,0.0000E+000,0.0000E+000,0.0000E+000,0.0000E+000,0.0000E+000,0.0000E+000,0.0000E+000,0.0000E+000,0.0000E+000,0.0000E+000,0.0000E+000,0.0000E+000,0.0000E+000,0.0000E+000,0.0000E+000,0.0000E+000,0.0000E+000,0.0000E+000,0.0000E+000,0.0000E+000,0.0000E+000,0.0000E+000,0.0000E+000,0.0000E+000,0.0000E+000,0.0000E+000,0.0000E+000,0.0000E+000,0.0000E+000,0.0000E+000,0.0000E+000,0.0000E+000,0.0000E+000,0.0000E+000,4.8688E-003,3.5847E-003,4.8534E-003,1.4736E-003,4.1540E-003,5.1483E-003,8.9934E-004,2.5107E-003,4.9287E-003,1.1528E-003,3.4394E-003,4.3845E-003,3.7828E-003,1.9963E-003,2.5398E-003,1.6166E-003,1.5879E-002,1.1932E-002,1.3760E-002,9.2282E-003,1.8403E-002,1.5739E-002,8.9609E-003,7.1213E-003,1.4178E-002,3.1673E-003,1.1055E-002,2.0413E-002,1.3646E-002,1.2537E-002,8.7969E-003,8.0572E-003,1.2798E-002,8.4491E-003,1.3571E-002,5.2360E-003,2.4813E-002,7.9104E-003,5.7439E-003,9.9592E-003,1.0732E-002,8.0608E-003,5.8379E-002,5.1157E-002,1.7244E-002,1.1085E-002,1.6507E-002,1.1273E-002,3.7011E-002,1.6829E-002,1.3212E-002,2.6130E-003,1.7517E-002,9.1167E-003,8.3037E-003,2.3876E-001,1.0831E-001,1.0525E-002,7.2449E-002,3.2566E-002,2.2967E-002,1.4584E-002,1.5434E-001,1.7908E-002,1.0397E-001,2.4840E-001,3.2776E-002,1.6192E-002,4.1723E-002,1.9460E-002,2.3650E-002,3.0291E-001,1.1460E-001,2.0456E-002,2.9181E-002,1.3612E-002,9.4467E-002,2.5570E-002,1.3641E-001,1.8913E-002,9.1011E-002,4.0911E-001,1.5155E-001,9.6166E-002,1.7676E-001,3.3927E-001,3.1709E-002,1.6915E-001,4.2479E-002,1.6059E-002,2.9110E-002,1.1749E-002,1.8541E-002,6.3995E-003,1.5253E-002,4.9370E-003,5.2268E-003,8.5651E-003,2.4939E-001,7.6168E-002,1.2856E-001,3.7458E-001,6.8589E-002,2.1968E-001,5.8576E-002,1.9529E-002,3.3305E-002,9.8066E-003,1.4153E-002,4.3556E-003,9.5453E-003,4.4926E-003,5.2423E-003,9.2708E-003,2.8769E-002,7.4437E-003,1.8539E-002,2.9509E-002,1.6373E-002,2.7420E-002,1.3115E-002,9.5969E-003,1.0406E-002,1.5046E-002,9.1696E-003,2.4712E-003,7.5722E-003,3.4639E-003,7.5589E-003,5.0261E-003,3.0479E-003,1.5096E-003,3.1803E-003,3.9785E-003,2.1636E-003,3.8752E-003,2.9042E-003,2.4911E-003,9.1973E-003,7.6755E-003,4.8125E-003,1.4218E-003,6.4623E-003,1.0138E-003,8.7823E-004,5.0376E-004,5.0697E-004,3.7760E-004,4.9032E-004,4.6088E-004,3.2234E-004,4.1760E-004,5.3845E-004,1.9772E-004,3.2225E-003,1.0202E-003,7.8726E-004,1.8403E-004,1.2544E-003,2.6493E-004,0.0000E+000,0.0000E+000,0.0000E+000,0.0000E+000,0.0000E+000,0.0000E+000,0.0000E+000,0.0000E+000,0.0000E+000,0.0000E+000,0.0000E+000,0.0000E+000,0.0000E+000,0.0000E+000,0.0000E+000,0.0000E+000,0.0000E+000,0.0000E+000,0.0000E+000,0.0000E+000,0.0000E+000,0.0000E+000,0.0000E+000,0.0000E+000,0.0000E+000,0.0000E+000,0.0000E+000,0.0000E+000,0.0000E+000,0.0000E+000,0.0000E+000,0.0000E+000,D:\Dropbox\study_share\bird\code\birdsong_project\sample_data\特徴ベクトルデータ生成用サンプル\音源ファイル\tattayama20090616_0445_0450.WAV
キビタキ,,158.92,2.23,20.47,0.0000E+000,0.0000E+000,0.0000E+000,0.0000E+000,0.0000E+000,0.0000E+000,0.0000E+000,0.0000E+000,0.0000E+000,0.0000E+000,0.0000E+000,0.0000E+000,0.0000E+000,0.0000E+000,0.0000E+000,0.0000E+000,0.0000E+000,0.0000E+000,0.0000E+000,0.0000E+000,0.0000E+000,0.0000E+000,0.0000E+000,0.0000E+000,0.0000E+000,0.0000E+000,0.0000E+000,0.0000E+000,0.0000E+000,0.0000E+000,0.0000E+000,0.0000E+000,0.0000E+000,0.0000E+000,0.0000E+000,0.0000E+000,0.0000E+000,0.0000E+000,0.0000E+000,0.0000E+000,0.0000E+000,0.0000E+000,0.0000E+000,0.0000E+000,0.0000E+000,0.0000E+000,0.0000E+000,0.0000E+000,0.0000E+000,0.0000E+000,0.0000E+000,0.0000E+000,0.0000E+000,0.0000E+000,0.0000E+000,0.0000E+000,0.0000E+000,0.0000E+000,0.0000E+000,0.0000E+000,0.0000E+000,0.0000E+000,0.0000E+000,0.0000E+000,4.2594E-003,5.2632E-003,1.7725E-003,3.2830E-003,2.0934E-003,2.9544E-003,3.4171E-003,4.1072E-003,2.1942E-003,2.2723E-003,2.3580E-003,3.2532E-003,2.9632E-003,2.3780E-003,3.7183E-003,1.2536E-003,1.1276E-002,1.4518E-002,8.7321E-003,1.2135E-002,7.0205E-003,1.1934E-002,9.0458E-003,1.3681E-002,1.1454E-002,9.9271E-003,1.0024E-002,1.0137E-002,1.2103E-002,1.0623E-002,9.9851E-003,1.1433E-002,1.0156E-002,8.6543E-003,8.1782E-003,1.1300E-002,6.3924E-002,2.2717E-002,1.1172E-002,2.7286E-002,4.5994E-002,2.9006E-002,1.2811E-002,7.8584E-003,1.3317E-002,1.0430E-002,9.3105E-003,1.7778E-002,1.0040E-001,7.0721E-002,1.1838E-002,6.2362E-002,9.0243E-002,1.5742E-002,2.1142E-001,2.0646E-001,3.3404E-001,1.9679E-001,2.5422E-001,2.4321E-002,1.8241E-002,1.2578E-001,2.3293E-002,1.0867E-002,3.8659E-001,1.1636E-001,1.1791E-002,6.8494E-002,4.5487E-002,1.0387E-002,3.2424E-001,1.1771E-001,2.7965E-001,3.7376E-001,2.2076E-001,1.6426E-002,2.1101E-002,1.2659E-001,1.9242E-002,6.6282E-003,8.7421E-002,1.6102E-002,5.5488E-003,6.7970E-003,7.1633E-003,8.1163E-003,3.7401E-002,5.9966E-003,3.2777E-002,2.3393E-001,2.0454E-002,8.1506E-003,1.1312E-002,1.5960E-002,6.4233E-003,4.4170E-003,6.7525E-003,4.8879E-003,4.5936E-003,3.6485E-003,7.4251E-003,7.0381E-003,9.6605E-003,6.6709E-003,8.1378E-003,1.6348E-002,6.8879E-003,1.0858E-002,1.0567E-002,7.0868E-003,5.4338E-003,4.4350E-003,4.8560E-003,4.7668E-003,4.7527E-003,6.8714E-003,6.4248E-003,1.0035E-002,9.2717E-003,5.1874E-003,5.8598E-003,6.6284E-003,5.9889E-003,6.5712E-003,6.6403E-003,5.3904E-003,4.4451E-003,4.8198E-003,3.5264E-003,2.9792E-003,4.4503E-003,5.5979E-003,4.7503E-003,4.5813E-003,4.2598E-003,4.4677E-003,3.8144E-003,3.6405E-003,4.7178E-003,3.9349E-003,4.1528E-003,2.9309E-003,3.9443E-003,2.8667E-003,6.5919E-004,6.5838E-004,7.1299E-004,6.2843E-004,8.7750E-004,3.5923E-004,6.1769E-004,5.5973E-004,7.2118E-004,4.9293E-004,8.9898E-004,4.9613E-004,7.7849E-004,4.0282E-004,6.6592E-004,4.5696E-004,0.0000E+000,0.0000E+000,0.0000E+000,0.0000E+000,0.0000E+000,0.0000E+000,0.0000E+000,0.0000E+000,0.0000E+000,0.0000E+000,0.0000E+000,0.0000E+000,0.0000E+000,0.0000E+000,0.0000E+000,0.0000E+000,0.0000E+000,0.0000E+000,0.0000E+000,0.0000E+000,0.0000E+000,0.0000E+000,0.0000E+000,0.0000E+000,0.0000E+000,0.0000E+000,0.0000E+000,0.0000E+000,0.0000E+000,0.0000E+000,0.0000E+000,0.0000E+000,D:\Dropbox\study_share\bird\code\birdsong_project\sample_data\特徴ベクトルデータ生成用サンプル\音源ファイル\tattayama20090616_0445_0450.WAV
キビタキ,,168.93,0.77,27.82,0.0000E+000,0.0000E+000,0.0000E+000,0.0000E+000,0.0000E+000,0.0000E+000,0.0000E+000,0.0000E+000,0.0000E+000,0.0000E+000,0.0000E+000,0.0000E+000,0.0000E+000,0.0000E+000,0.0000E+000,0.0000E+000,0.0000E+000,0.0000E+000,0.0000E+000,0.0000E+000,0.0000E+000,0.0000E+000,0.0000E+000,0.0000E+000,0.0000E+000,0.0000E+000,0.0000E+000,0.0000E+000,0.0000E+000,0.0000E+000,0.0000E+000,0.0000E+000,0.0000E+000,0.0000E+000,0.0000E+000,0.0000E+000,0.0000E+000,0.0000E+000,0.0000E+000,0.0000E+000,0.0000E+000,0.0000E+000,0.0000E+000,0.0000E+000,0.0000E+000,0.0000E+000,0.0000E+000,0.0000E+000,0.0000E+000,0.0000E+000,0.0000E+000,0.0000E+000,0.0000E+000,0.0000E+000,0.0000E+000,0.0000E+000,0.0000E+000,0.0000E+000,0.0000E+000,0.0000E+000,0.0000E+000,0.0000E+000,0.0000E+000,0.0000E+000,2.9735E-003,1.1672E-003,1.3416E-003,2.1542E-003,3.9443E-004,4.4834E-004,1.2187E-003,1.5563E-003,3.8632E-004,5.5308E-004,6.0376E-004,2.2538E-004,9.6200E-004,4.2496E-004,8.0593E-004,7.9925E-004,7.8291E-003,5.5497E-003,3.6219E-003,4.6716E-003,2.1407E-003,2.7820E-003,2.3847E-003,3.7464E-003,9.5124E-004,1.5115E-003,1.4464E-003,1.6552E-003,2.4304E-003,1.7489E-003,3.6048E-003,1.6945E-003,7.4284E-003,2.3263E-003,1.7521E-003,4.5626E-003,2.7738E-003,3.8318E-003,2.8929E-003,1.8621E-003,1.6874E-003,1.9325E-003,2.0130E-003,1.4461E-003,2.4849E-003,1.3012E-003,1.8947E-003,1.3606E-003,5.6365E-003,1.6490E-003,2.4426E-003,3.3110E-003,1.6138E-002,5.3263E-003,5.6798E-003,3.0975E-003,3.9527E-003,3.4815E-003,1.9157E-003,1.1156E-003,2.0039E-003,1.8953E-003,1.5222E-003,7.8073E-004,2.7570E-003,1.0581E-003,1.7562E-003,1.2894E-003,6.0340E-003,2.8363E-003,2.3671E-003,5.2637E-003,2.8468E-003,5.1850E-003,2.8979E-003,1.5854E-003,1.4555E-003,1.7809E-003,2.1089E-003,8.6753E-004,8.8025E-004,3.0136E-004,5.5540E-004,1.4353E-003,4.3230E-002,1.2016E-001,5.6901E-002,5.5579E-002,8.0276E-002,3.8737E-002,3.0107E-002,1.2527E-002,5.1714E-003,2.8146E-003,2.1444E-003,7.7289E-004,2.3052E-001,2.3869E-001,3.5921E-001,5.4739E-001,2.0217E-001,1.6685E-001,6.3804E-002,2.2610E-001,1.4348E-001,5.0078E-002,4.1225E-002,1.3662E-002,6.1467E-003,1.6704E-003,2.1714E-003,8.5483E-004,1.9908E-001,1.7563E-001,2.3687E-001,3.8260E-001,7.7640E-002,2.2869E-002,5.0363E-003,7.2155E-003,2.2467E-003,1.5053E-003,8.8426E-004,1.3202E-003,1.0602E-003,9.9864E-004,1.1767E-003,3.5549E-004,6.5471E-003,3.3797E-003,1.1305E-003,3.5971E-004,2.3510E-004,7.1542E-004,4.9318E-004,1.3150E-004,4.5519E-004,3.6582E-004,8.9029E-004,9.3819E-004,7.5570E-004,8.1327E-004,1.1630E-003,3.0733E-004,4.5624E-004,2.7931E-004,1.6611E-004,2.3401E-005,1.1072E-004,4.5479E-005,8.9395E-005,4.2981E-005,6.8168E-005,6.5628E-005,1.9024E-004,7.8408E-005,8.7792E-005,1.2127E-004,2.0356E-004,7.2343E-005,0.0000E+000,0.0000E+000,0.0000E+000,0.0000E+000,0.0000E+000,0.0000E+000,0.0000E+000,0.0000E+000,0.0000E+000,0.0000E+000,0.0000E+000,0.0000E+000,0.0000E+000,0.0000E+000,0.0000E+000,0.0000E+000,0.0000E+000,0.0000E+000,0.0000E+000,0.0000E+000,0.0000E+000,0.0000E+000,0.0000E+000,0.0000E+000,0.0000E+000,0.0000E+000,0.0000E+000,0.0000E+000,0.0000E+000,0.0000E+000,0.0000E+000,0.0000E+000,D:\Dropbox\study_share\bird\code\birdsong_project\sample_data\特徴ベクトルデータ生成用サンプル\音源ファイル\tattayama20090616_0445_0450.WAV
キビタキ,,172.83,0.53,20.28,0.0000E+000,0.0000E+000,0.0000E+000,0.0000E+000,0.0000E+000,0.0000E+000,0.0000E+000,0.0000E+000,0.0000E+000,0.0000E+000,0.0000E+000,0.0000E+000,0.0000E+000,0.0000E+000,0.0000E+000,0.0000E+000,0.0000E+000,0.0000E+000,0.0000E+000,0.0000E+000,0.0000E+000,0.0000E+000,0.0000E+000,0.0000E+000,0.0000E+000,0.0000E+000,0.0000E+000,0.0000E+000,0.0000E+000,0.0000E+000,0.0000E+000,0.0000E+000,0.0000E+000,0.0000E+000,0.0000E+000,0.0000E+000,0.0000E+000,0.0000E+000,0.0000E+000,0.0000E+000,0.0000E+000,0.0000E+000,0.0000E+000,0.0000E+000,0.0000E+000,0.0000E+000,0.0000E+000,0.0000E+000,0.0000E+000,0.0000E+000,0.0000E+000,0.0000E+000,0.0000E+000,0.0000E+000,0.0000E+000,0.0000E+000,0.0000E+000,0.0000E+000,0.0000E+000,0.0000E+000,0.0000E+000,0.0000E+000,0.0000E+000,0.0000E+000,4.3585E-003,8.1546E-004,1.0862E-002,1.6371E-002,1.3090E-002,7.6025E-004,3.9693E-003,3.4204E-003,2.6467E-002,1.8366E-002,3.1895E-003,9.0181E-003,4.5844E-003,4.8049E-003,1.0709E-003,1.7711E-003,1.8515E-002,6.5895E-003,2.0538E-002,2.1986E-002,6.1037E-002,4.6838E-003,3.0966E-002,2.3186E-002,5.6060E-002,2.8454E-002,1.4490E-002,3.4323E-002,2.0327E-002,1.2621E-002,7.1931E-003,1.0247E-002,1.6199E-002,5.7468E-003,1.1600E-002,4.7080E-003,1.9131E-002,1.4543E-002,2.3422E-002,8.5648E-003,6.2921E-003,1.2804E-002,9.1272E-003,1.8584E-002,5.6732E-003,1.3446E-002,4.8030E-003,8.5297E-003,1.4708E-002,5.5775E-003,1.3176E-002,3.8182E-003,1.7116E-002,8.3876E-003,2.0442E-002,7.9417E-003,6.0548E-003,1.5572E-002,6.1774E-003,1.5719E-002,8.6688E-003,1.7209E-002,5.8494E-003,3.9279E-003,3.6597E-002,3.3361E-002,3.6090E-002,1.8453E-002,3.3035E-002,9.6852E-003,2.3094E-002,1.5263E-002,1.5329E-002,1.8461E-002,6.2432E-003,1.1669E-002,6.1353E-003,9.4953E-003,4.4958E-003,5.3387E-003,2.7615E-001,1.1429E-001,1.4046E-001,5.8939E-002,1.5744E-001,3.6325E-002,8.2368E-002,3.9671E-002,1.6526E-002,2.5367E-002,5.3181E-003,9.5648E-003,6.3683E-003,8.0256E-003,3.1788E-003,4.1742E-003,6.7227E-001,1.7152E-001,3.3353E-001,4.8879E-002,3.8488E-001,9.4860E-002,2.4759E-001,6.6971E-002,2.2069E-002,5.5222E-002,6.1339E-003,1.4173E-002,2.0254E-002,8.4986E-003,3.5723E-003,3.8391E-003,1.8248E-002,9.0714E-003,2.7361E-002,5.9462E-003,2.1405E-002,8.8046E-003,3.0792E-002,6.6925E-003,7.6604E-003,4.3613E-003,3.3193E-003,1.1653E-002,4.6749E-003,9.6127E-003,3.6295E-003,4.0242E-003,6.3667E-003,1.2273E-003,7.7232E-003,4.1512E-003,3.4857E-003,6.8957E-004,2.7906E-003,2.6821E-003,3.8705E-003,4.6322E-003,2.2604E-003,7.4620E-003,4.4850E-003,5.6888E-003,2.1818E-003,3.5952E-003,1.5221E-003,1.4977E-004,2.2691E-003,4.2921E-004,3.8379E-004,1.2562E-004,5.3451E-005,1.4143E-004,1.1840E-004,9.1603E-004,1.8471E-004,8.7810E-004,7.7239E-004,8.5338E-004,1.3066E-004,2.1501E-004,0.0000E+000,0.0000E+000,0.0000E+000,0.0000E+000,0.0000E+000,0.0000E+000,0.0000E+000,0.0000E+000,0.0000E+000,0.0000E+000,0.0000E+000,0.0000E+000,0.0000E+000,0.0000E+000,0.0000E+000,0.0000E+000,0.0000E+000,0.0000E+000,0.0000E+000,0.0000E+000,0.0000E+000,0.0000E+000,0.0000E+000,0.0000E+000,0.0000E+000,0.0000E+000,0.0000E+000,0.0000E+000,0.0000E+000,0.0000E+000,0.0000E+000,0.0000E+000,D:\Dropbox\study_share\bird\code\birdsong_project\sample_data\特徴ベクトルデータ生成用サンプル\音源ファイル\tattayama20090616_0445_0450.WAV
キビタキ,,175.73,1.09,22.47,0.0000E+000,0.0000E+000,0.0000E+000,0.0000E+000,0.0000E+000,0.0000E+000,0.0000E+000,0.0000E+000,0.0000E+000,0.0000E+000,0.0000E+000,0.0000E+000,0.0000E+000,0.0000E+000,0.0000E+000,0.0000E+000,0.0000E+000,0.0000E+000,0.0000E+000,0.0000E+000,0.0000E+000,0.0000E+000,0.0000E+000,0.0000E+000,0.0000E+000,0.0000E+000,0.0000E+000,0.0000E+000,0.0000E+000,0.0000E+000,0.0000E+000,0.0000E+000,0.0000E+000,0.0000E+000,0.0000E+000,0.0000E+000,0.0000E+000,0.0000E+000,0.0000E+000,0.0000E+000,0.0000E+000,0.0000E+000,0.0000E+000,0.0000E+000,0.0000E+000,0.0000E+000,0.0000E+000,0.0000E+000,0.0000E+000,0.0000E+000,0.0000E+000,0.0000E+000,0.0000E+000,0.0000E+000,0.0000E+000,0.0000E+000,0.0000E+000,0.0000E+000,0.0000E+000,0.0000E+000,0.0000E+000,0.0000E+000,0.0000E+000,0.0000E+000,3.4172E-004,1.4786E-004,2.8225E-004,4.8909E-004,4.2358E-004,3.2904E-004,3.6752E-004,3.6631E-004,4.1480E-004,1.5044E-004,3.8171E-004,4.7226E-004,2.5084E-004,2.1001E-004,2.9430E-004,1.7751E-004,1.2936E-003,7.2948E-004,1.1996E-003,9.2724E-004,1.3152E-003,1.3543E-003,1.0260E-003,1.3574E-003,1.0114E-003,8.6492E-004,8.5198E-004,1.5779E-003,1.4118E-003,1.2343E-003,1.2173E-003,8.6690E-004,8.9038E-003,1.7787E-003,8.5628E-003,1.3093E-002,4.4277E-003,1.8319E-003,1.0210E-003,4.8265E-003,5.5796E-003,1.5590E-003,1.4850E-003,8.2925E-004,1.1566E-003,2.0145E-003,4.8335E-003,2.3797E-003,1.0707E-001,4.7827E-002,1.4963E-001,1.1666E-001,2.0530E-002,6.1376E-003,8.7389E-002,1.1463E-001,2.2251E-002,5.3228E-003,2.8640E-003,1.3762E-003,1.6361E-003,3.5003E-003,4.9699E-003,7.8004E-002,8.0442E-002,1.4717E-001,4.8394E-002,1.3779E-002,3.4553E-003,1.4589E-003,2.4347E-002,5.6928E-002,1.1970E-002,2.4396E-001,7.6293E-001,1.9184E-001,2.3590E-002,5.6944E-003,6.1055E-003,7.9341E-002,5.0606E-003,3.1282E-002,6.7973E-003,4.3749E-002,3.7645E-002,4.9683E-003,2.4542E-003,1.5524E-003,1.1318E-003,1.2108E-001,3.7022E-001,1.1046E-001,2.0563E-002,3.4171E-002,5.0449E-002,5.5922E-003,4.2700E-004,1.3545E-003,8.6246E-003,9.2695E-002,7.3364E-002,9.3615E-003,4.2394E-003,7.9036E-004,5.5346E-004,4.5897E-004,6.9286E-005,3.1019E-004,6.5573E-004,7.2355E-002,9.9889E-002,7.4913E-003,7.7371E-004,3.8069E-004,4.0521E-004,3.1790E-004,2.1811E-004,4.0798E-004,5.3495E-004,5.3868E-004,6.7020E-004,5.5717E-004,3.3760E-004,3.6570E-004,4.4113E-004,1.2988E-004,2.0245E-004,3.8340E-004,5.4724E-004,3.8850E-004,3.4075E-004,2.8716E-004,2.3900E-004,5.2533E-004,3.6225E-004,3.1234E-004,5.6821E-004,3.2134E-004,1.7226E-004,2.9113E-004,3.7394E-004,1.1016E-004,2.4521E-004,3.2778E-004,8.1529E-005,6.2022E-005,5.7039E-005,6.5263E-005,3.4168E-005,8.9450E-005,6.3139E-005,3.5209E-005,9.0455E-005,4.1864E-005,2.6731E-005,6.4138E-005,7.6362E-005,4.3976E-005,5.6230E-005,4.6669E-005,0.0000E+000,0.0000E+000,0.0000E+000,0.0000E+000,0.0000E+000,0.0000E+000,0.0000E+000,0.0000E+000,0.0000E+000,0.0000E+000,0.0000E+000,0.0000E+000,0.0000E+000,0.0000E+000,0.0000E+000,0.0000E+000,0.0000E+000,0.0000E+000,0.0000E+000,0.0000E+000,0.0000E+000,0.0000E+000,0.0000E+000,0.0000E+000,0.0000E+000,0.0000E+000,0.0000E+000,0.0000E+000,0.0000E+000,0.0000E+000,0.0000E+000,0.0000E+000,D:\Dropbox\study_share\bird\code\birdsong_project\sample_data\特徴ベクトルデータ生成用サンプル\音源ファイル\tattayama20090616_0445_0450.WAV
キビタキ,,185.25,2.48,29.01,0.0000E+000,0.0000E+000,0.0000E+000,0.0000E+000,0.0000E+000,0.0000E+000,0.0000E+000,0.0000E+000,0.0000E+000,0.0000E+000,0.0000E+000,0.0000E+000,0.0000E+000,0.0000E+000,0.0000E+000,0.0000E+000,0.0000E+000,0.0000E+000,0.0000E+000,0.0000E+000,0.0000E+000,0.0000E+000,0.0000E+000,0.0000E+000,0.0000E+000,0.0000E+000,0.0000E+000,0.0000E+000,0.0000E+000,0.0000E+000,0.0000E+000,0.0000E+000,0.0000E+000,0.0000E+000,0.0000E+000,0.0000E+000,0.0000E+000,0.0000E+000,0.0000E+000,0.0000E+000,0.0000E+000,0.0000E+000,0.0000E+000,0.0000E+000,0.0000E+000,0.0000E+000,0.0000E+000,0.0000E+000,0.0000E+000,0.0000E+000,0.0000E+000,0.0000E+000,0.0000E+000,0.0000E+000,0.0000E+000,0.0000E+000,0.0000E+000,0.0000E+000,0.0000E+000,0.0000E+000,0.0000E+000,0.0000E+000,0.0000E+000,0.0000E+000,7.0232E-004,1.1311E-003,9.3447E-004,5.8792E-004,4.7370E-004,9.6799E-004,4.5733E-004,1.3019E-003,8.5810E-004,1.0832E-003,8.3023E-004,8.4724E-004,8.5734E-004,6.7178E-004,6.0325E-004,6.9666E-004,2.4387E-003,3.5686E-003,3.6996E-003,2.4197E-003,2.5651E-003,4.4847E-003,2.2256E-003,3.2838E-003,2.1963E-003,2.6243E-003,2.6004E-003,3.1176E-003,2.4367E-003,2.2591E-003,1.7969E-003,2.5955E-003,1.9405E-003,2.3678E-003,1.2768E-002,3.0715E-003,2.5583E-003,2.2093E-002,4.2820E-003,1.4692E-002,3.2896E-003,3.2303E-003,1.2459E-002,4.5788E-003,2.0443E-003,1.4858E-003,2.7148E-003,3.2742E-003,5.5987E-002,7.9685E-002,1.2227E-001,8.3787E-003,4.7784E-003,4.2955E-002,6.9224E-003,1.2110E-001,1.0940E-001,9.0388E-003,4.4576E-001,1.7137E-002,4.2992E-003,2.4108E-003,3.2402E-003,3.6659E-003,3.2159E-002,6.8314E-002,2.2170E-002,1.0708E-001,2.0082E-002,8.4931E-003,2.3846E-003,2.4891E-001,2.9097E-001,1.2526E-002,1.9429E-001,7.7324E-002,2.1362E-001,3.2428E-002,1.1339E-002,2.3698E-003,1.9528E-003,2.0963E-003,8.7836E-004,1.7913E-001,3.6731E-002,5.5211E-003,1.4762E-003,1.1116E-001,3.9114E-002,9.2617E-002,1.3559E-001,4.9818E-002,2.8797E-001,1.8977E-002,6.4393E-003,1.6487E-003,1.8088E-003,1.1910E-003,1.5205E-003,5.4309E-003,1.9677E-003,1.8236E-003,1.4369E-003,1.4436E-001,2.2820E-001,3.0830E-001,2.4730E-001,9.6900E-003,1.1073E-003,8.4814E-004,1.1858E-003,1.0571E-003,1.3350E-003,1.2736E-003,1.3042E-003,7.1917E-004,9.5734E-004,1.7684E-003,1.6549E-003,2.0561E-001,2.4153E-001,3.0016E-002,9.9966E-003,1.4227E-003,7.4700E-004,1.0121E-003,1.1721E-003,1.0884E-003,8.7443E-004,9.9156E-004,1.0350E-003,6.9707E-004,1.0422E-003,1.1127E-003,1.2033E-003,5.4367E-003,1.8726E-003,1.6291E-004,4.8755E-004,9.8566E-004,8.6865E-004,9.3930E-004,8.1609E-004,5.7890E-004,1.4182E-004,1.3477E-004,1.6489E-004,1.2620E-004,1.6165E-004,1.9279E-004,1.6940E-004,4.3957E-004,1.0953E-004,1.9518E-005,6.8865E-005,1.1656E-004,1.7766E-004,1.5392E-004,9.8414E-005,9.4684E-005,0.0000E+000,0.0000E+000,0.0000E+000,0.0000E+000,0.0000E+000,0.0000E+000,0.0000E+000,0.0000E+000,0.0000E+000,0.0000E+000,0.0000E+000,0.0000E+000,0.0000E+000,0.0000E+000,0.0000E+000,0.0000E+000,0.0000E+000,0.0000E+000,0.0000E+000,0.0000E+000,0.0000E+000,0.0000E+000,0.0000E+000,0.0000E+000,0.0000E+000,0.0000E+000,0.0000E+000,0.0000E+000,0.0000E+000,0.0000E+000,0.0000E+000,0.0000E+000,D:\Dropbox\study_share\bird\code\birdsong_project\sample_data\特徴ベクトルデータ生成用サンプル\音源ファイル\tattayama20090616_0445_0450.WAV
キビタキ,,191.38,0.67,19.98,0.0000E+000,0.0000E+000,0.0000E+000,0.0000E+000,0.0000E+000,0.0000E+000,0.0000E+000,0.0000E+000,0.0000E+000,0.0000E+000,0.0000E+000,0.0000E+000,0.0000E+000,0.0000E+000,0.0000E+000,0.0000E+000,0.0000E+000,0.0000E+000,0.0000E+000,0.0000E+000,0.0000E+000,0.0000E+000,0.0000E+000,0.0000E+000,0.0000E+000,0.0000E+000,0.0000E+000,0.0000E+000,0.0000E+000,0.0000E+000,0.0000E+000,0.0000E+000,0.0000E+000,0.0000E+000,0.0000E+000,0.0000E+000,0.0000E+000,0.0000E+000,0.0000E+000,0.0000E+000,0.0000E+000,0.0000E+000,0.0000E+000,0.0000E+000,0.0000E+000,0.0000E+000,0.0000E+000,0.0000E+000,0.0000E+000,0.0000E+000,0.0000E+000,0.0000E+000,0.0000E+000,0.0000E+000,0.0000E+000,0.0000E+000,0.0000E+000,0.0000E+000,0.0000E+000,0.0000E+000,0.0000E+000,0.0000E+000,0.0000E+000,0.0000E+000,1.5870E-003,2.5885E-003,8.8608E-004,2.7437E-003,1.4705E-003,9.4422E-004,1.8901E-003,3.7032E-003,1.7763E-003,3.7214E-003,2.5155E-003,1.5036E-003,2.0522E-003,6.3792E-003,1.7407E-003,3.7598E-004,1.0509E-002,6.7610E-003,3.1969E-003,6.9300E-003,8.9182E-003,5.7959E-003,5.6761E-003,1.6437E-002,1.0508E-002,9.7772E-003,8.2923E-003,1.1096E-002,7.3513E-003,1.2798E-002,9.9208E-003,3.8768E-003,1.5065E-002,6.9326E-003,7.9766E-003,4.6710E-003,1.2959E-002,1.3762E-002,1.5895E-001,2.9843E-001,2.2854E-002,1.7623E-002,1.4303E-002,5.4056E-003,1.6464E-002,1.2245E-002,8.5711E-003,2.1830E-003,8.2190E-003,5.3788E-002,6.7540E-002,3.7359E-002,5.8480E-002,2.0277E-001,4.0916E-001,6.1399E-001,7.0476E-002,3.6374E-002,2.5211E-002,9.5528E-003,2.0565E-002,9.2052E-003,8.4565E-003,5.9896E-003,5.4816E-002,2.1753E-001,3.1909E-001,2.8383E-001,9.0231E-002,3.9749E-002,3.8294E-002,1.8155E-002,1.7356E-002,8.1423E-002,4.5390E-002,1.5399E-002,1.4009E-002,1.1433E-002,6.8400E-003,5.5396E-003,2.6053E-002,1.5028E-002,1.1838E-001,6.6803E-002,2.6119E-002,6.4807E-003,8.8225E-003,4.9746E-003,1.3912E-002,3.2402E-002,9.1339E-003,5.9151E-003,7.7549E-003,6.8451E-003,6.3777E-003,3.0154E-003,5.9019E-003,7.3476E-003,9.1025E-003,4.1761E-003,6.9809E-003,2.8652E-003,4.2166E-003,3.8171E-003,3.2875E-003,2.5761E-003,3.3760E-003,2.5752E-003,4.2853E-003,5.1506E-003,6.3019E-003,2.7383E-003,5.1941E-003,5.7532E-003,5.9606E-003,3.1734E-003,4.6404E-003,2.6818E-003,3.4426E-003,4.5179E-003,4.2207E-003,3.9519E-003,3.2444E-003,2.2226E-003,4.6480E-003,4.0313E-003,4.4310E-003,3.2161E-003,4.4132E-003,3.7798E-003,3.1004E-003,3.9232E-003,3.3163E-003,1.6989E-003,3.5608E-003,3.8525E-003,3.2411E-003,2.5332E-003,3.0982E-003,1.6372E-003,5.1681E-003,3.1382E-003,2.4278E-003,2.3694E-003,5.4155E-004,5.1594E-004,5.7326E-004,3.9532E-004,5.5222E-004,1.9178E-004,5.5802E-004,4.0578E-004,3.5274E-004,4.0193E-004,2.8675E-004,1.4918E-004,1.0090E-003,5.6102E-004,4.2960E-004,5.0628E-004,0.0000E+000,0.0000E+000,0.0000E+000,0.0000E+000,0.0000E+000,0.0000E+000,0.0000E+000,0.0000E+000,0.0000E+000,0.0000E+000,0.0000E+000,0.0000E+000,0.0000E+000,0.0000E+000,0.0000E+000,0.0000E+000,0.0000E+000,0.0000E+000,0.0000E+000,0.0000E+000,0.0000E+000,0.0000E+000,0.0000E+000,0.0000E+000,0.0000E+000,0.0000E+000,0.0000E+000,0.0000E+000,0.0000E+000,0.0000E+000,0.0000E+000,0.0000E+000,D:\Dropbox\study_share\bird\code\birdsong_project\sample_data\特徴ベクトルデータ生成用サンプル\音源ファイル\tattayama20090616_0445_0450.WAV
キビタキ,,192.05,0.65,16.26,0.0000E+000,0.0000E+000,0.0000E+000,0.0000E+000,0.0000E+000,0.0000E+000,0.0000E+000,0.0000E+000,0.0000E+000,0.0000E+000,0.0000E+000,0.0000E+000,0.0000E+000,0.0000E+000,0.0000E+000,0.0000E+000,0.0000E+000,0.0000E+000,0.0000E+000,0.0000E+000,0.0000E+000,0.0000E+000,0.0000E+000,0.0000E+000,0.0000E+000,0.0000E+000,0.0000E+000,0.0000E+000,0.0000E+000,0.0000E+000,0.0000E+000,0.0000E+000,0.0000E+000,0.0000E+000,0.0000E+000,0.0000E+000,0.0000E+000,0.0000E+000,0.0000E+000,0.0000E+000,0.0000E+000,0.0000E+000,0.0000E+000,0.0000E+000,0.0000E+000,0.0000E+000,0.0000E+000,0.0000E+000,0.0000E+000,0.0000E+000,0.0000E+000,0.0000E+000,0.0000E+000,0.0000E+000,0.0000E+000,0.0000E+000,0.0000E+000,0.0000E+000,0.0000E+000,0.0000E+000,0.0000E+000,0.0000E+000,0.0000E+000,0.0000E+000,1.3051E-003,1.7031E-003,1.6422E-003,3.0993E-003,4.6550E-004,2.1257E-003,1.8332E-003,4.2690E-003,9.7991E-004,1.6360E-003,1.8747E-003,1.3225E-003,2.2904E-003,3.3883E-003,8.4127E-004,1.3815E-003,5.6816E-003,6.5135E-003,4.9698E-003,8.8717E-003,3.0701E-003,5.3789E-003,4.5483E-003,9.8869E-003,2.9123E-003,6.6874E-003,7.7025E-003,5.4222E-003,5.9548E-003,5.7524E-003,6.4006E-003,4.1940E-003,5.2539E-003,3.3901E-003,4.6582E-003,4.9114E-003,2.2471E-003,3.7972E-002,3.4257E-002,1.4831E-002,6.4103E-003,1.1188E-002,9.9994E-003,6.0276E-003,2.9365E-003,6.4949E-003,6.1852E-003,2.8802E-003,3.1156E-001,2.1433E-001,1.9998E-001,7.5113E-002,2.6115E-002,6.3127E-001,1.7062E-001,3.9329E-002,1.0852E-002,3.3802E-002,2.2388E-002,9.2755E-003,4.7681E-003,7.9709E-003,4.4604E-003,3.2353E-003,1.0306E-001,1.4606E-001,1.1813E-001,1.2797E-001,6.9476E-002,4.1149E-001,1.2669E-001,3.6218E-002,6.6095E-002,1.6541E-001,4.1988E-002,2.1441E-002,1.0658E-002,1.0239E-002,5.6868E-003,1.6341E-003,2.3039E-003,2.2545E-003,2.6980E-003,5.5197E-002,1.7375E-001,1.5820E-001,3.8490E-002,1.7395E-002,1.6672E-002,6.4896E-002,1.5962E-002,8.6060E-003,5.8360E-003,4.2326E-003,3.1136E-003,9.9079E-004,2.3293E-003,2.3104E-003,3.0907E-003,2.7679E-003,1.3662E-001,5.6304E-002,2.1117E-002,9.2015E-003,2.9894E-003,5.4015E-003,4.0081E-003,2.7828E-003,1.1041E-003,2.9172E-003,2.6351E-003,1.5680E-003,2.9999E-003,2.2408E-003,2.9864E-003,1.8062E-003,6.9049E-004,2.3153E-003,2.6829E-003,2.2734E-003,1.5945E-003,2.6935E-003,2.9078E-003,2.0850E-003,1.3796E-003,1.6639E-003,2.6185E-003,1.3830E-003,1.8405E-003,1.5755E-003,1.5265E-003,1.2451E-003,5.2131E-004,1.6762E-003,1.6445E-003,2.7825E-003,1.5240E-003,2.2067E-003,2.1169E-003,2.3588E-003,1.2587E-003,1.1906E-003,2.6113E-003,1.1357E-003,2.0597E-004,1.2862E-004,1.6827E-004,2.6844E-004,6.7622E-005,3.0370E-005,1.4404E-004,2.5732E-004,1.6617E-004,1.7620E-004,3.1731E-004,2.8001E-004,1.6545E-004,2.6921E-004,2.2990E-004,1.4257E-004,0.0000E+000,0.0000E+000,0.0000E+000,0.0000E+000,0.0000E+000,0.0000E+000,0.0000E+000,0.0000E+000,0.0000E+000,0.0000E+000,0.0000E+000,0.0000E+000,0.0000E+000,0.0000E+000,0.0000E+000,0.0000E+000,0.0000E+000,0.0000E+000,0.0000E+000,0.0000E+000,0.0000E+000,0.0000E+000,0.0000E+000,0.0000E+000,0.0000E+000,0.0000E+000,0.0000E+000,0.0000E+000,0.0000E+000,0.0000E+000,0.0000E+000,0.0000E+000,D:\Dropbox\study_share\bird\code\birdsong_project\sample_data\特徴ベクトルデータ生成用サンプル\音源ファイル\tattayama20090616_0445_0450.WAV
キビタキ,,196.56,1.35,31.79,0.0000E+000,0.0000E+000,0.0000E+000,0.0000E+000,0.0000E+000,0.0000E+000,0.0000E+000,0.0000E+000,0.0000E+000,0.0000E+000,0.0000E+000,0.0000E+000,0.0000E+000,0.0000E+000,0.0000E+000,0.0000E+000,0.0000E+000,0.0000E+000,0.0000E+000,0.0000E+000,0.0000E+000,0.0000E+000,0.0000E+000,0.0000E+000,0.0000E+000,0.0000E+000,0.0000E+000,0.0000E+000,0.0000E+000,0.0000E+000,0.0000E+000,0.0000E+000,0.0000E+000,0.0000E+000,0.0000E+000,0.0000E+000,0.0000E+000,0.0000E+000,0.0000E+000,0.0000E+000,0.0000E+000,0.0000E+000,0.0000E+000,0.0000E+000,0.0000E+000,0.0000E+000,0.0000E+000,0.0000E+000,0.0000E+000,0.0000E+000,0.0000E+000,0.0000E+000,0.0000E+000,0.0000E+000,0.0000E+000,0.0000E+000,0.0000E+000,0.0000E+000,0.0000E+000,0.0000E+000,0.0000E+000,0.0000E+000,0.0000E+000,0.0000E+000,4.1853E-004,3.4496E-004,2.3508E-004,3.3952E-004,1.7925E-004,3.0772E-004,5.7362E-004,5.6495E-004,3.8781E-004,5.5893E-004,1.8575E-004,2.9099E-004,2.9068E-004,2.2903E-004,2.2957E-004,4.6527E-004,1.9432E-003,1.1321E-003,6.1956E-004,1.1788E-003,1.0787E-003,1.3234E-003,3.1375E-003,1.4143E-003,1.1980E-003,1.4752E-003,8.7694E-004,1.4099E-003,1.1173E-003,1.0784E-003,9.5340E-004,1.5453E-003,1.1399E-003,8.7503E-004,6.6156E-004,1.0530E-003,1.1317E-003,1.0034E-003,1.1469E-003,1.3272E-003,6.5120E-004,1.1722E-003,6.7969E-004,1.5415E-003,9.0138E-004,1.9247E-003,3.0136E-003,8.3572E-004,9.9756E-004,1.7306E-003,6.3223E-004,9.1237E-004,9.4549E-004,7.7413E-004,4.2803E-003,4.4745E-003,1.1598E-003,4.7985E-003,1.0688E-003,7.8045E-003,2.4735E-002,1.8189E-003,1.8783E-003,6.8168E-004,3.8477E-003,2.2456E-003,7.3846E-003,1.4232E-003,2.9089E-003,1.2235E-003,7.5505E-003,1.5392E-002,2.2526E-003,3.8484E-003,1.0363E-003,6.9060E-003,1.8140E-002,9.6636E-004,1.0656E-003,6.8367E-004,1.1294E-003,3.0271E-004,1.1196E-002,9.9539E-002,9.1326E-002,7.4311E-002,1.4305E-002,1.0679E-002,1.0045E-003,8.4974E-004,7.6821E-004,7.1266E-004,5.0047E-004,3.8650E-004,6.7640E-004,5.3620E-004,5.1190E-001,3.8978E-001,2.5349E-001,1.5518E-001,4.0536E-001,9.5021E-002,1.6707E-002,6.4412E-003,8.0014E-004,1.2094E-003,1.1188E-003,8.2882E-004,6.9663E-004,5.6790E-004,9.8499E-004,7.0013E-004,4.2148E-001,2.8761E-001,1.7928E-001,3.1118E-002,6.8323E-002,4.1010E-003,1.4869E-003,6.4989E-004,3.6721E-004,1.3507E-003,7.1926E-004,6.3859E-004,6.2652E-004,9.3515E-004,1.2524E-003,9.3277E-004,5.3743E-003,2.3270E-003,1.3149E-004,5.7627E-006,1.9125E-004,2.8521E-004,4.4035E-004,3.5658E-004,3.0309E-004,5.5703E-004,4.0654E-004,3.9539E-004,4.1335E-004,5.3768E-004,5.7833E-004,3.4913E-004,3.3444E-004,1.2256E-004,4.5883E-005,7.3307E-007,3.1847E-005,2.9521E-005,6.5561E-005,5.4718E-005,5.3589E-005,9.1037E-005,5.2005E-005,5.6227E-005,4.1842E-005,5.3766E-005,6.8893E-005,7.2594E-005,0.0000E+000,0.0000E+000,0.0000E+000,0.0000E+000,0.0000E+000,0.0000E+000,0.0000E+000,0.0000E+000,0.0000E+000,0.0000E+000,0.0000E+000,0.0000E+000,0.0000E+000,0.0000E+000,0.0000E+000,0.0000E+000,0.0000E+000,0.0000E+000,0.0000E+000,0.0000E+000,0.0000E+000,0.0000E+000,0.0000E+000,0.0000E+000,0.0000E+000,0.0000E+000,0.0000E+000,0.0000E+000,0.0000E+000,0.0000E+000,0.0000E+000,0.0000E+000,D:\Dropbox\study_share\bird\code\birdsong_project\sample_data\特徴ベクトルデータ生成用サンプル\音源ファイル\tattayama20090616_0445_0450.WAV
キビタキ,,197.95,2.48,17.39,0.0000E+000,0.0000E+000,0.0000E+000,0.0000E+000,0.0000E+000,0.0000E+000,0.0000E+000,0.0000E+000,0.0000E+000,0.0000E+000,0.0000E+000,0.0000E+000,0.0000E+000,0.0000E+000,0.0000E+000,0.0000E+000,0.0000E+000,0.0000E+000,0.0000E+000,0.0000E+000,0.0000E+000,0.0000E+000,0.0000E+000,0.0000E+000,0.0000E+000,0.0000E+000,0.0000E+000,0.0000E+000,0.0000E+000,0.0000E+000,0.0000E+000,0.0000E+000,0.0000E+000,0.0000E+000,0.0000E+000,0.0000E+000,0.0000E+000,0.0000E+000,0.0000E+000,0.0000E+000,0.0000E+000,0.0000E+000,0.0000E+000,0.0000E+000,0.0000E+000,0.0000E+000,0.0000E+000,0.0000E+000,0.0000E+000,0.0000E+000,0.0000E+000,0.0000E+000,0.0000E+000,0.0000E+000,0.0000E+000,0.0000E+000,0.0000E+000,0.0000E+000,0.0000E+000,0.0000E+000,0.0000E+000,0.0000E+000,0.0000E+000,0.0000E+000,4.1590E-003,2.5252E-003,1.8918E-003,1.3832E-003,3.3996E-003,3.8943E-003,2.6203E-003,2.0861E-003,1.2978E-003,2.2320E-003,4.8419E-003,1.8574E-003,1.5459E-003,1.6803E-003,1.0326E-003,8.6477E-004,9.9608E-003,6.8027E-003,4.8972E-003,5.5233E-003,1.0404E-002,9.2660E-003,7.5435E-003,5.6821E-003,4.4508E-003,5.3995E-003,1.2907E-002,7.3631E-003,6.8799E-003,4.9133E-003,6.0996E-003,4.2064E-003,5.4370E-003,1.1644E-002,9.9570E-003,5.7282E-003,5.2955E-003,1.1803E-002,1.6138E-002,5.4760E-003,5.5653E-003,7.1003E-003,2.0821E-002,6.6147E-003,5.5680E-003,4.2429E-003,5.1110E-003,4.0755E-003,6.6528E-002,1.9268E-001,8.3047E-002,2.8048E-002,5.7420E-003,5.4223E-002,2.0652E-002,1.1087E-001,2.5393E-002,1.9585E-001,3.4376E-001,1.8456E-002,5.5756E-003,3.6582E-003,4.4432E-003,4.3457E-003,1.1568E-001,1.2356E-001,1.2468E-001,6.1810E-002,6.5797E-003,7.6020E-002,5.6584E-003,3.5242E-001,5.2282E-002,1.2932E-001,1.0776E-001,1.5601E-001,5.7270E-002,8.2160E-003,4.8655E-003,3.6466E-003,1.3022E-002,4.8392E-003,5.5815E-002,1.0097E-002,6.0750E-003,2.8918E-002,4.0552E-003,5.0564E-002,1.0567E-002,4.2800E-003,4.2764E-003,5.1596E-002,6.4708E-002,1.9782E-001,8.3828E-002,4.4362E-003,4.7062E-003,5.1207E-003,4.6116E-003,2.8214E-003,5.9465E-003,1.0325E-002,3.4906E-003,3.8301E-003,8.9832E-003,3.8310E-003,4.0258E-003,2.4680E-003,1.8070E-003,6.7339E-001,1.5479E-001,6.7941E-003,4.2314E-003,3.6005E-003,3.2240E-003,2.4655E-003,3.7743E-003,3.0119E-003,3.5959E-003,4.0204E-003,1.0064E-002,3.9878E-003,3.2156E-003,2.4607E-003,2.5880E-003,6.7728E-003,2.5603E-003,2.3049E-003,1.8956E-003,2.2717E-003,1.8879E-003,1.9590E-003,1.9562E-003,2.2344E-003,1.7846E-003,2.7886E-003,3.0199E-003,1.8704E-003,1.8915E-003,1.5702E-003,1.7236E-003,7.2922E-004,1.3775E-003,1.5743E-003,2.6518E-004,3.8531E-004,2.4714E-004,2.8326E-004,3.6366E-004,2.8415E-004,3.3798E-004,3.6518E-004,2.4892E-004,2.4660E-004,3.0035E-004,1.9113E-004,1.6926E-004,1.3274E-004,2.2803E-004,2.6399E-004,0.0000E+000,0.0000E+000,0.0000E+000,0.0000E+000,0.0000E+000,0.0000E+000,0.0000E+000,0.0000E+000,0.0000E+000,0.0000E+000,0.0000E+000,0.0000E+000,0.0000E+000,0.0000E+000,0.0000E+000,0.0000E+000,0.0000E+000,0.0000E+000,0.0000E+000,0.0000E+000,0.0000E+000,0.0000E+000,0.0000E+000,0.0000E+000,0.0000E+000,0.0000E+000,0.0000E+000,0.0000E+000,0.0000E+000,0.0000E+000,0.0000E+000,0.0000E+000,D:\Dropbox\study_share\bird\code\birdsong_project\sample_data\特徴ベクトルデータ生成用サンプル\音源ファイル\tattayama20090616_0445_0450.WAV
キビタキ,,203.01,1.32,29.99,0.0000E+000,0.0000E+000,0.0000E+000,0.0000E+000,0.0000E+000,0.0000E+000,0.0000E+000,0.0000E+000,0.0000E+000,0.0000E+000,0.0000E+000,0.0000E+000,0.0000E+000,0.0000E+000,0.0000E+000,0.0000E+000,0.0000E+000,0.0000E+000,0.0000E+000,0.0000E+000,0.0000E+000,0.0000E+000,0.0000E+000,0.0000E+000,0.0000E+000,0.0000E+000,0.0000E+000,0.0000E+000,0.0000E+000,0.0000E+000,0.0000E+000,0.0000E+000,0.0000E+000,0.0000E+000,0.0000E+000,0.0000E+000,0.0000E+000,0.0000E+000,0.0000E+000,0.0000E+000,0.0000E+000,0.0000E+000,0.0000E+000,0.0000E+000,0.0000E+000,0.0000E+000,0.0000E+000,0.0000E+000,0.0000E+000,0.0000E+000,0.0000E+000,0.0000E+000,0.0000E+000,0.0000E+000,0.0000E+000,0.0000E+000,0.0000E+000,0.0000E+000,0.0000E+000,0.0000E+000,0.0000E+000,0.0000E+000,0.0000E+000,0.0000E+000,3.2640E-004,7.0944E-004,3.0196E-004,2.9931E-004,3.1459E-004,3.2652E-004,3.2131E-004,4.5483E-004,4.9699E-004,2.1749E-004,2.7833E-004,3.3419E-004,2.3821E-004,6.8688E-004,2.6288E-004,3.4855E-004,1.3160E-003,1.9371E-003,1.1467E-003,1.1844E-003,1.1646E-003,1.3775E-003,1.5305E-003,1.0896E-003,1.3905E-003,8.9044E-004,1.1276E-003,1.3480E-003,1.0913E-003,1.1594E-003,1.0061E-003,1.4750E-003,2.7887E-003,2.9125E-003,1.2962E-003,2.9334E-002,1.0507E-002,7.0973E-003,5.3014E-003,1.9471E-003,2.6445E-003,1.0147E-003,1.6782E-003,1.0446E-003,1.5051E-003,1.1127E-003,1.1567E-003,1.3402E-003,1.2054E-001,3.7178E-002,7.4502E-003,6.0883E-002,2.1683E-002,8.4499E-002,2.3835E-002,8.1274E-003,1.5036E-002,3.5545E-003,8.7110E-003,8.9835E-003,7.9398E-003,1.1395E-002,6.8149E-003,5.0829E-003,8.8610E-002,5.0442E-002,3.0942E-002,1.1713E-001,3.3009E-002,4.1380E-001,7.2687E-002,4.9213E-002,5.2809E-002,1.0730E-002,4.3421E-002,1.8166E-002,3.0036E-002,2.4218E-002,1.7181E-002,2.0536E-002,1.7494E-002,1.0149E-001,1.1252E-001,1.6503E-001,5.6262E-002,1.8876E-001,6.4760E-002,7.6804E-002,7.6943E-002,2.4206E-002,7.5230E-002,2.1912E-002,6.4235E-002,3.7896E-002,3.6997E-002,5.0510E-002,5.0920E-001,4.4857E-001,3.2141E-002,3.1123E-001,6.7571E-002,2.1380E-001,4.5320E-002,1.9852E-002,6.6451E-003,2.3733E-003,6.5936E-003,3.0979E-003,5.7461E-003,3.1665E-003,4.6316E-003,3.4466E-003,5.0085E-002,2.3115E-002,7.2631E-002,9.0209E-002,1.2664E-002,7.7521E-002,1.5513E-002,6.0149E-003,2.5188E-003,6.5141E-004,8.6299E-004,5.6254E-004,8.2290E-004,4.6442E-004,7.4687E-004,4.4683E-004,1.8978E-004,3.8930E-003,4.5074E-002,8.9261E-003,3.6308E-003,2.2734E-003,7.2849E-004,5.0125E-004,6.1991E-004,4.3184E-004,5.6400E-004,3.7032E-004,4.7698E-004,4.0535E-004,4.7432E-004,2.6475E-004,1.0958E-005,4.3210E-005,6.0982E-005,6.2228E-006,6.2547E-005,5.1514E-005,2.9569E-005,2.1140E-005,2.4909E-005,3.9709E-005,6.4776E-005,6.2364E-005,5.0213E-005,6.3914E-005,6.3987E-005,3.0961E-005,0.0000E+000,0.0000E+000,0.0000E+000,0.0000E+000,0.0000E+000,0.0000E+000,0.0000E+000,0.0000E+000,0.0000E+000,0.0000E+000,0.0000E+000,0.0000E+000,0.0000E+000,0.0000E+000,0.0000E+000,0.0000E+000,0.0000E+000,0.0000E+000,0.0000E+000,0.0000E+000,0.0000E+000,0.0000E+000,0.0000E+000,0.0000E+000,0.0000E+000,0.0000E+000,0.0000E+000,0.0000E+000,0.0000E+000,0.0000E+000,0.0000E+000,0.0000E+000,D:\Dropbox\study_share\bird\code\birdsong_project\sample_data\特徴ベクトルデータ生成用サンプル\音源ファイル\tattayama20090616_0445_0450.WAV
キビタキ,,206.56,0.93,20.01,0.0000E+000,0.0000E+000,0.0000E+000,0.0000E+000,0.0000E+000,0.0000E+000,0.0000E+000,0.0000E+000,0.0000E+000,0.0000E+000,0.0000E+000,0.0000E+000,0.0000E+000,0.0000E+000,0.0000E+000,0.0000E+000,0.0000E+000,0.0000E+000,0.0000E+000,0.0000E+000,0.0000E+000,0.0000E+000,0.0000E+000,0.0000E+000,0.0000E+000,0.0000E+000,0.0000E+000,0.0000E+000,0.0000E+000,0.0000E+000,0.0000E+000,0.0000E+000,0.0000E+000,0.0000E+000,0.0000E+000,0.0000E+000,0.0000E+000,0.0000E+000,0.0000E+000,0.0000E+000,0.0000E+000,0.0000E+000,0.0000E+000,0.0000E+000,0.0000E+000,0.0000E+000,0.0000E+000,0.0000E+000,0.0000E+000,0.0000E+000,0.0000E+000,0.0000E+000,0.0000E+000,0.0000E+000,0.0000E+000,0.0000E+000,0.0000E+000,0.0000E+000,0.0000E+000,0.0000E+000,0.0000E+000,0.0000E+000,0.0000E+000,0.0000E+000,1.9893E-003,9.0455E-004,3.3185E-004,3.3994E-004,6.1850E-004,5.8079E-004,5.3444E-004,1.1410E-003,6.3445E-004,4.9596E-004,5.6369E-004,7.0329E-004,3.5229E-004,5.8682E-004,4.6925E-004,4.1409E-004,4.2396E-003,3.6577E-003,1.8613E-003,2.5593E-003,1.7351E-003,2.1386E-003,2.3691E-003,3.3117E-003,2.6495E-003,2.3527E-003,2.3440E-003,1.8061E-003,2.9689E-003,1.9791E-003,1.6913E-003,1.5989E-003,1.8032E-003,6.0931E-003,1.7488E-003,3.3528E-003,1.3763E-003,3.2122E-003,2.4437E-003,6.9216E-003,1.4634E-002,1.5152E-002,4.1263E-003,6.2330E-003,5.0991E-003,7.0516E-003,2.8795E-003,2.7163E-003,4.0675E-003,1.8110E-001,2.8881E-001,1.8480E-001,3.8317E-002,2.7119E-002,1.8437E-002,1.2635E-002,3.2886E-002,2.2031E-001,2.5195E-002,2.0518E-002,1.6421E-002,1.5334E-002,3.1698E-003,3.1605E-003,3.4851E-002,6.8109E-001,3.3023E-001,7.7490E-002,4.1145E-002,1.4199E-002,5.2929E-003,6.6755E-003,2.5206E-003,3.3001E-002,9.0923E-002,1.2534E-001,2.6063E-002,7.0597E-003,3.7259E-003,1.6898E-003,3.9065E-002,1.3299E-001,7.0433E-002,1.0556E-001,2.7901E-002,2.3745E-002,7.5261E-003,5.8146E-003,2.1134E-003,1.9422E-003,5.8348E-003,1.1729E-002,1.5880E-003,1.1118E-003,1.1858E-003,1.0977E-003,7.0774E-003,3.2842E-001,9.0487E-002,1.6746E-001,6.0735E-002,4.0104E-002,7.2282E-003,4.6523E-003,1.5337E-003,1.6127E-003,1.3020E-003,1.2618E-003,9.3532E-004,1.5736E-003,6.5687E-004,1.0524E-003,2.9769E-003,1.7436E-002,8.1144E-003,7.4183E-003,4.4302E-003,4.3297E-003,1.5487E-003,1.8896E-003,1.4898E-003,1.8331E-003,9.8015E-004,1.7482E-003,1.7930E-003,1.5878E-003,1.0515E-003,8.5564E-004,7.1911E-004,9.7046E-005,2.7172E-004,2.1580E-004,3.5804E-004,7.7129E-004,6.8522E-004,1.1116E-003,6.3382E-004,8.3134E-004,8.8635E-004,1.1815E-003,8.5191E-004,1.0708E-003,7.6202E-004,5.8701E-004,1.6645E-004,6.3640E-005,1.4143E-004,2.3114E-005,5.7013E-005,2.3316E-004,1.7326E-004,2.1568E-004,1.0036E-004,1.3832E-004,1.0651E-004,1.4629E-004,1.2372E-004,1.2966E-004,1.4211E-004,8.8556E-005,0.0000E+000,0.0000E+000,0.0000E+000,0.0000E+000,0.0000E+000,0.0000E+000,0.0000E+000,0.0000E+000,0.0000E+000,0.0000E+000,0.0000E+000,0.0000E+000,0.0000E+000,0.0000E+000,0.0000E+000,0.0000E+000,0.0000E+000,0.0000E+000,0.0000E+000,0.0000E+000,0.0000E+000,0.0000E+000,0.0000E+000,0.0000E+000,0.0000E+000,0.0000E+000,0.0000E+000,0.0000E+000,0.0000E+000,0.0000E+000,0.0000E+000,0.0000E+000,D:\Dropbox\study_share\bird\code\birdsong_project\sample_data\特徴ベクトルデータ生成用サンプル\音源ファイル\tattayama20090616_0445_0450.WAV
キビタキ,,214.78,0.74,26.95,0.0000E+000,0.0000E+000,0.0000E+000,0.0000E+000,0.0000E+000,0.0000E+000,0.0000E+000,0.0000E+000,0.0000E+000,0.0000E+000,0.0000E+000,0.0000E+000,0.0000E+000,0.0000E+000,0.0000E+000,0.0000E+000,0.0000E+000,0.0000E+000,0.0000E+000,0.0000E+000,0.0000E+000,0.0000E+000,0.0000E+000,0.0000E+000,0.0000E+000,0.0000E+000,0.0000E+000,0.0000E+000,0.0000E+000,0.0000E+000,0.0000E+000,0.0000E+000,0.0000E+000,0.0000E+000,0.0000E+000,0.0000E+000,0.0000E+000,0.0000E+000,0.0000E+000,0.0000E+000,0.0000E+000,0.0000E+000,0.0000E+000,0.0000E+000,0.0000E+000,0.0000E+000,0.0000E+000,0.0000E+000,0.0000E+000,0.0000E+000,0.0000E+000,0.0000E+000,0.0000E+000,0.0000E+000,0.0000E+000,0.0000E+000,0.0000E+000,0.0000E+000,0.0000E+000,0.0000E+000,0.0000E+000,0.0000E+000,0.0000E+000,0.0000E+000,9.0364E-003,2.7107E-002,2.7808E-001,6.9122E-002,1.9042E-002,1.2016E-002,2.3522E-003,4.5038E-004,2.5784E-004,1.2243E-004,2.8029E-004,2.4742E-004,5.5035E-004,1.6463E-002,2.4478E-001,1.2426E-001,6.3149E-003,2.0235E-002,1.8141E-001,4.3497E-002,1.9011E-002,8.6241E-003,1.4179E-003,4.8957E-004,5.7742E-004,7.3207E-004,4.7360E-004,5.3627E-004,1.2664E-003,1.2097E-002,1.6353E-001,7.3292E-002,3.8244E-003,2.4494E-003,2.2531E-003,1.3133E-003,8.5551E-004,9.0607E-004,4.3374E-004,6.2905E-004,8.7057E-004,5.8727E-004,4.3844E-004,3.8741E-004,6.7644E-004,2.3998E-003,1.7917E-003,8.7372E-004,1.7673E-002,4.7824E-003,2.5386E-003,6.3614E-003,2.4248E-003,1.0134E-003,6.6944E-004,4.1519E-004,1.0572E-003,4.8409E-004,1.7200E-003,2.5365E-003,2.0062E-003,8.8938E-003,8.1510E-003,1.7005E-003,2.0659E-003,5.2923E-003,5.8417E-003,1.0587E-002,1.0380E-002,2.2624E-003,1.0021E-003,4.9284E-003,5.9691E-004,5.9813E-004,1.1819E-002,1.6733E-002,7.1107E-003,5.8810E-003,4.9549E-003,2.2373E-003,2.3439E-004,1.6620E-003,1.9253E-003,2.4162E-003,7.1123E-002,5.6075E-002,8.7918E-003,1.0850E-002,3.9116E-002,2.1885E-002,1.0517E-002,4.0546E-003,1.7566E-003,1.0287E-003,2.7692E-003,1.0914E-003,2.5283E-001,6.0756E-001,1.0233E-001,8.7168E-002,1.0585E-001,1.2293E-001,2.1846E-002,1.5718E-001,6.1646E-002,4.2660E-002,1.4210E-002,4.9311E-003,1.6731E-003,1.8899E-003,9.9390E-003,4.7114E-003,2.3547E-001,4.0027E-001,1.1729E-001,1.2276E-001,3.6907E-002,1.4450E-002,7.3554E-003,4.7681E-002,2.9042E-003,2.5561E-003,1.3946E-003,6.8576E-004,1.1397E-003,4.4904E-003,5.3860E-002,2.8848E-002,1.5239E-003,5.2653E-003,8.2387E-003,6.6857E-003,2.5838E-003,7.4096E-004,3.5468E-004,1.1518E-004,5.6967E-005,7.6774E-005,7.2019E-005,2.0601E-004,5.0078E-004,7.6986E-004,7.8009E-003,3.6567E-003,1.4988E-004,1.2166E-004,5.0562E-005,1.1626E-005,1.2991E-007,1.0473E-005,1.7834E-005,8.7515E-006,2.0390E-005,3.0275E-005,1.5983E-005,2.2393E-005,1.3748E-005,2.3591E-005,2.0015E-005,6.0195E-010,0.0000E+000,0.0000E+000,0.0000E+000,0.0000E+000,0.0000E+000,0.0000E+000,0.0000E+000,0.0000E+000,0.0000E+000,0.0000E+000,0.0000E+000,0.0000E+000,0.0000E+000,0.0000E+000,0.0000E+000,0.0000E+000,0.0000E+000,0.0000E+000,0.0000E+000,0.0000E+000,0.0000E+000,0.0000E+000,0.0000E+000,0.0000E+000,0.0000E+000,0.0000E+000,0.0000E+000,0.0000E+000,0.0000E+000,0.0000E+000,0.0000E+000,0.0000E+000,D:\Dropbox\study_share\bird\code\birdsong_project\sample_data\特徴ベクトルデータ生成用サンプル\音源ファイル\tattayama20090616_0445_0450.WAV
キビタキ,,234.10,4.64,32.18,0.0000E+000,0.0000E+000,0.0000E+000,0.0000E+000,0.0000E+000,0.0000E+000,0.0000E+000,0.0000E+000,0.0000E+000,0.0000E+000,0.0000E+000,0.0000E+000,0.0000E+000,0.0000E+000,0.0000E+000,0.0000E+000,0.0000E+000,0.0000E+000,0.0000E+000,0.0000E+000,0.0000E+000,0.0000E+000,0.0000E+000,0.0000E+000,0.0000E+000,0.0000E+000,0.0000E+000,0.0000E+000,0.0000E+000,0.0000E+000,0.0000E+000,0.0000E+000,0.0000E+000,0.0000E+000,0.0000E+000,0.0000E+000,0.0000E+000,0.0000E+000,0.0000E+000,0.0000E+000,0.0000E+000,0.0000E+000,0.0000E+000,0.0000E+000,0.0000E+000,0.0000E+000,0.0000E+000,0.0000E+000,0.0000E+000,0.0000E+000,0.0000E+000,0.0000E+000,0.0000E+000,0.0000E+000,0.0000E+000,0.0000E+000,0.0000E+000,0.0000E+000,0.0000E+000,0.0000E+000,0.0000E+000,0.0000E+000,0.0000E+000,0.0000E+000,4.8551E-004,6.4340E-004,6.5105E-004,5.8027E-004,5.6583E-004,8.1705E-004,6.5894E-004,4.7311E-004,5.5222E-004,5.5497E-004,5.5594E-004,6.3163E-004,6.8730E-004,5.5669E-004,7.0677E-004,5.5428E-004,1.9428E-003,2.8162E-003,2.0264E-003,2.4916E-003,1.9151E-003,2.5569E-003,2.1848E-003,2.0157E-003,2.1666E-003,2.6117E-003,2.1797E-003,2.7517E-003,2.2003E-003,2.4583E-003,3.2998E-003,2.1269E-003,2.1365E-003,5.5496E-003,2.8312E-003,2.8705E-003,3.9305E-003,3.3609E-003,3.0883E-003,2.3137E-003,8.7812E-003,4.0613E-003,6.6878E-003,4.2846E-003,2.9478E-003,2.8025E-003,6.5079E-003,2.0318E-003,1.4046E-002,8.1463E-003,1.8271E-002,1.3937E-002,5.9333E-003,1.5631E-002,3.8365E-002,4.8205E-002,3.2938E-002,7.5920E-002,5.3718E-002,1.0751E-001,1.3814E-001,1.4101E-002,2.3052E-002,7.6420E-002,2.5945E-002,6.0409E-003,1.8811E-002,1.7742E-002,1.1398E-002,1.1994E-002,3.5837E-001,2.2810E-002,7.3264E-003,3.6984E-002,1.8607E-002,3.2577E-001,5.0905E-002,4.9828E-002,6.9407E-002,1.2752E-001,4.1858E-002,1.0039E-001,6.1395E-003,8.7981E-003,1.8676E-002,1.9761E-003,1.8705E-002,2.4200E-003,2.0914E-003,6.1755E-003,2.9570E-003,2.7753E-002,8.7354E-004,4.6340E-002,4.7245E-002,3.7243E-002,5.0459E-001,2.1933E-001,5.1556E-003,7.1538E-003,6.5242E-002,2.1944E-003,1.1498E-003,2.5142E-003,3.7374E-003,3.6387E-003,2.1638E-003,3.1877E-003,1.2792E-003,3.5584E-001,2.1665E-001,1.5927E-001,3.7607E-001,2.5098E-002,1.0947E-003,8.3599E-004,2.6266E-003,1.1098E-003,2.0378E-003,2.9980E-003,2.8498E-003,2.3361E-003,1.2275E-003,2.4336E-003,1.3205E-003,4.2257E-002,1.1058E-001,2.2975E-002,3.2582E-003,2.9424E-004,7.3370E-004,7.2902E-004,4.7029E-004,7.5285E-004,8.8344E-004,1.1636E-003,9.1511E-004,8.5912E-004,6.1620E-004,1.1851E-003,8.2659E-004,1.1366E-003,3.4480E-002,6.9649E-004,2.4708E-004,5.9642E-005,1.0612E-004,1.0220E-004,7.6526E-005,1.0173E-004,1.3434E-004,1.0918E-004,1.3578E-004,9.5598E-005,1.0426E-004,9.8549E-005,1.2078E-004,7.9356E-005,2.3444E-005,1.0185E-004,0.0000E+000,0.0000E+000,0.0000E+000,0.0000E+000,0.0000E+000,0.0000E+000,0.0000E+000,0.0000E+000,0.0000E+000,0.0000E+000,0.0000E+000,0.0000E+000,0.0000E+000,0.0000E+000,0.0000E+000,0.0000E+000,0.0000E+000,0.0000E+000,0.0000E+000,0.0000E+000,0.0000E+000,0.0000E+000,0.0000E+000,0.0000E+000,0.0000E+000,0.0000E+000,0.0000E+000,0.0000E+000,0.0000E+000,0.0000E+000,0.0000E+000,0.0000E+000,D:\Dropbox\study_share\bird\code\birdsong_project\sample_data\特徴ベクトルデータ生成用サンプル\音源ファイル\tattayama20090616_0445_0450.WAV
キビタキ,,240.77,1.86,29.16,0.0000E+000,0.0000E+000,0.0000E+000,0.0000E+000,0.0000E+000,0.0000E+000,0.0000E+000,0.0000E+000,0.0000E+000,0.0000E+000,0.0000E+000,0.0000E+000,0.0000E+000,0.0000E+000,0.0000E+000,0.0000E+000,0.0000E+000,0.0000E+000,0.0000E+000,0.0000E+000,0.0000E+000,0.0000E+000,0.0000E+000,0.0000E+000,0.0000E+000,0.0000E+000,0.0000E+000,0.0000E+000,0.0000E+000,0.0000E+000,0.0000E+000,0.0000E+000,0.0000E+000,0.0000E+000,0.0000E+000,0.0000E+000,0.0000E+000,0.0000E+000,0.0000E+000,0.0000E+000,0.0000E+000,0.0000E+000,0.0000E+000,0.0000E+000,0.0000E+000,0.0000E+000,0.0000E+000,0.0000E+000,0.0000E+000,0.0000E+000,0.0000E+000,0.0000E+000,0.0000E+000,0.0000E+000,0.0000E+000,0.0000E+000,0.0000E+000,0.0000E+000,0.0000E+000,0.0000E+000,0.0000E+000,0.0000E+000,0.0000E+000,0.0000E+000,6.5231E-004,6.9290E-004,1.0945E-003,8.3413E-004,7.2806E-004,7.3612E-004,9.1174E-004,1.0718E-003,1.2434E-003,5.6894E-004,5.5404E-004,9.5784E-004,5.0919E-004,8.8125E-004,6.5250E-004,8.6553E-004,3.1425E-003,2.7784E-003,3.0950E-003,2.1269E-003,3.2423E-003,2.2060E-003,3.2347E-003,4.5836E-003,3.2248E-003,2.9201E-003,2.6092E-003,4.0690E-003,3.5365E-003,2.1109E-003,2.2738E-003,2.0679E-003,3.0500E-003,2.6473E-003,2.4149E-003,3.7089E-003,3.3939E-003,3.1370E-003,4.4755E-003,6.8293E-003,3.0151E-003,6.2435E-003,4.4224E-003,4.4016E-003,3.0025E-003,2.9478E-003,2.1461E-003,1.8964E-003,1.9794E-002,5.7565E-003,3.9785E-003,1.8214E-002,7.9922E-003,1.0907E-002,2.9257E-002,9.6719E-003,3.3891E-003,7.6810E-003,3.6205E-003,1.0802E-002,3.0066E-002,1.0545E-002,3.1356E-003,1.7533E-003,1.3318E-001,1.4979E-001,4.2129E-002,1.7078E-002,4.0646E-003,3.7756E-003,1.2287E-001,1.2577E-001,5.3334E-002,1.7877E-002,3.1497E-003,4.0806E-003,2.6187E-002,2.3154E-002,4.8151E-003,1.7574E-003,1.6145E-002,5.7606E-002,4.6594E-002,1.1587E-001,1.2303E-001,1.0776E-002,1.8092E-002,4.8962E-002,1.0118E-001,8.9320E-002,1.6061E-001,1.1244E-002,6.5621E-003,1.2477E-002,2.9848E-003,1.5690E-003,2.2459E-003,2.8834E-003,4.1767E-003,6.5357E-001,3.0291E-001,2.0686E-002,5.3119E-003,1.8115E-003,2.1448E-003,2.9247E-001,4.7964E-001,2.3457E-002,4.2686E-003,2.3891E-003,1.5849E-003,1.1244E-003,2.0596E-003,2.2836E-003,3.7745E-003,4.0393E-002,3.5873E-003,2.2080E-003,1.5571E-003,1.5054E-003,2.6427E-003,6.2725E-003,1.6394E-003,3.5481E-003,2.1821E-003,2.0889E-003,1.7477E-003,8.0207E-004,1.3361E-003,1.0405E-003,1.6508E-003,8.4640E-004,8.2619E-004,1.1511E-003,9.0133E-004,8.8120E-004,1.2464E-003,7.8209E-004,1.2173E-003,1.4812E-003,1.0332E-003,9.2453E-004,1.1515E-003,6.7437E-004,2.0132E-004,1.6869E-004,9.4844E-005,2.0301E-004,7.5565E-005,1.4201E-004,1.3175E-004,1.7720E-004,1.5742E-004,1.1091E-004,6.7104E-005,1.1016E-004,1.4658E-004,1.3492E-004,1.6632E-004,8.7811E-005,0.0000E+000,0.0000E+000,0.0000E+000,0.0000E+000,0.0000E+000,0.0000E+000,0.0000E+000,0.0000E+000,0.0000E+000,0.0000E+000,0.0000E+000,0.0000E+000,0.0000E+000,0.0000E+000,0.0000E+000,0.0000E+000,0.0000E+000,0.0000E+000,0.0000E+000,0.0000E+000,0.0000E+000,0.0000E+000,0.0000E+000,0.0000E+000,0.0000E+000,0.0000E+000,0.0000E+000,0.0000E+000,0.0000E+000,0.0000E+000,0.0000E+000,0.0000E+000,D:\Dropbox\study_share\bird\code\birdsong_project\sample_data\特徴ベクトルデータ生成用サンプル\音源ファイル\tattayama20090616_0445_0450.WAV
キビタキ,,244.44,2.81,34.82,0.0000E+000,0.0000E+000,0.0000E+000,0.0000E+000,0.0000E+000,0.0000E+000,0.0000E+000,0.0000E+000,0.0000E+000,0.0000E+000,0.0000E+000,0.0000E+000,0.0000E+000,0.0000E+000,0.0000E+000,0.0000E+000,0.0000E+000,0.0000E+000,0.0000E+000,0.0000E+000,0.0000E+000,0.0000E+000,0.0000E+000,0.0000E+000,0.0000E+000,0.0000E+000,0.0000E+000,0.0000E+000,0.0000E+000,0.0000E+000,0.0000E+000,0.0000E+000,0.0000E+000,0.0000E+000,0.0000E+000,0.0000E+000,0.0000E+000,0.0000E+000,0.0000E+000,0.0000E+000,0.0000E+000,0.0000E+000,0.0000E+000,0.0000E+000,0.0000E+000,0.0000E+000,0.0000E+000,0.0000E+000,0.0000E+000,0.0000E+000,0.0000E+000,0.0000E+000,0.0000E+000,0.0000E+000,0.0000E+000,0.0000E+000,0.0000E+000,0.0000E+000,0.0000E+000,0.0000E+000,0.0000E+000,0.0000E+000,0.0000E+000,0.0000E+000,2.3699E-004,2.6753E-004,5.2751E-004,1.2055E-003,1.7912E-004,1.9667E-004,1.7599E-004,5.0827E-004,8.8286E-004,2.7913E-004,2.0662E-004,2.7506E-004,5.8835E-004,3.1524E-004,2.0229E-004,1.9015E-004,7.0344E-004,9.3495E-004,1.5240E-003,2.0001E-003,7.1424E-004,8.5675E-004,7.4982E-004,1.7632E-003,1.4486E-003,9.4163E-004,7.7021E-004,1.2000E-003,1.6065E-003,1.0352E-003,1.1107E-003,7.9487E-004,4.6425E-003,1.8158E-003,1.3818E-003,1.3753E-002,7.7924E-003,2.4162E-003,3.2080E-003,7.5895E-003,3.1817E-003,2.3989E-003,2.1752E-003,1.0813E-003,2.6416E-003,2.8361E-003,5.3519E-003,3.1209E-003,3.7521E-002,2.5757E-003,6.9308E-002,1.7940E-002,5.8471E-002,8.6938E-003,6.1255E-002,9.6109E-002,2.4029E-002,3.3617E-002,1.0456E-001,1.0337E-002,1.1673E-002,1.2356E-002,5.1636E-002,3.1303E-002,2.2231E-001,5.5544E-003,5.2828E-002,3.4469E-003,9.2737E-002,2.7883E-002,1.2922E-001,6.8493E-002,5.0668E-003,7.3967E-003,4.9387E-002,1.8185E-001,1.0859E-001,4.5483E-002,3.4950E-002,2.3608E-002,1.2222E-001,7.0172E-002,3.0413E-002,2.6965E-002,4.3757E-003,2.3699E-003,2.0947E-002,2.8825E-002,5.4630E-003,5.7489E-004,5.5312E-004,7.3703E-001,9.0439E-002,7.5165E-003,1.0915E-002,1.1203E-003,1.7315E-004,4.5258E-001,1.9310E-001,3.1528E-002,1.8951E-003,8.6611E-004,5.8122E-003,3.3981E-002,1.8978E-002,9.1289E-004,7.6400E-004,3.3292E-003,9.8028E-004,7.7588E-004,1.5188E-003,7.5265E-004,5.1847E-004,2.1717E-002,7.6150E-002,1.4978E-002,9.2898E-004,8.5307E-004,3.9622E-004,9.1402E-004,1.3585E-003,5.7626E-004,6.2869E-004,3.0206E-004,5.4706E-004,7.3922E-004,4.7787E-004,3.6307E-004,2.9753E-004,2.6674E-004,1.3479E-004,1.7446E-004,4.7938E-004,4.6510E-004,2.4058E-004,1.9480E-004,3.1339E-004,3.6025E-004,3.5951E-004,1.6324E-004,2.8067E-004,3.4949E-004,3.2248E-004,3.1029E-004,3.7065E-005,1.0842E-005,2.2233E-005,2.2281E-005,4.1520E-005,5.5321E-005,2.1275E-005,3.4789E-005,1.8947E-005,4.1076E-005,5.9290E-005,2.4543E-005,4.2567E-005,3.1512E-005,3.8403E-005,5.1441E-005,0.0000E+000,0.0000E+000,0.0000E+000,0.0000E+000,0.0000E+000,0.0000E+000,0.0000E+000,0.0000E+000,0.0000E+000,0.0000E+000,0.0000E+000,0.0000E+000,0.0000E+000,0.0000E+000,0.0000E+000,0.0000E+000,0.0000E+000,0.0000E+000,0.0000E+000,0.0000E+000,0.0000E+000,0.0000E+000,0.0000E+000,0.0000E+000,0.0000E+000,0.0000E+000,0.0000E+000,0.0000E+000,0.0000E+000,0.0000E+000,0.0000E+000,0.0000E+000,D:\Dropbox\study_share\bird\code\birdsong_project\sample_data\特徴ベクトルデータ生成用サンプル\音源ファイル\tattayama20090616_0445_0450.WAV
キビタキ,,256.44,1.09,35.51,0.0000E+000,0.0000E+000,0.0000E+000,0.0000E+000,0.0000E+000,0.0000E+000,0.0000E+000,0.0000E+000,0.0000E+000,0.0000E+000,0.0000E+000,0.0000E+000,0.0000E+000,0.0000E+000,0.0000E+000,0.0000E+000,0.0000E+000,0.0000E+000,0.0000E+000,0.0000E+000,0.0000E+000,0.0000E+000,0.0000E+000,0.0000E+000,0.0000E+000,0.0000E+000,0.0000E+000,0.0000E+000,0.0000E+000,0.0000E+000,0.0000E+000,0.0000E+000,0.0000E+000,0.0000E+000,0.0000E+000,0.0000E+000,0.0000E+000,0.0000E+000,0.0000E+000,0.0000E+000,0.0000E+000,0.0000E+000,0.0000E+000,0.0000E+000,0.0000E+000,0.0000E+000,0.0000E+000,0.0000E+000,0.0000E+000,0.0000E+000,0.0000E+000,0.0000E+000,0.0000E+000,0.0000E+000,0.0000E+000,0.0000E+000,0.0000E+000,0.0000E+000,0.0000E+000,0.0000E+000,0.0000E+000,0.0000E+000,0.0000E+000,0.0000E+000,1.9002E-004,9.6353E-005,2.0619E-004,1.0157E-004,1.3349E-004,2.8784E-004,5.6068E-005,2.4784E-004,3.6945E-004,2.2093E-004,8.7148E-005,4.6346E-005,1.3525E-004,1.7878E-004,1.5949E-004,2.4710E-004,6.3866E-004,4.1722E-004,3.7053E-004,5.3441E-004,5.5116E-004,6.7807E-004,3.2663E-004,4.2147E-004,7.8787E-004,6.7021E-004,5.6406E-004,3.3402E-004,3.9801E-004,6.8962E-004,4.4005E-004,5.6331E-004,2.1473E-003,1.7971E-003,1.0609E-003,1.3256E-003,1.8506E-003,1.3617E-003,2.0107E-003,7.9825E-004,6.8300E-004,3.6382E-003,9.7795E-004,1.9025E-003,1.8125E-002,3.4720E-003,3.9562E-003,4.9840E-003,6.4495E-003,7.4583E-003,2.0951E-002,3.5227E-003,3.1001E-002,6.6796E-002,3.1042E-002,7.7889E-003,2.2124E-003,5.1931E-002,1.9666E-002,2.1033E-002,2.9594E-002,6.4455E-003,5.6203E-003,6.7575E-003,1.8042E-001,2.7570E-001,4.4126E-002,7.2974E-003,1.4936E-002,3.8434E-002,5.6918E-003,3.8795E-003,7.6612E-004,4.9455E-002,3.8236E-002,4.6794E-002,1.7071E-002,3.8147E-003,3.5339E-003,1.9661E-003,3.2997E-002,6.5269E-002,5.7492E-003,1.0811E-003,6.8777E-002,2.9749E-002,3.6447E-002,5.9711E-002,1.9641E-002,6.2790E-003,1.0339E-002,9.2015E-003,1.3139E-003,6.4809E-004,8.1896E-004,4.4482E-004,2.2861E-004,1.7507E-001,6.2217E-001,6.0046E-002,2.1292E-001,4.4305E-002,3.7335E-001,1.1311E-001,2.0452E-002,6.0856E-003,3.6353E-003,1.4458E-003,5.7381E-004,3.6923E-004,2.4745E-004,1.5933E-004,3.7481E-004,1.6945E-001,4.3659E-001,3.7237E-002,1.0053E-001,1.3680E-002,2.1621E-002,4.4060E-003,5.3245E-004,8.8882E-004,5.4365E-004,6.5626E-004,3.2447E-004,2.7158E-004,2.1892E-004,1.5136E-004,2.4068E-004,3.6220E-003,2.9510E-003,8.8258E-004,9.0469E-005,2.7771E-005,1.1501E-005,7.5066E-005,1.8794E-004,2.2995E-004,1.4600E-004,2.7524E-004,1.6375E-004,2.0373E-004,1.9931E-004,1.0126E-004,3.6704E-005,2.0726E-004,3.0721E-004,6.8071E-005,3.6013E-006,9.2530E-006,4.3365E-006,1.6821E-005,1.8276E-005,3.1401E-005,1.8271E-005,2.8736E-005,2.2635E-005,2.7569E-005,4.8867E-005,1.1922E-005,0.0000E+000,0.0000E+000,0.0000E+000,0.0000E+000,0.0000E+000,0.0000E+000,0.0000E+000,0.0000E+000,0.0000E+000,0.0000E+000,0.0000E+000,0.0000E+000,0.0000E+000,0.0000E+000,0.0000E+000,0.0000E+000,0.0000E+000,0.0000E+000,0.0000E+000,0.0000E+000,0.0000E+000,0.0000E+000,0.0000E+000,0.0000E+000,0.0000E+000,0.0000E+000,0.0000E+000,0.0000E+000,0.0000E+000,0.0000E+000,0.0000E+000,0.0000E+000,D:\Dropbox\study_share\bird\code\birdsong_project\sample_data\特徴ベクトルデータ生成用サンプル\音源ファイル\tattayama20090616_0445_0450.WAV
キビタキ,,260.37,0.58,21.62,0.0000E+000,0.0000E+000,0.0000E+000,0.0000E+000,0.0000E+000,0.0000E+000,0.0000E+000,0.0000E+000,0.0000E+000,0.0000E+000,0.0000E+000,0.0000E+000,0.0000E+000,0.0000E+000,0.0000E+000,0.0000E+000,0.0000E+000,0.0000E+000,0.0000E+000,0.0000E+000,0.0000E+000,0.0000E+000,0.0000E+000,0.0000E+000,0.0000E+000,0.0000E+000,0.0000E+000,0.0000E+000,0.0000E+000,0.0000E+000,0.0000E+000,0.0000E+000,0.0000E+000,0.0000E+000,0.0000E+000,0.0000E+000,0.0000E+000,0.0000E+000,0.0000E+000,0.0000E+000,0.0000E+000,0.0000E+000,0.0000E+000,0.0000E+000,0.0000E+000,0.0000E+000,0.0000E+000,0.0000E+000,0.0000E+000,0.0000E+000,0.0000E+000,0.0000E+000,0.0000E+000,0.0000E+000,0.0000E+000,0.0000E+000,0.0000E+000,0.0000E+000,0.0000E+000,0.0000E+000,0.0000E+000,0.0000E+000,0.0000E+000,0.0000E+000,6.0580E-004,8.9214E-004,3.6844E-004,2.4254E-003,6.6127E-004,1.5922E-003,8.2630E-004,1.2606E-003,1.4107E-003,5.9852E-004,1.2491E-003,1.7734E-003,1.2422E-003,1.0775E-003,1.2792E-003,1.2322E-003,6.2449E-003,7.0743E-003,2.7653E-003,7.7776E-003,1.7802E-003,4.0499E-003,1.3487E-003,3.6529E-003,6.5549E-003,1.7802E-003,3.7821E-003,4.3500E-003,4.6864E-003,3.3106E-003,7.8858E-003,3.5601E-003,6.1231E-003,9.5772E-003,8.5899E-003,1.0551E-002,3.8801E-003,5.6311E-003,1.7572E-003,4.2211E-003,6.4419E-003,1.9602E-003,3.3171E-003,4.7963E-003,1.5999E-002,1.1107E-002,2.4027E-002,7.9468E-003,1.0643E-002,5.2785E-003,5.1315E-003,2.0066E-002,3.4520E-003,3.7301E-002,2.5689E-002,2.5289E-002,1.0606E-002,3.6255E-003,5.3401E-003,3.9119E-003,7.2277E-003,6.2217E-003,1.8589E-002,5.9161E-003,3.0365E-002,6.5863E-002,1.7176E-002,3.5209E-002,2.9558E-002,1.0651E-001,3.6516E-002,4.7505E-002,3.2985E-002,8.1035E-003,8.2436E-003,1.7654E-003,3.3303E-003,9.7557E-003,1.1695E-002,4.8503E-003,7.8443E-002,1.5706E-001,1.6905E-001,2.5349E-001,2.1159E-001,1.5428E-001,1.3243E-001,1.2528E-001,6.5858E-002,2.3402E-002,1.5223E-002,4.1239E-003,5.8466E-003,2.6490E-003,7.2371E-003,2.0534E-003,3.2312E-003,1.4872E-001,1.9956E-001,4.3206E-001,2.0707E-001,5.0736E-001,2.5245E-001,3.2852E-001,8.8875E-002,3.8070E-002,3.0871E-002,8.2484E-003,7.1976E-003,3.6898E-003,4.7344E-003,3.1191E-003,1.6311E-003,4.2025E-002,9.9754E-003,2.6029E-002,1.3250E-002,6.9839E-002,1.5911E-002,1.7214E-002,5.6146E-003,5.0341E-003,5.9772E-003,2.5114E-003,4.3612E-003,2.3169E-003,6.2491E-003,3.3320E-003,1.7290E-003,1.3083E-003,1.7349E-004,1.2338E-003,8.2000E-004,1.9795E-003,4.5686E-004,1.0201E-003,1.4043E-003,1.2553E-003,1.7402E-003,7.5841E-004,3.5187E-003,8.0980E-004,2.8597E-003,1.5801E-003,2.8585E-004,3.4123E-004,8.4223E-005,3.0183E-004,1.6959E-004,1.7259E-004,7.3372E-005,1.7942E-004,2.5847E-004,2.2676E-004,1.9480E-004,1.3477E-004,3.9398E-004,6.5454E-005,1.8701E-004,4.8648E-005,0.0000E+000,0.0000E+000,0.0000E+000,0.0000E+000,0.0000E+000,0.0000E+000,0.0000E+000,0.0000E+000,0.0000E+000,0.0000E+000,0.0000E+000,0.0000E+000,0.0000E+000,0.0000E+000,0.0000E+000,0.0000E+000,0.0000E+000,0.0000E+000,0.0000E+000,0.0000E+000,0.0000E+000,0.0000E+000,0.0000E+000,0.0000E+000,0.0000E+000,0.0000E+000,0.0000E+000,0.0000E+000,0.0000E+000,0.0000E+000,0.0000E+000,0.0000E+000,D:\Dropbox\study_share\bird\code\birdsong_project\sample_data\特徴ベクトルデータ生成用サンプル\音源ファイル\tattayama20090616_0445_0450.WAV
キビタキ,,262.50,1.79,24.93,0.0000E+000,0.0000E+000,0.0000E+000,0.0000E+000,0.0000E+000,0.0000E+000,0.0000E+000,0.0000E+000,0.0000E+000,0.0000E+000,0.0000E+000,0.0000E+000,0.0000E+000,0.0000E+000,0.0000E+000,0.0000E+000,0.0000E+000,0.0000E+000,0.0000E+000,0.0000E+000,0.0000E+000,0.0000E+000,0.0000E+000,0.0000E+000,0.0000E+000,0.0000E+000,0.0000E+000,0.0000E+000,0.0000E+000,0.0000E+000,0.0000E+000,0.0000E+000,0.0000E+000,0.0000E+000,0.0000E+000,0.0000E+000,0.0000E+000,0.0000E+000,0.0000E+000,0.0000E+000,0.0000E+000,0.0000E+000,0.0000E+000,0.0000E+000,0.0000E+000,0.0000E+000,0.0000E+000,0.0000E+000,0.0000E+000,0.0000E+000,0.0000E+000,0.0000E+000,0.0000E+000,0.0000E+000,0.0000E+000,0.0000E+000,0.0000E+000,0.0000E+000,0.0000E+000,0.0000E+000,0.0000E+000,0.0000E+000,0.0000E+000,0.0000E+000,2.2348E-004,2.5968E-004,3.2635E-004,3.7063E-004,1.2637E-003,1.3168E-003,1.2229E-003,5.6769E-004,5.2458E-004,3.0789E-004,3.9708E-004,3.5299E-004,4.1923E-004,3.2115E-004,6.8503E-004,3.5062E-004,1.2837E-003,9.9614E-004,1.3736E-003,1.3148E-003,2.6145E-003,2.5827E-003,3.5759E-003,1.8275E-003,1.8408E-003,9.5883E-004,1.5889E-003,1.6460E-003,1.2517E-003,1.3777E-003,1.6665E-003,1.2548E-003,4.3282E-003,1.3387E-003,1.4008E-003,1.0870E-002,5.5666E-003,2.1874E-003,5.9721E-003,6.2678E-003,3.4238E-003,1.0350E-003,2.6916E-003,1.2378E-002,3.5910E-003,4.9257E-003,5.2488E-003,1.1569E-003,6.6681E-002,1.3917E-001,1.7278E-002,7.5256E-002,1.1957E-001,6.4400E-003,1.3572E-002,2.4483E-001,1.7338E-001,6.4984E-002,3.2921E-002,9.1683E-002,1.3575E-002,5.5084E-002,3.6447E-002,5.9031E-003,1.6146E-001,4.4849E-001,5.3553E-002,8.1870E-002,1.2501E-001,7.6220E-003,7.7683E-002,7.3634E-002,1.9081E-001,4.2630E-001,2.4231E-002,5.0287E-003,1.6826E-003,1.5519E-001,1.0697E-002,2.4859E-003,6.2912E-003,2.7635E-002,4.0068E-002,8.4335E-002,1.3555E-001,1.1621E-002,1.2328E-002,1.7678E-002,2.1603E-002,7.2284E-002,4.7327E-002,2.0788E-002,2.4787E-003,2.2634E-002,1.6605E-003,8.9156E-004,9.0531E-004,3.8635E-004,5.3319E-004,3.2352E-001,4.3185E-001,2.8651E-002,5.2551E-003,9.1665E-004,1.4980E-003,3.1531E-003,9.5901E-002,3.6344E-002,4.1822E-003,2.5256E-003,1.2433E-003,9.4001E-004,7.4433E-004,7.9125E-004,6.9725E-004,8.6035E-004,4.3131E-004,9.2673E-004,6.7732E-004,5.9692E-004,6.4634E-004,8.5567E-004,9.6246E-004,5.2019E-004,9.3752E-004,8.8817E-004,9.5134E-004,1.2980E-003,4.2427E-004,5.2113E-004,4.0067E-004,3.1597E-004,3.9954E-004,5.6386E-004,3.6221E-004,3.7126E-004,5.3480E-004,4.0117E-004,4.3627E-004,1.5635E-004,5.7263E-004,4.5779E-004,4.7108E-004,5.0117E-004,6.3767E-005,5.5926E-005,6.5166E-005,6.1357E-005,3.9138E-005,4.9377E-005,4.8753E-005,4.8143E-005,4.7611E-005,8.7592E-005,9.9031E-005,3.5480E-005,7.3931E-005,4.0121E-005,5.4277E-005,7.2715E-005,0.0000E+000,0.0000E+000,0.0000E+000,0.0000E+000,0.0000E+000,0.0000E+000,0.0000E+000,0.0000E+000,0.0000E+000,0.0000E+000,0.0000E+000,0.0000E+000,0.0000E+000,0.0000E+000,0.0000E+000,0.0000E+000,0.0000E+000,0.0000E+000,0.0000E+000,0.0000E+000,0.0000E+000,0.0000E+000,0.0000E+000,0.0000E+000,0.0000E+000,0.0000E+000,0.0000E+000,0.0000E+000,0.0000E+000,0.0000E+000,0.0000E+000,0.0000E+000,D:\Dropbox\study_share\bird\code\birdsong_project\sample_data\特徴ベクトルデータ生成用サンプル\音源ファイル\tattayama20090616_0445_0450.WAV
キビタキ,,265.50,1.79,32.45,0.0000E+000,0.0000E+000,0.0000E+000,0.0000E+000,0.0000E+000,0.0000E+000,0.0000E+000,0.0000E+000,0.0000E+000,0.0000E+000,0.0000E+000,0.0000E+000,0.0000E+000,0.0000E+000,0.0000E+000,0.0000E+000,0.0000E+000,0.0000E+000,0.0000E+000,0.0000E+000,0.0000E+000,0.0000E+000,0.0000E+000,0.0000E+000,0.0000E+000,0.0000E+000,0.0000E+000,0.0000E+000,0.0000E+000,0.0000E+000,0.0000E+000,0.0000E+000,0.0000E+000,0.0000E+000,0.0000E+000,0.0000E+000,0.0000E+000,0.0000E+000,0.0000E+000,0.0000E+000,0.0000E+000,0.0000E+000,0.0000E+000,0.0000E+000,0.0000E+000,0.0000E+000,0.0000E+000,0.0000E+000,0.0000E+000,0.0000E+000,0.0000E+000,0.0000E+000,0.0000E+000,0.0000E+000,0.0000E+000,0.0000E+000,0.0000E+000,0.0000E+000,0.0000E+000,0.0000E+000,0.0000E+000,0.0000E+000,0.0000E+000,0.0000E+000,7.6034E-004,4.8740E-004,6.1626E-004,4.5154E-004,6.2286E-004,1.0101E-003,1.5097E-003,3.1069E-003,9.7187E-004,4.5241E-004,7.8495E-004,9.3262E-004,6.1803E-004,6.5723E-004,6.0959E-004,3.2079E-004,2.0300E-003,1.7625E-003,2.0430E-003,1.8654E-003,2.0292E-003,2.2060E-003,4.6991E-003,7.2891E-003,2.3642E-003,1.9218E-003,2.4987E-003,2.5868E-003,1.6423E-003,2.4594E-003,2.0293E-003,1.8990E-003,1.4067E-003,2.1518E-003,2.2159E-003,2.4506E-003,1.6856E-003,6.3672E-003,6.0465E-003,5.0608E-003,2.9858E-003,2.0698E-003,1.8330E-003,1.5064E-003,1.3225E-003,6.2508E-003,3.1015E-003,3.9909E-003,1.6961E-002,1.5581E-002,2.5307E-002,6.3017E-003,2.9352E-002,5.4419E-002,2.2231E-002,1.3403E-002,3.0838E-002,7.5094E-003,5.6663E-003,1.4324E-002,4.0443E-003,7.0829E-003,4.6717E-003,4.5705E-003,4.4773E-002,7.1517E-002,6.1909E-003,2.0955E-003,2.0069E-001,3.7473E-002,4.8407E-003,2.8140E-002,9.4568E-002,2.5548E-002,3.9632E-003,1.9080E-002,5.0939E-003,1.9129E-003,2.0920E-003,3.9164E-003,1.2876E-002,4.1422E-002,1.8425E-003,9.1410E-004,2.9200E-002,4.8592E-002,4.5719E-003,6.1440E-002,5.7663E-002,1.8168E-002,2.0679E-003,1.1957E-003,1.6286E-003,2.2769E-002,1.5186E-002,1.2053E-002,1.8663E-003,3.1992E-003,1.1569E-003,1.0697E-003,6.1857E-001,3.4026E-001,2.3779E-002,3.5516E-001,4.5468E-001,4.8098E-002,4.0015E-003,1.2506E-003,7.4890E-004,2.4772E-003,2.3826E-003,5.2793E-003,2.0783E-003,1.5900E-003,1.0905E-003,6.9797E-004,4.9899E-002,1.8393E-002,1.3824E-001,1.5671E-001,1.8174E-001,1.1860E-002,2.3057E-003,9.5589E-004,6.6407E-004,9.9413E-004,1.0498E-003,9.9988E-004,7.2584E-004,6.9634E-004,6.2567E-004,7.5343E-004,1.9907E-004,5.4454E-003,7.3522E-002,8.1787E-003,3.3806E-003,5.0689E-004,4.8504E-004,5.5291E-004,5.3237E-004,7.3484E-004,6.5052E-004,3.5596E-004,5.4669E-005,1.0335E-004,1.0112E-004,1.3874E-004,3.9409E-005,3.1246E-005,2.2941E-007,2.3600E-005,1.2769E-005,3.9098E-005,9.3746E-005,1.0045E-004,9.0225E-005,9.4874E-005,1.0540E-004,4.5416E-005,0.0000E+000,0.0000E+000,0.0000E+000,0.0000E+000,0.0000E+000,0.0000E+000,0.0000E+000,0.0000E+000,0.0000E+000,0.0000E+000,0.0000E+000,0.0000E+000,0.0000E+000,0.0000E+000,0.0000E+000,0.0000E+000,0.0000E+000,0.0000E+000,0.0000E+000,0.0000E+000,0.0000E+000,0.0000E+000,0.0000E+000,0.0000E+000,0.0000E+000,0.0000E+000,0.0000E+000,0.0000E+000,0.0000E+000,0.0000E+000,0.0000E+000,0.0000E+000,D:\Dropbox\study_share\bird\code\birdsong_project\sample_data\特徴ベクトルデータ生成用サンプル\音源ファイル\tattayama20090616_0445_0450.WAV
キビタキ,,271.12,2.23,32.57,0.0000E+000,0.0000E+000,0.0000E+000,0.0000E+000,0.0000E+000,0.0000E+000,0.0000E+000,0.0000E+000,0.0000E+000,0.0000E+000,0.0000E+000,0.0000E+000,0.0000E+000,0.0000E+000,0.0000E+000,0.0000E+000,0.0000E+000,0.0000E+000,0.0000E+000,0.0000E+000,0.0000E+000,0.0000E+000,0.0000E+000,0.0000E+000,0.0000E+000,0.0000E+000,0.0000E+000,0.0000E+000,0.0000E+000,0.0000E+000,0.0000E+000,0.0000E+000,0.0000E+000,0.0000E+000,0.0000E+000,0.0000E+000,0.0000E+000,0.0000E+000,0.0000E+000,0.0000E+000,0.0000E+000,0.0000E+000,0.0000E+000,0.0000E+000,0.0000E+000,0.0000E+000,0.0000E+000,0.0000E+000,0.0000E+000,0.0000E+000,0.0000E+000,0.0000E+000,0.0000E+000,0.0000E+000,0.0000E+000,0.0000E+000,0.0000E+000,0.0000E+000,0.0000E+000,0.0000E+000,0.0000E+000,0.0000E+000,0.0000E+000,0.0000E+000,2.2339E-004,2.6065E-004,1.8327E-004,1.2079E-004,1.7942E-004,1.7640E-004,3.5029E-004,2.2708E-004,1.3194E-004,1.3806E-004,2.5340E-004,1.2539E-004,1.6747E-004,1.6172E-004,1.3563E-004,1.7001E-004,5.7858E-004,9.6213E-004,5.9767E-004,5.9945E-004,7.9925E-004,8.9170E-004,9.5542E-004,6.2424E-004,7.2859E-004,4.7751E-004,6.5083E-004,6.6587E-004,7.3845E-004,5.7057E-004,6.8661E-004,6.3046E-004,7.8934E-004,4.3499E-003,2.5707E-003,6.3821E-004,6.3794E-004,7.3096E-004,2.8317E-003,1.4404E-003,2.2717E-003,7.6966E-004,1.8561E-003,5.3321E-003,1.4374E-003,1.2495E-003,1.8655E-003,2.0627E-002,1.2309E-003,6.9012E-003,3.0161E-003,3.9311E-002,4.8463E-002,6.4765E-003,5.2283E-002,2.0656E-002,4.0357E-002,9.0955E-002,1.1301E-002,4.4695E-002,1.6487E-002,2.8365E-001,9.2719E-003,3.8897E-002,8.5231E-004,1.2548E-003,6.0697E-004,6.0465E-002,6.9230E-002,7.2501E-002,3.8830E-002,6.8607E-003,1.4917E-001,1.2525E-001,8.7755E-003,1.1097E-002,6.2376E-003,2.6912E-001,9.2644E-003,1.2074E-003,9.0677E-002,1.6560E-001,3.5919E-002,1.1844E-002,2.1475E-003,1.3693E-002,2.9575E-003,1.4044E-002,1.1766E-002,3.1247E-003,1.2103E-003,6.0634E-004,3.7237E-004,8.4265E-004,7.2846E-004,1.0334E-003,4.2550E-001,6.0168E-001,3.9621E-001,1.2929E-002,8.9585E-004,4.3474E-004,4.8188E-004,1.3653E-002,4.0254E-002,1.5025E-002,8.4176E-004,8.4069E-004,5.2111E-004,8.8208E-004,9.1547E-004,7.1965E-004,4.0934E-002,1.9729E-003,1.7448E-001,4.2079E-003,4.6993E-004,3.1925E-004,3.9249E-004,2.4699E-004,1.6828E-003,1.3704E-003,5.2780E-004,9.8768E-004,4.9089E-004,6.6517E-004,4.4487E-004,3.4777E-004,3.1046E-004,9.9048E-005,2.1251E-005,2.0850E-004,2.2090E-004,2.6351E-004,2.8585E-004,1.6734E-004,1.2833E-004,2.3116E-004,2.3877E-004,3.5147E-004,2.4604E-004,2.1927E-004,2.5141E-004,2.5849E-004,9.5803E-006,1.2439E-005,5.7113E-006,3.4119E-005,3.3377E-005,3.6341E-005,3.4933E-005,3.2081E-005,2.0052E-005,2.3451E-005,3.6958E-005,3.4639E-005,3.8225E-005,2.3138E-005,3.4571E-005,3.6825E-005,0.0000E+000,0.0000E+000,0.0000E+000,0.0000E+000,0.0000E+000,0.0000E+000,0.0000E+000,0.0000E+000,0.0000E+000,0.0000E+000,0.0000E+000,0.0000E+000,0.0000E+000,0.0000E+000,0.0000E+000,0.0000E+000,0.0000E+000,0.0000E+000,0.0000E+000,0.0000E+000,0.0000E+000,0.0000E+000,0.0000E+000,0.0000E+000,0.0000E+000,0.0000E+000,0.0000E+000,0.0000E+000,0.0000E+000,0.0000E+000,0.0000E+000,0.0000E+000,D:\Dropbox\study_share\bird\code\birdsong_project\sample_data\特徴ベクトルデータ生成用サンプル\音源ファイル\tattayama20090616_0445_0450.WAV
