File Path,D:\GoogleDrive\study\NZ_bird\sounds\AL131_BIRA\AL131_BIRA_141106_200001.wav
キビタキ,checked OK,7.46,0.64,2.12,0.0000E+000,0.0000E+000,0.0000E+000,0.0000E+000,3.3322E-001,1.0000E+000,6.1427E-001,5.7644E-001,1.5618E-001,2.5260E-002,2.2740E-002,2.0086E-002,1.1823E-002,1.8026E-003,0.0000E+000,0.0000E+000,1.0000E+000,8.1694E-001,3.9096E-001,7.9969E-002,8.0446E-003,8.2708E-003,1.3037E-002,1.3167E-002,1.5919E-002,2.1405E-002,1.9635E-002,1.3254E-002,1.3879E-002,2.1933E-002,2.6628E-002,2.1114E-002,0.0000E+000,0.0000E+000,0.0000E+000,0.0000E+000,0.0000E+000,0.0000E+000,0.0000E+000,0.0000E+000,0.0000E+000,0.0000E+000,0.0000E+000,0.0000E+000,0.0000E+000,0.0000E+000,0.0000E+000,0.0000E+000,0.0000E+000,0.0000E+000,0.0000E+000,0.0000E+000,0.0000E+000,0.0000E+000,0.0000E+000,0.0000E+000,0.0000E+000,0.0000E+000,0.0000E+000,0.0000E+000,0.0000E+000,0.0000E+000,0.0000E+000,0.0000E+000,0.0000E+000,0.0000E+000,
キビタキ,checked OK,8.90,0.61,4.51,0.0000E+000,0.0000E+000,0.0000E+000,0.0000E+000,2.4109E-001,1.0000E+000,4.9415E-001,9.3416E-002,3.1276E-002,1.6447E-002,3.3855E-001,9.2156E-002,1.0357E-002,1.6355E-003,0.0000E+000,0.0000E+000,1.0000E+000,8.4828E-001,4.5836E-001,1.2428E-001,1.6615E-002,2.8013E-003,3.5795E-003,8.4786E-003,8.6105E-003,4.4263E-003,1.4734E-003,9.9357E-004,1.7859E-003,3.3261E-003,4.9746E-003,4.8454E-003,0.0000E+000,0.0000E+000,0.0000E+000,0.0000E+000,0.0000E+000,0.0000E+000,0.0000E+000,0.0000E+000,0.0000E+000,0.0000E+000,0.0000E+000,0.0000E+000,0.0000E+000,0.0000E+000,0.0000E+000,0.0000E+000,0.0000E+000,0.0000E+000,0.0000E+000,0.0000E+000,0.0000E+000,0.0000E+000,0.0000E+000,0.0000E+000,0.0000E+000,0.0000E+000,0.0000E+000,0.0000E+000,0.0000E+000,0.0000E+000,0.0000E+000,0.0000E+000,0.0000E+000,0.0000E+000,
キビタキ,checked OK,29.09,0.74,5.92,0.0000E+000,0.0000E+000,0.0000E+000,0.0000E+000,3.0505E-001,8.2717E-001,1.0000E+000,5.6835E-001,8.0989E-001,6.6625E-001,1.8084E-001,2.1927E-002,1.2851E-002,1.8610E-003,0.0000E+000,0.0000E+000,1.0000E+000,7.1022E-001,2.1420E-001,2.2423E-002,2.3678E-002,7.1691E-003,4.9489E-003,5.0988E-003,2.1986E-003,3.2259E-003,7.9414E-003,7.4679E-003,6.6030E-003,1.4009E-002,1.4697E-002,7.7377E-003,0.0000E+000,0.0000E+000,0.0000E+000,0.0000E+000,0.0000E+000,0.0000E+000,0.0000E+000,0.0000E+000,0.0000E+000,0.0000E+000,0.0000E+000,0.0000E+000,0.0000E+000,0.0000E+000,0.0000E+000,0.0000E+000,0.0000E+000,0.0000E+000,0.0000E+000,0.0000E+000,0.0000E+000,0.0000E+000,0.0000E+000,0.0000E+000,0.0000E+000,0.0000E+000,0.0000E+000,0.0000E+000,0.0000E+000,0.0000E+000,0.0000E+000,0.0000E+000,0.0000E+000,0.0000E+000,
キビタキ,checked OK,42.43,0.67,0.34,0.0000E+000,0.0000E+000,0.0000E+000,0.0000E+000,3.1953E-001,1.0000E+000,5.8112E-001,3.8453E-001,9.0751E-001,7.9898E-001,2.2420E-001,4.3802E-002,1.9094E-002,2.9163E-003,0.0000E+000,0.0000E+000,1.0000E+000,8.0930E-001,3.8077E-001,8.7575E-002,3.0327E-002,2.4266E-002,1.4435E-002,6.6672E-003,4.4860E-003,3.9836E-003,3.0850E-003,2.9088E-003,3.5639E-003,3.4381E-003,3.4053E-003,7.8089E-003,0.0000E+000,0.0000E+000,0.0000E+000,0.0000E+000,0.0000E+000,0.0000E+000,0.0000E+000,0.0000E+000,0.0000E+000,0.0000E+000,0.0000E+000,0.0000E+000,0.0000E+000,0.0000E+000,0.0000E+000,0.0000E+000,0.0000E+000,0.0000E+000,0.0000E+000,0.0000E+000,0.0000E+000,0.0000E+000,0.0000E+000,0.0000E+000,0.0000E+000,0.0000E+000,0.0000E+000,0.0000E+000,0.0000E+000,0.0000E+000,0.0000E+000,0.0000E+000,0.0000E+000,0.0000E+000,
キビタキ,checked OK,49.89,0.35,6.72,0.0000E+000,0.0000E+000,0.0000E+000,0.0000E+000,3.7238E-001,7.8630E-001,7.7497E-001,1.0000E+000,2.4366E-001,2.4457E-002,1.7407E-002,1.4085E-002,1.2666E-002,1.8261E-003,0.0000E+000,0.0000E+000,1.0000E+000,9.4980E-001,7.7684E-001,5.1884E-001,2.8284E-001,1.2656E-001,4.6945E-002,1.4264E-002,3.9848E-003,3.3067E-003,5.0919E-003,5.2175E-003,3.3202E-003,1.2950E-003,3.2448E-004,1.0269E-004,0.0000E+000,0.0000E+000,0.0000E+000,0.0000E+000,0.0000E+000,0.0000E+000,0.0000E+000,0.0000E+000,0.0000E+000,0.0000E+000,0.0000E+000,0.0000E+000,0.0000E+000,0.0000E+000,0.0000E+000,0.0000E+000,0.0000E+000,0.0000E+000,0.0000E+000,0.0000E+000,0.0000E+000,0.0000E+000,0.0000E+000,0.0000E+000,0.0000E+000,0.0000E+000,0.0000E+000,0.0000E+000,0.0000E+000,0.0000E+000,0.0000E+000,0.0000E+000,0.0000E+000,0.0000E+000,
キビタキ,checked OK,57.92,1.47,7.26,0.0000E+000,0.0000E+000,0.0000E+000,0.0000E+000,1.9388E-001,8.2453E-001,1.0000E+000,6.7103E-001,3.3738E-001,1.5960E-001,4.1221E-002,9.6056E-003,7.3006E-003,1.1418E-003,0.0000E+000,0.0000E+000,1.0000E+000,2.9429E-001,1.4928E-001,1.2831E-001,7.4165E-002,4.6718E-002,3.7544E-002,3.7349E-002,2.6044E-002,9.7019E-003,2.0361E-002,4.3627E-003,5.8376E-003,5.5596E-003,1.1708E-002,5.9719E-003,0.0000E+000,0.0000E+000,0.0000E+000,0.0000E+000,0.0000E+000,0.0000E+000,0.0000E+000,0.0000E+000,0.0000E+000,0.0000E+000,0.0000E+000,0.0000E+000,0.0000E+000,0.0000E+000,0.0000E+000,0.0000E+000,0.0000E+000,0.0000E+000,0.0000E+000,0.0000E+000,0.0000E+000,0.0000E+000,0.0000E+000,0.0000E+000,0.0000E+000,0.0000E+000,0.0000E+000,0.0000E+000,0.0000E+000,0.0000E+000,0.0000E+000,0.0000E+000,0.0000E+000,0.0000E+000,
キビタキ,checked OK,69.79,0.38,15.50,0.0000E+000,0.0000E+000,0.0000E+000,0.0000E+000,1.1312E-001,4.0085E-001,3.9047E-001,1.0000E+000,1.6064E-001,2.2664E-002,1.4784E-002,7.5887E-003,4.8464E-003,8.3601E-004,0.0000E+000,0.0000E+000,1.0000E+000,9.5829E-001,8.1365E-001,5.9442E-001,3.8596E-001,2.3553E-001,1.4384E-001,9.0879E-002,5.9769E-002,4.2422E-002,3.5704E-002,3.8340E-002,4.9842E-002,6.9211E-002,9.3233E-002,1.1584E-001,0.0000E+000,0.0000E+000,0.0000E+000,0.0000E+000,0.0000E+000,0.0000E+000,0.0000E+000,0.0000E+000,0.0000E+000,0.0000E+000,0.0000E+000,0.0000E+000,0.0000E+000,0.0000E+000,0.0000E+000,0.0000E+000,0.0000E+000,0.0000E+000,0.0000E+000,0.0000E+000,0.0000E+000,0.0000E+000,0.0000E+000,0.0000E+000,0.0000E+000,0.0000E+000,0.0000E+000,0.0000E+000,0.0000E+000,0.0000E+000,0.0000E+000,0.0000E+000,0.0000E+000,0.0000E+000,
キビタキ,checked OK,82.46,0.86,1.91,0.0000E+000,0.0000E+000,0.0000E+000,0.0000E+000,3.7766E-001,1.0000E+000,4.3386E-001,4.2587E-001,8.5484E-001,6.3771E-001,1.1440E-001,1.8668E-002,1.2637E-002,2.2162E-003,0.0000E+000,0.0000E+000,1.0000E+000,7.0443E-001,2.1292E-001,1.1236E-002,1.4326E-002,1.8711E-002,1.1320E-002,1.4825E-002,2.6719E-002,2.2491E-002,7.7956E-003,3.9584E-003,8.0429E-003,2.0239E-002,3.0881E-002,2.1498E-002,0.0000E+000,0.0000E+000,0.0000E+000,0.0000E+000,0.0000E+000,0.0000E+000,0.0000E+000,0.0000E+000,0.0000E+000,0.0000E+000,0.0000E+000,0.0000E+000,0.0000E+000,0.0000E+000,0.0000E+000,0.0000E+000,0.0000E+000,0.0000E+000,0.0000E+000,0.0000E+000,0.0000E+000,0.0000E+000,0.0000E+000,0.0000E+000,0.0000E+000,0.0000E+000,0.0000E+000,0.0000E+000,0.0000E+000,0.0000E+000,0.0000E+000,0.0000E+000,0.0000E+000,0.0000E+000,
キビタキ,checked OK,90.85,0.35,11.76,0.0000E+000,0.0000E+000,0.0000E+000,0.0000E+000,1.4140E-001,7.3632E-001,1.0000E+000,5.5502E-001,1.0301E-001,4.3481E-002,4.8427E-002,7.2188E-003,5.8712E-003,9.4356E-004,0.0000E+000,0.0000E+000,1.0000E+000,9.7841E-001,9.0079E-001,7.7439E-001,6.3830E-001,5.2119E-001,4.3294E-001,3.6878E-001,3.1806E-001,2.7194E-001,2.2767E-001,1.8840E-001,1.5930E-001,1.4355E-001,1.4025E-001,1.4447E-001,0.0000E+000,0.0000E+000,0.0000E+000,0.0000E+000,0.0000E+000,0.0000E+000,0.0000E+000,0.0000E+000,0.0000E+000,0.0000E+000,0.0000E+000,0.0000E+000,0.0000E+000,0.0000E+000,0.0000E+000,0.0000E+000,0.0000E+000,0.0000E+000,0.0000E+000,0.0000E+000,0.0000E+000,0.0000E+000,0.0000E+000,0.0000E+000,0.0000E+000,0.0000E+000,0.0000E+000,0.0000E+000,0.0000E+000,0.0000E+000,0.0000E+000,0.0000E+000,0.0000E+000,0.0000E+000,
キビタキ,checked OK,94.50,0.80,3.45,0.0000E+000,0.0000E+000,0.0000E+000,0.0000E+000,3.8246E-001,1.0000E+000,5.0276E-001,4.2276E-001,8.4792E-001,7.1439E-001,1.5716E-001,2.4278E-002,1.6713E-002,2.5409E-003,0.0000E+000,0.0000E+000,1.0000E+000,7.5234E-001,2.7600E-001,2.3712E-002,4.7617E-004,1.0005E-003,1.1297E-003,6.5509E-004,2.4792E-003,5.5117E-003,4.4417E-003,1.8404E-003,2.3021E-003,7.2874E-003,9.8512E-003,5.5161E-003,0.0000E+000,0.0000E+000,0.0000E+000,0.0000E+000,0.0000E+000,0.0000E+000,0.0000E+000,0.0000E+000,0.0000E+000,0.0000E+000,0.0000E+000,0.0000E+000,0.0000E+000,0.0000E+000,0.0000E+000,0.0000E+000,0.0000E+000,0.0000E+000,0.0000E+000,0.0000E+000,0.0000E+000,0.0000E+000,0.0000E+000,0.0000E+000,0.0000E+000,0.0000E+000,0.0000E+000,0.0000E+000,0.0000E+000,0.0000E+000,0.0000E+000,0.0000E+000,0.0000E+000,0.0000E+000,
キビタキ,checked OK,100.03,0.48,12.83,0.0000E+000,0.0000E+000,0.0000E+000,0.0000E+000,9.4172E-002,4.6961E-001,1.0000E+000,1.0012E-001,1.3538E-001,4.0993E-002,1.0032E-002,6.6439E-003,4.9165E-003,7.3724E-004,0.0000E+000,0.0000E+000,1.0000E+000,9.5964E-001,8.2233E-001,6.1952E-001,4.3050E-001,2.9320E-001,2.0837E-001,1.6314E-001,1.4342E-001,1.3655E-001,1.3113E-001,1.1794E-001,9.4198E-002,6.5828E-002,4.1931E-002,2.7168E-002,0.0000E+000,0.0000E+000,0.0000E+000,0.0000E+000,0.0000E+000,0.0000E+000,0.0000E+000,0.0000E+000,0.0000E+000,0.0000E+000,0.0000E+000,0.0000E+000,0.0000E+000,0.0000E+000,0.0000E+000,0.0000E+000,0.0000E+000,0.0000E+000,0.0000E+000,0.0000E+000,0.0000E+000,0.0000E+000,0.0000E+000,0.0000E+000,0.0000E+000,0.0000E+000,0.0000E+000,0.0000E+000,0.0000E+000,0.0000E+000,0.0000E+000,0.0000E+000,0.0000E+000,0.0000E+000,
キビタキ,checked OK,106.43,0.48,8.28,0.0000E+000,0.0000E+000,0.0000E+000,0.0000E+000,2.9645E-001,9.7771E-001,4.7892E-001,1.0000E+000,2.7998E-001,2.5576E-002,1.9989E-002,1.7192E-002,1.6455E-002,2.5224E-003,0.0000E+000,0.0000E+000,1.0000E+000,9.2727E-001,6.9841E-001,4.1085E-001,2.1463E-001,1.2650E-001,9.0162E-002,6.3616E-002,3.7294E-002,1.5911E-002,3.9048E-003,6.4665E-004,2.1618E-003,4.5390E-003,5.7096E-003,5.5756E-003,0.0000E+000,0.0000E+000,0.0000E+000,0.0000E+000,0.0000E+000,0.0000E+000,0.0000E+000,0.0000E+000,0.0000E+000,0.0000E+000,0.0000E+000,0.0000E+000,0.0000E+000,0.0000E+000,0.0000E+000,0.0000E+000,0.0000E+000,0.0000E+000,0.0000E+000,0.0000E+000,0.0000E+000,0.0000E+000,0.0000E+000,0.0000E+000,0.0000E+000,0.0000E+000,0.0000E+000,0.0000E+000,0.0000E+000,0.0000E+000,0.0000E+000,0.0000E+000,0.0000E+000,0.0000E+000,
キビタキ,checked OK,108.96,0.64,4.95,0.0000E+000,0.0000E+000,0.0000E+000,0.0000E+000,3.9175E-001,1.0000E+000,6.8155E-001,1.7583E-001,3.3205E-001,3.1323E-001,2.4508E-001,3.7588E-002,1.6144E-002,2.6816E-003,0.0000E+000,0.0000E+000,1.0000E+000,8.1331E-001,3.8206E-001,7.2291E-002,3.7809E-003,1.0121E-003,2.0800E-003,3.5091E-003,6.5452E-003,1.3535E-002,1.9193E-002,1.5303E-002,6.6695E-003,3.9148E-003,9.1612E-003,1.3694E-002,0.0000E+000,0.0000E+000,0.0000E+000,0.0000E+000,0.0000E+000,0.0000E+000,0.0000E+000,0.0000E+000,0.0000E+000,0.0000E+000,0.0000E+000,0.0000E+000,0.0000E+000,0.0000E+000,0.0000E+000,0.0000E+000,0.0000E+000,0.0000E+000,0.0000E+000,0.0000E+000,0.0000E+000,0.0000E+000,0.0000E+000,0.0000E+000,0.0000E+000,0.0000E+000,0.0000E+000,0.0000E+000,0.0000E+000,0.0000E+000,0.0000E+000,0.0000E+000,0.0000E+000,0.0000E+000,
キビタキ,checked OK,121.44,0.42,8.61,0.0000E+000,0.0000E+000,0.0000E+000,0.0000E+000,3.1669E-001,8.2728E-001,1.0000E+000,5.5993E-001,1.1267E-001,4.3683E-002,1.9961E-002,1.6851E-002,1.1638E-002,1.8135E-003,0.0000E+000,0.0000E+000,1.0000E+000,9.1001E-001,6.2999E-001,2.9071E-001,8.5096E-002,2.3597E-002,1.9355E-002,1.7640E-002,1.2237E-002,6.9877E-003,2.7270E-003,5.3301E-004,3.7950E-004,7.8102E-004,1.0975E-003,1.5110E-003,0.0000E+000,0.0000E+000,0.0000E+000,0.0000E+000,0.0000E+000,0.0000E+000,0.0000E+000,0.0000E+000,0.0000E+000,0.0000E+000,0.0000E+000,0.0000E+000,0.0000E+000,0.0000E+000,0.0000E+000,0.0000E+000,0.0000E+000,0.0000E+000,0.0000E+000,0.0000E+000,0.0000E+000,0.0000E+000,0.0000E+000,0.0000E+000,0.0000E+000,0.0000E+000,0.0000E+000,0.0000E+000,0.0000E+000,0.0000E+000,0.0000E+000,0.0000E+000,0.0000E+000,0.0000E+000,
キビタキ,checked OK,127.39,0.93,17.67,0.0000E+000,0.0000E+000,0.0000E+000,0.0000E+000,1.6443E-001,4.7779E-001,3.6162E-001,6.9117E-001,1.0000E+000,7.4569E-001,1.3899E-001,1.4037E-002,7.2338E-003,1.0046E-003,0.0000E+000,0.0000E+000,1.0000E+000,7.8694E-001,3.3833E-001,5.4179E-002,4.0350E-003,4.5954E-003,7.3673E-003,7.1837E-003,4.5312E-003,1.7936E-003,4.7337E-004,1.5702E-003,4.5000E-003,6.3106E-003,6.7052E-003,6.1445E-003,0.0000E+000,0.0000E+000,0.0000E+000,0.0000E+000,0.0000E+000,0.0000E+000,0.0000E+000,0.0000E+000,0.0000E+000,0.0000E+000,0.0000E+000,0.0000E+000,0.0000E+000,0.0000E+000,0.0000E+000,0.0000E+000,0.0000E+000,0.0000E+000,0.0000E+000,0.0000E+000,0.0000E+000,0.0000E+000,0.0000E+000,0.0000E+000,0.0000E+000,0.0000E+000,0.0000E+000,0.0000E+000,0.0000E+000,0.0000E+000,0.0000E+000,0.0000E+000,0.0000E+000,0.0000E+000,
キビタキ,checked OK,133.63,0.80,16.47,0.0000E+000,0.0000E+000,0.0000E+000,0.0000E+000,8.7828E-002,5.0428E-001,8.4555E-001,3.4639E-001,1.0000E+000,6.7436E-001,9.3144E-002,9.0425E-003,4.8330E-003,6.7575E-004,0.0000E+000,0.0000E+000,1.0000E+000,8.2761E-001,4.2014E-001,1.0861E-001,2.0297E-002,4.4332E-003,2.5075E-003,8.6090E-003,1.2106E-002,9.6935E-003,9.4319E-003,1.1318E-002,8.1637E-003,2.7144E-003,5.4708E-004,5.6898E-004,0.0000E+000,0.0000E+000,0.0000E+000,0.0000E+000,0.0000E+000,0.0000E+000,0.0000E+000,0.0000E+000,0.0000E+000,0.0000E+000,0.0000E+000,0.0000E+000,0.0000E+000,0.0000E+000,0.0000E+000,0.0000E+000,0.0000E+000,0.0000E+000,0.0000E+000,0.0000E+000,0.0000E+000,0.0000E+000,0.0000E+000,0.0000E+000,0.0000E+000,0.0000E+000,0.0000E+000,0.0000E+000,0.0000E+000,0.0000E+000,0.0000E+000,0.0000E+000,0.0000E+000,0.0000E+000,
キビタキ,checked OK,140.58,0.35,13.04,0.0000E+000,0.0000E+000,0.0000E+000,0.0000E+000,3.2494E-001,8.8223E-001,5.1193E-001,1.0000E+000,1.7670E-001,2.8532E-002,1.9209E-002,1.7239E-002,1.4455E-002,2.5104E-003,0.0000E+000,0.0000E+000,1.0000E+000,9.6464E-001,8.3826E-001,6.3557E-001,4.2490E-001,2.5580E-001,1.4347E-001,7.8062E-002,4.2795E-002,2.5364E-002,1.9066E-002,1.9241E-002,2.0990E-002,2.0001E-002,1.4740E-002,7.3451E-003,0.0000E+000,0.0000E+000,0.0000E+000,0.0000E+000,0.0000E+000,0.0000E+000,0.0000E+000,0.0000E+000,0.0000E+000,0.0000E+000,0.0000E+000,0.0000E+000,0.0000E+000,0.0000E+000,0.0000E+000,0.0000E+000,0.0000E+000,0.0000E+000,0.0000E+000,0.0000E+000,0.0000E+000,0.0000E+000,0.0000E+000,0.0000E+000,0.0000E+000,0.0000E+000,0.0000E+000,0.0000E+000,0.0000E+000,0.0000E+000,0.0000E+000,0.0000E+000,0.0000E+000,0.0000E+000,
キビタキ,checked OK,141.86,0.86,20.45,0.0000E+000,0.0000E+000,0.0000E+000,0.0000E+000,2.0404E-001,7.5574E-001,3.1958E-001,6.1125E-001,1.0000E+000,4.9258E-001,1.0336E-001,1.4203E-002,9.8215E-003,1.5571E-003,0.0000E+000,0.0000E+000,1.0000E+000,7.8790E-001,3.3413E-001,5.1793E-002,1.8039E-002,2.5207E-002,2.2109E-002,1.3805E-002,4.7043E-003,1.6976E-003,5.8765E-003,8.6798E-003,7.0533E-003,5.6556E-003,5.3201E-003,5.6420E-003,0.0000E+000,0.0000E+000,0.0000E+000,0.0000E+000,0.0000E+000,0.0000E+000,0.0000E+000,0.0000E+000,0.0000E+000,0.0000E+000,0.0000E+000,0.0000E+000,0.0000E+000,0.0000E+000,0.0000E+000,0.0000E+000,0.0000E+000,0.0000E+000,0.0000E+000,0.0000E+000,0.0000E+000,0.0000E+000,0.0000E+000,0.0000E+000,0.0000E+000,0.0000E+000,0.0000E+000,0.0000E+000,0.0000E+000,0.0000E+000,0.0000E+000,0.0000E+000,0.0000E+000,0.0000E+000,
キビタキ,checked OK,143.81,0.35,12.00,0.0000E+000,0.0000E+000,0.0000E+000,0.0000E+000,1.9580E-001,4.4660E-001,3.7296E-001,1.0000E+000,5.6790E-002,2.1365E-002,1.3819E-002,1.1561E-002,9.5839E-003,1.5221E-003,0.0000E+000,0.0000E+000,1.0000E+000,9.6520E-001,8.4146E-001,6.4474E-001,4.4273E-001,2.8229E-001,1.7564E-001,1.1167E-001,7.4018E-002,5.1001E-002,3.6625E-002,2.8119E-002,2.3747E-002,2.1751E-002,2.0474E-002,1.9141E-002,0.0000E+000,0.0000E+000,0.0000E+000,0.0000E+000,0.0000E+000,0.0000E+000,0.0000E+000,0.0000E+000,0.0000E+000,0.0000E+000,0.0000E+000,0.0000E+000,0.0000E+000,0.0000E+000,0.0000E+000,0.0000E+000,0.0000E+000,0.0000E+000,0.0000E+000,0.0000E+000,0.0000E+000,0.0000E+000,0.0000E+000,0.0000E+000,0.0000E+000,0.0000E+000,0.0000E+000,0.0000E+000,0.0000E+000,0.0000E+000,0.0000E+000,0.0000E+000,0.0000E+000,0.0000E+000,
キビタキ,checked OK,150.88,0.54,1.72,0.0000E+000,0.0000E+000,0.0000E+000,0.0000E+000,4.8143E-001,1.0000E+000,5.0439E-001,3.0371E-001,1.0948E-001,1.4374E-001,6.6462E-001,1.5980E-001,1.0591E-001,1.2117E-002,0.0000E+000,0.0000E+000,1.0000E+000,8.5469E-001,4.7107E-001,1.2850E-001,1.2560E-002,7.8516E-004,3.3185E-003,1.0234E-002,1.9514E-002,2.6045E-002,2.0844E-002,7.5651E-003,1.3246E-003,3.2245E-003,7.7931E-003,1.8111E-002,0.0000E+000,0.0000E+000,0.0000E+000,0.0000E+000,0.0000E+000,0.0000E+000,0.0000E+000,0.0000E+000,0.0000E+000,0.0000E+000,0.0000E+000,0.0000E+000,0.0000E+000,0.0000E+000,0.0000E+000,0.0000E+000,0.0000E+000,0.0000E+000,0.0000E+000,0.0000E+000,0.0000E+000,0.0000E+000,0.0000E+000,0.0000E+000,0.0000E+000,0.0000E+000,0.0000E+000,0.0000E+000,0.0000E+000,0.0000E+000,0.0000E+000,0.0000E+000,0.0000E+000,0.0000E+000,
キビタキ,checked OK,151.52,1.22,20.93,0.0000E+000,0.0000E+000,0.0000E+000,0.0000E+000,1.8028E-001,5.1385E-001,2.3686E-001,6.5669E-001,1.0000E+000,7.1819E-001,2.0639E-001,5.4342E-002,1.4738E-002,3.7141E-003,0.0000E+000,0.0000E+000,1.0000E+000,5.2955E-001,7.3223E-002,4.8996E-003,7.0280E-003,6.5296E-003,5.4887E-003,2.4572E-003,1.8974E-003,9.5625E-003,1.3128E-002,1.0701E-002,9.4758E-003,1.2128E-002,9.7871E-003,3.8602E-003,0.0000E+000,0.0000E+000,0.0000E+000,0.0000E+000,0.0000E+000,0.0000E+000,0.0000E+000,0.0000E+000,0.0000E+000,0.0000E+000,0.0000E+000,0.0000E+000,0.0000E+000,0.0000E+000,0.0000E+000,0.0000E+000,0.0000E+000,0.0000E+000,0.0000E+000,0.0000E+000,0.0000E+000,0.0000E+000,0.0000E+000,0.0000E+000,0.0000E+000,0.0000E+000,0.0000E+000,0.0000E+000,0.0000E+000,0.0000E+000,0.0000E+000,0.0000E+000,0.0000E+000,0.0000E+000,
キビタキ,checked OK,157.73,0.51,8.73,0.0000E+000,0.0000E+000,0.0000E+000,0.0000E+000,1.5734E-001,1.0000E+000,8.0478E-001,3.5053E-001,3.6881E-002,1.2102E-002,2.0066E-001,4.7770E-001,2.2177E-001,2.2033E-002,0.0000E+000,0.0000E+000,1.0000E+000,8.8254E-001,5.4759E-001,2.0694E-001,7.0376E-002,7.2583E-002,9.3089E-002,9.2668E-002,7.6494E-002,5.3669E-002,3.7107E-002,3.6769E-002,4.2635E-002,3.5178E-002,1.5356E-002,2.8919E-003,0.0000E+000,0.0000E+000,0.0000E+000,0.0000E+000,0.0000E+000,0.0000E+000,0.0000E+000,0.0000E+000,0.0000E+000,0.0000E+000,0.0000E+000,0.0000E+000,0.0000E+000,0.0000E+000,0.0000E+000,0.0000E+000,0.0000E+000,0.0000E+000,0.0000E+000,0.0000E+000,0.0000E+000,0.0000E+000,0.0000E+000,0.0000E+000,0.0000E+000,0.0000E+000,0.0000E+000,0.0000E+000,0.0000E+000,0.0000E+000,0.0000E+000,0.0000E+000,0.0000E+000,0.0000E+000,
キビタキ,checked OK,159.62,0.48,12.63,0.0000E+000,0.0000E+000,0.0000E+000,0.0000E+000,3.2431E-001,7.7378E-001,7.0286E-001,6.9489E-001,4.1593E-001,1.0000E+000,5.2700E-001,1.0412E-001,1.8901E-002,2.3270E-003,0.0000E+000,0.0000E+000,1.0000E+000,9.2450E-001,6.8545E-001,3.8050E-001,1.6470E-001,6.1884E-002,2.2936E-002,8.0985E-003,2.3121E-003,5.6825E-004,3.6475E-004,5.9434E-004,8.5793E-004,8.5776E-004,5.3956E-004,1.9356E-004,0.0000E+000,0.0000E+000,0.0000E+000,0.0000E+000,0.0000E+000,0.0000E+000,0.0000E+000,0.0000E+000,0.0000E+000,0.0000E+000,0.0000E+000,0.0000E+000,0.0000E+000,0.0000E+000,0.0000E+000,0.0000E+000,0.0000E+000,0.0000E+000,0.0000E+000,0.0000E+000,0.0000E+000,0.0000E+000,0.0000E+000,0.0000E+000,0.0000E+000,0.0000E+000,0.0000E+000,0.0000E+000,0.0000E+000,0.0000E+000,0.0000E+000,0.0000E+000,0.0000E+000,0.0000E+000,
キビタキ,checked OK,169.95,0.70,1.81,0.0000E+000,0.0000E+000,0.0000E+000,0.0000E+000,4.1735E-001,1.0000E+000,3.5390E-001,1.4803E-001,3.1037E-001,6.2273E-001,5.5634E-001,8.5537E-002,1.7592E-002,2.7693E-003,0.0000E+000,0.0000E+000,1.0000E+000,7.8312E-001,3.1846E-001,3.6277E-002,4.0611E-003,3.4922E-003,1.7117E-003,3.8590E-003,3.1754E-003,1.3382E-003,4.7395E-003,6.8194E-003,2.7687E-003,2.9698E-003,8.6156E-003,8.7577E-003,0.0000E+000,0.0000E+000,0.0000E+000,0.0000E+000,0.0000E+000,0.0000E+000,0.0000E+000,0.0000E+000,0.0000E+000,0.0000E+000,0.0000E+000,0.0000E+000,0.0000E+000,0.0000E+000,0.0000E+000,0.0000E+000,0.0000E+000,0.0000E+000,0.0000E+000,0.0000E+000,0.0000E+000,0.0000E+000,0.0000E+000,0.0000E+000,0.0000E+000,0.0000E+000,0.0000E+000,0.0000E+000,0.0000E+000,0.0000E+000,0.0000E+000,0.0000E+000,0.0000E+000,0.0000E+000,
キビタキ,checked OK,180.83,0.38,4.74,0.0000E+000,0.0000E+000,0.0000E+000,0.0000E+000,5.0119E-001,1.0000E+000,3.6280E-001,5.4717E-001,2.1278E-001,2.9590E-002,2.2514E-002,1.7397E-002,1.6983E-002,2.7771E-003,0.0000E+000,0.0000E+000,1.0000E+000,9.3006E-001,7.0101E-001,3.9323E-001,1.6398E-001,6.0362E-002,3.5366E-002,3.1040E-002,2.3493E-002,1.4699E-002,1.2007E-002,1.7404E-002,2.5743E-002,2.9648E-002,2.6366E-002,1.9330E-002,0.0000E+000,0.0000E+000,0.0000E+000,0.0000E+000,0.0000E+000,0.0000E+000,0.0000E+000,0.0000E+000,0.0000E+000,0.0000E+000,0.0000E+000,0.0000E+000,0.0000E+000,0.0000E+000,0.0000E+000,0.0000E+000,0.0000E+000,0.0000E+000,0.0000E+000,0.0000E+000,0.0000E+000,0.0000E+000,0.0000E+000,0.0000E+000,0.0000E+000,0.0000E+000,0.0000E+000,0.0000E+000,0.0000E+000,0.0000E+000,0.0000E+000,0.0000E+000,0.0000E+000,0.0000E+000,
キビタキ,checked OK,185.15,0.61,2.75,0.0000E+000,0.0000E+000,0.0000E+000,0.0000E+000,3.3932E-001,1.0000E+000,9.8275E-001,4.5557E-001,2.4427E-001,6.1902E-001,3.0917E-001,6.0336E-002,1.8935E-002,3.5034E-003,0.0000E+000,0.0000E+000,1.0000E+000,8.3833E-001,4.3400E-001,1.0286E-001,7.2085E-003,3.5538E-005,1.5440E-004,4.2926E-004,6.2346E-004,8.5745E-004,2.5011E-003,7.6772E-003,1.3518E-002,1.1984E-002,4.7550E-003,7.6613E-004,0.0000E+000,0.0000E+000,0.0000E+000,0.0000E+000,0.0000E+000,0.0000E+000,0.0000E+000,0.0000E+000,0.0000E+000,0.0000E+000,0.0000E+000,0.0000E+000,0.0000E+000,0.0000E+000,0.0000E+000,0.0000E+000,0.0000E+000,0.0000E+000,0.0000E+000,0.0000E+000,0.0000E+000,0.0000E+000,0.0000E+000,0.0000E+000,0.0000E+000,0.0000E+000,0.0000E+000,0.0000E+000,0.0000E+000,0.0000E+000,0.0000E+000,0.0000E+000,0.0000E+000,0.0000E+000,
キビタキ,checked OK,186.05,0.45,1.71,0.0000E+000,0.0000E+000,0.0000E+000,0.0000E+000,3.6075E-001,1.0000E+000,4.1972E-001,2.0248E-001,4.2687E-001,9.6737E-002,3.2545E-002,2.4989E-002,1.5967E-002,2.4818E-003,0.0000E+000,0.0000E+000,1.0000E+000,8.9860E-001,5.9311E-001,2.4509E-001,5.7467E-002,1.1921E-002,8.2967E-003,3.5379E-003,8.7794E-004,2.2208E-003,2.6778E-003,1.5936E-003,1.7670E-003,2.9447E-003,2.8338E-003,1.4906E-003,0.0000E+000,0.0000E+000,0.0000E+000,0.0000E+000,0.0000E+000,0.0000E+000,0.0000E+000,0.0000E+000,0.0000E+000,0.0000E+000,0.0000E+000,0.0000E+000,0.0000E+000,0.0000E+000,0.0000E+000,0.0000E+000,0.0000E+000,0.0000E+000,0.0000E+000,0.0000E+000,0.0000E+000,0.0000E+000,0.0000E+000,0.0000E+000,0.0000E+000,0.0000E+000,0.0000E+000,0.0000E+000,0.0000E+000,0.0000E+000,0.0000E+000,0.0000E+000,0.0000E+000,0.0000E+000,
キビタキ,checked OK,192.38,0.35,11.72,0.0000E+000,0.0000E+000,0.0000E+000,0.0000E+000,3.3949E-001,8.1967E-001,4.5111E-001,1.0000E+000,5.6444E-002,4.1548E-002,1.8898E-002,1.4504E-002,1.1882E-002,1.9817E-003,0.0000E+000,0.0000E+000,1.0000E+000,9.4993E-001,7.7514E-001,5.0821E-001,2.5610E-001,8.7622E-002,1.4705E-002,1.4665E-002,5.7458E-002,1.1579E-001,1.6489E-001,1.8582E-001,1.7280E-001,1.3528E-001,9.0870E-002,5.5109E-002,0.0000E+000,0.0000E+000,0.0000E+000,0.0000E+000,0.0000E+000,0.0000E+000,0.0000E+000,0.0000E+000,0.0000E+000,0.0000E+000,0.0000E+000,0.0000E+000,0.0000E+000,0.0000E+000,0.0000E+000,0.0000E+000,0.0000E+000,0.0000E+000,0.0000E+000,0.0000E+000,0.0000E+000,0.0000E+000,0.0000E+000,0.0000E+000,0.0000E+000,0.0000E+000,0.0000E+000,0.0000E+000,0.0000E+000,0.0000E+000,0.0000E+000,0.0000E+000,0.0000E+000,0.0000E+000,
キビタキ,checked OK,206.11,0.83,19.82,0.0000E+000,0.0000E+000,0.0000E+000,0.0000E+000,1.8497E-001,5.7876E-001,3.2872E-001,4.4502E-001,1.0000E+000,4.7191E-001,1.2811E-001,2.4398E-002,1.0297E-002,1.7395E-003,0.0000E+000,0.0000E+000,1.0000E+000,7.8859E-001,3.2757E-001,4.3408E-002,2.0801E-002,3.1064E-002,2.1341E-002,8.0047E-003,2.0890E-003,3.9657E-003,9.3100E-003,9.5973E-003,4.2898E-003,3.7096E-003,7.9321E-003,8.2878E-003,0.0000E+000,0.0000E+000,0.0000E+000,0.0000E+000,0.0000E+000,0.0000E+000,0.0000E+000,0.0000E+000,0.0000E+000,0.0000E+000,0.0000E+000,0.0000E+000,0.0000E+000,0.0000E+000,0.0000E+000,0.0000E+000,0.0000E+000,0.0000E+000,0.0000E+000,0.0000E+000,0.0000E+000,0.0000E+000,0.0000E+000,0.0000E+000,0.0000E+000,0.0000E+000,0.0000E+000,0.0000E+000,0.0000E+000,0.0000E+000,0.0000E+000,0.0000E+000,0.0000E+000,0.0000E+000,
キビタキ,checked OK,211.04,0.70,11.79,0.0000E+000,0.0000E+000,0.0000E+000,0.0000E+000,1.2152E-001,3.9473E-001,3.8277E-001,4.1749E-001,1.0000E+000,6.2277E-001,1.4639E-001,1.0120E-002,6.1153E-003,1.0246E-003,0.0000E+000,0.0000E+000,1.0000E+000,8.4187E-001,4.4168E-001,1.0713E-001,1.0096E-002,9.0066E-003,1.2238E-002,9.5790E-003,4.1092E-003,1.5105E-003,7.8726E-003,1.8249E-002,2.1145E-002,1.5424E-002,7.2265E-003,1.6034E-003,0.0000E+000,0.0000E+000,0.0000E+000,0.0000E+000,0.0000E+000,0.0000E+000,0.0000E+000,0.0000E+000,0.0000E+000,0.0000E+000,0.0000E+000,0.0000E+000,0.0000E+000,0.0000E+000,0.0000E+000,0.0000E+000,0.0000E+000,0.0000E+000,0.0000E+000,0.0000E+000,0.0000E+000,0.0000E+000,0.0000E+000,0.0000E+000,0.0000E+000,0.0000E+000,0.0000E+000,0.0000E+000,0.0000E+000,0.0000E+000,0.0000E+000,0.0000E+000,0.0000E+000,0.0000E+000,
キビタキ,checked OK,214.85,0.35,3.75,0.0000E+000,0.0000E+000,0.0000E+000,0.0000E+000,6.5777E-002,2.0413E-001,1.0000E+000,3.9197E-001,2.5322E-002,6.8791E-003,5.0500E-003,4.1812E-003,3.0946E-003,5.2204E-004,0.0000E+000,0.0000E+000,1.0000E+000,9.4539E-001,7.6046E-001,4.9557E-001,2.7465E-001,1.5436E-001,1.1235E-001,9.8881E-002,8.5479E-002,7.0263E-002,5.7082E-002,4.3638E-002,2.7317E-002,1.2298E-002,5.6864E-003,8.5229E-003,0.0000E+000,0.0000E+000,0.0000E+000,0.0000E+000,0.0000E+000,0.0000E+000,0.0000E+000,0.0000E+000,0.0000E+000,0.0000E+000,0.0000E+000,0.0000E+000,0.0000E+000,0.0000E+000,0.0000E+000,0.0000E+000,0.0000E+000,0.0000E+000,0.0000E+000,0.0000E+000,0.0000E+000,0.0000E+000,0.0000E+000,0.0000E+000,0.0000E+000,0.0000E+000,0.0000E+000,0.0000E+000,0.0000E+000,0.0000E+000,0.0000E+000,0.0000E+000,0.0000E+000,0.0000E+000,
キビタキ,checked OK,217.02,0.64,17.47,0.0000E+000,0.0000E+000,0.0000E+000,0.0000E+000,1.6921E-001,4.2792E-001,2.7305E-001,2.8778E-001,8.1326E-001,1.0000E+000,2.2073E-001,1.8218E-002,8.4669E-003,1.3982E-003,0.0000E+000,0.0000E+000,1.0000E+000,8.7555E-001,5.3227E-001,1.9246E-001,4.3261E-002,1.6334E-002,2.1922E-002,2.5880E-002,2.2129E-002,1.6359E-002,1.3831E-002,1.4190E-002,1.5107E-002,1.5298E-002,1.3584E-002,9.6390E-003,0.0000E+000,0.0000E+000,0.0000E+000,0.0000E+000,0.0000E+000,0.0000E+000,0.0000E+000,0.0000E+000,0.0000E+000,0.0000E+000,0.0000E+000,0.0000E+000,0.0000E+000,0.0000E+000,0.0000E+000,0.0000E+000,0.0000E+000,0.0000E+000,0.0000E+000,0.0000E+000,0.0000E+000,0.0000E+000,0.0000E+000,0.0000E+000,0.0000E+000,0.0000E+000,0.0000E+000,0.0000E+000,0.0000E+000,0.0000E+000,0.0000E+000,0.0000E+000,0.0000E+000,0.0000E+000,
キビタキ,checked OK,221.15,0.83,19.05,0.0000E+000,0.0000E+000,0.0000E+000,0.0000E+000,2.4107E-001,6.7027E-001,4.8458E-001,5.3776E-001,1.0000E+000,8.0797E-001,2.0924E-001,2.4329E-002,1.1448E-002,1.8063E-003,0.0000E+000,0.0000E+000,1.0000E+000,7.9263E-001,3.3544E-001,4.3816E-002,9.1294E-003,1.3272E-002,8.1843E-003,6.0385E-003,6.4700E-003,8.4534E-003,1.3747E-002,1.9450E-002,1.8108E-002,1.0598E-002,5.9260E-003,8.7519E-003,0.0000E+000,0.0000E+000,0.0000E+000,0.0000E+000,0.0000E+000,0.0000E+000,0.0000E+000,0.0000E+000,0.0000E+000,0.0000E+000,0.0000E+000,0.0000E+000,0.0000E+000,0.0000E+000,0.0000E+000,0.0000E+000,0.0000E+000,0.0000E+000,0.0000E+000,0.0000E+000,0.0000E+000,0.0000E+000,0.0000E+000,0.0000E+000,0.0000E+000,0.0000E+000,0.0000E+000,0.0000E+000,0.0000E+000,0.0000E+000,0.0000E+000,0.0000E+000,0.0000E+000,0.0000E+000,
キビタキ,checked OK,222.78,0.35,17.88,0.0000E+000,0.0000E+000,0.0000E+000,0.0000E+000,3.6839E-002,5.0148E-001,1.0000E+000,1.1490E-001,6.5471E-002,2.0583E-002,5.1540E-003,2.6209E-003,1.9782E-003,2.6185E-004,0.0000E+000,0.0000E+000,1.0000E+000,9.7352E-001,8.7619E-001,7.1093E-001,5.2109E-001,3.4483E-001,2.0424E-001,1.0558E-001,4.5035E-002,1.4149E-002,3.2536E-003,3.5788E-003,8.6135E-003,1.4492E-002,1.9443E-002,2.2863E-002,0.0000E+000,0.0000E+000,0.0000E+000,0.0000E+000,0.0000E+000,0.0000E+000,0.0000E+000,0.0000E+000,0.0000E+000,0.0000E+000,0.0000E+000,0.0000E+000,0.0000E+000,0.0000E+000,0.0000E+000,0.0000E+000,0.0000E+000,0.0000E+000,0.0000E+000,0.0000E+000,0.0000E+000,0.0000E+000,0.0000E+000,0.0000E+000,0.0000E+000,0.0000E+000,0.0000E+000,0.0000E+000,0.0000E+000,0.0000E+000,0.0000E+000,0.0000E+000,0.0000E+000,0.0000E+000,
キビタキ,checked OK,229.60,0.35,14.34,0.0000E+000,0.0000E+000,0.0000E+000,0.0000E+000,1.3153E-001,8.1444E-001,4.0823E-001,1.0000E+000,1.9620E-001,3.8601E-002,1.3645E-002,9.7662E-003,6.4625E-003,1.1837E-003,0.0000E+000,0.0000E+000,1.0000E+000,9.7173E-001,8.7018E-001,7.0565E-001,5.3175E-001,3.8862E-001,2.8936E-001,2.2571E-001,1.8268E-001,1.4912E-001,1.2005E-001,9.3998E-002,7.0458E-002,4.9353E-002,3.1455E-002,1.8254E-002,0.0000E+000,0.0000E+000,0.0000E+000,0.0000E+000,0.0000E+000,0.0000E+000,0.0000E+000,0.0000E+000,0.0000E+000,0.0000E+000,0.0000E+000,0.0000E+000,0.0000E+000,0.0000E+000,0.0000E+000,0.0000E+000,0.0000E+000,0.0000E+000,0.0000E+000,0.0000E+000,0.0000E+000,0.0000E+000,0.0000E+000,0.0000E+000,0.0000E+000,0.0000E+000,0.0000E+000,0.0000E+000,0.0000E+000,0.0000E+000,0.0000E+000,0.0000E+000,0.0000E+000,0.0000E+000,
キビタキ,checked OK,232.64,0.90,24.25,0.0000E+000,0.0000E+000,0.0000E+000,0.0000E+000,4.1376E-002,1.3300E-001,7.0198E-002,2.1702E-001,1.0000E+000,7.7424E-001,5.0362E-002,5.4055E-003,2.5165E-003,4.0545E-004,0.0000E+000,0.0000E+000,1.0000E+000,7.8344E-001,3.1582E-001,3.6064E-002,1.2059E-002,8.6265E-003,5.1710E-003,1.3185E-002,1.4373E-002,1.2535E-002,1.1002E-002,5.2164E-003,7.8063E-004,4.4901E-004,9.8979E-004,3.0070E-003,0.0000E+000,0.0000E+000,0.0000E+000,0.0000E+000,0.0000E+000,0.0000E+000,0.0000E+000,0.0000E+000,0.0000E+000,0.0000E+000,0.0000E+000,0.0000E+000,0.0000E+000,0.0000E+000,0.0000E+000,0.0000E+000,0.0000E+000,0.0000E+000,0.0000E+000,0.0000E+000,0.0000E+000,0.0000E+000,0.0000E+000,0.0000E+000,0.0000E+000,0.0000E+000,0.0000E+000,0.0000E+000,0.0000E+000,0.0000E+000,0.0000E+000,0.0000E+000,0.0000E+000,0.0000E+000,
キビタキ,checked OK,236.64,0.96,25.34,0.0000E+000,0.0000E+000,0.0000E+000,0.0000E+000,7.4590E-002,2.0457E-001,1.2153E-001,2.7398E-001,1.0000E+000,9.6131E-001,9.3353E-002,7.3931E-003,3.2757E-003,5.5536E-004,0.0000E+000,0.0000E+000,1.0000E+000,7.6516E-001,2.8617E-001,2.9204E-002,2.2404E-002,2.0840E-002,8.7513E-003,2.2510E-003,9.7283E-004,2.8008E-003,5.1474E-003,4.9248E-003,1.8233E-003,1.2656E-003,2.2084E-003,1.1724E-003,0.0000E+000,0.0000E+000,0.0000E+000,0.0000E+000,0.0000E+000,0.0000E+000,0.0000E+000,0.0000E+000,0.0000E+000,0.0000E+000,0.0000E+000,0.0000E+000,0.0000E+000,0.0000E+000,0.0000E+000,0.0000E+000,0.0000E+000,0.0000E+000,0.0000E+000,0.0000E+000,0.0000E+000,0.0000E+000,0.0000E+000,0.0000E+000,0.0000E+000,0.0000E+000,0.0000E+000,0.0000E+000,0.0000E+000,0.0000E+000,0.0000E+000,0.0000E+000,0.0000E+000,0.0000E+000,
キビタキ,checked OK,246.69,0.70,16.49,0.0000E+000,0.0000E+000,0.0000E+000,0.0000E+000,1.6426E-001,4.0311E-001,7.3966E-001,1.0000E+000,4.5186E-001,1.8258E-002,7.6004E-003,6.1840E-003,4.8159E-003,8.0186E-004,0.0000E+000,0.0000E+000,1.0000E+000,8.0710E-001,4.0900E-001,2.1183E-001,2.0010E-001,1.1286E-001,2.3705E-002,8.9240E-003,1.3189E-002,5.3190E-003,6.1930E-003,1.7710E-002,1.7311E-002,1.2731E-002,2.8773E-002,4.1931E-002,0.0000E+000,0.0000E+000,0.0000E+000,0.0000E+000,0.0000E+000,0.0000E+000,0.0000E+000,0.0000E+000,0.0000E+000,0.0000E+000,0.0000E+000,0.0000E+000,0.0000E+000,0.0000E+000,0.0000E+000,0.0000E+000,0.0000E+000,0.0000E+000,0.0000E+000,0.0000E+000,0.0000E+000,0.0000E+000,0.0000E+000,0.0000E+000,0.0000E+000,0.0000E+000,0.0000E+000,0.0000E+000,0.0000E+000,0.0000E+000,0.0000E+000,0.0000E+000,0.0000E+000,0.0000E+000,
キビタキ,checked OK,247.39,0.80,4.00,0.0000E+000,0.0000E+000,0.0000E+000,0.0000E+000,2.7670E-001,1.0000E+000,8.2387E-001,8.0174E-001,2.2662E-001,2.4498E-001,3.6589E-001,3.9831E-002,1.8886E-002,2.8207E-003,0.0000E+000,0.0000E+000,1.0000E+000,6.9418E-001,2.1428E-001,3.3078E-002,1.3491E-002,9.0565E-004,2.9723E-003,4.9525E-003,4.7194E-003,2.9725E-003,1.4431E-003,1.7496E-003,9.6900E-004,3.2479E-004,4.1698E-004,1.7321E-004,0.0000E+000,0.0000E+000,0.0000E+000,0.0000E+000,0.0000E+000,0.0000E+000,0.0000E+000,0.0000E+000,0.0000E+000,0.0000E+000,0.0000E+000,0.0000E+000,0.0000E+000,0.0000E+000,0.0000E+000,0.0000E+000,0.0000E+000,0.0000E+000,0.0000E+000,0.0000E+000,0.0000E+000,0.0000E+000,0.0000E+000,0.0000E+000,0.0000E+000,0.0000E+000,0.0000E+000,0.0000E+000,0.0000E+000,0.0000E+000,0.0000E+000,0.0000E+000,0.0000E+000,0.0000E+000,
キビタキ,checked OK,259.17,0.45,2.99,0.0000E+000,0.0000E+000,0.0000E+000,0.0000E+000,2.3478E-001,1.0000E+000,6.5822E-001,3.5015E-001,2.0299E-001,3.6469E-001,1.1117E-001,5.6711E-002,1.8819E-002,2.2962E-003,0.0000E+000,0.0000E+000,1.0000E+000,9.1294E-001,6.4602E-001,3.2728E-001,1.2813E-001,4.7028E-002,1.6394E-002,3.7693E-003,2.0050E-003,3.9663E-003,4.7950E-003,4.6070E-003,5.8920E-003,9.9799E-003,1.3735E-002,1.3181E-002,0.0000E+000,0.0000E+000,0.0000E+000,0.0000E+000,0.0000E+000,0.0000E+000,0.0000E+000,0.0000E+000,0.0000E+000,0.0000E+000,0.0000E+000,0.0000E+000,0.0000E+000,0.0000E+000,0.0000E+000,0.0000E+000,0.0000E+000,0.0000E+000,0.0000E+000,0.0000E+000,0.0000E+000,0.0000E+000,0.0000E+000,0.0000E+000,0.0000E+000,0.0000E+000,0.0000E+000,0.0000E+000,0.0000E+000,0.0000E+000,0.0000E+000,0.0000E+000,0.0000E+000,0.0000E+000,
キビタキ,checked OK,259.65,0.45,3.14,0.0000E+000,0.0000E+000,0.0000E+000,0.0000E+000,2.6892E-001,1.0000E+000,4.9022E-001,5.0787E-001,5.9648E-001,3.1793E-001,8.1801E-002,2.2291E-002,1.6748E-002,3.0736E-003,0.0000E+000,0.0000E+000,1.0000E+000,9.1137E-001,6.3752E-001,3.0638E-001,9.8856E-002,2.4287E-002,1.1731E-002,1.4429E-002,1.7937E-002,1.8422E-002,1.5979E-002,1.2767E-002,9.9167E-003,7.6263E-003,6.9118E-003,8.1649E-003,0.0000E+000,0.0000E+000,0.0000E+000,0.0000E+000,0.0000E+000,0.0000E+000,0.0000E+000,0.0000E+000,0.0000E+000,0.0000E+000,0.0000E+000,0.0000E+000,0.0000E+000,0.0000E+000,0.0000E+000,0.0000E+000,0.0000E+000,0.0000E+000,0.0000E+000,0.0000E+000,0.0000E+000,0.0000E+000,0.0000E+000,0.0000E+000,0.0000E+000,0.0000E+000,0.0000E+000,0.0000E+000,0.0000E+000,0.0000E+000,0.0000E+000,0.0000E+000,0.0000E+000,0.0000E+000,
キビタキ,checked OK,263.87,0.35,15.62,0.0000E+000,0.0000E+000,0.0000E+000,0.0000E+000,6.9197E-002,4.2120E-001,9.4536E-001,1.0000E+000,4.6494E-002,1.2824E-002,5.5900E-003,3.4123E-003,2.5758E-003,3.2653E-004,0.0000E+000,0.0000E+000,1.0000E+000,9.6839E-001,8.5342E-001,6.6242E-001,4.5154E-001,2.6779E-001,1.3547E-001,5.8594E-002,3.0061E-002,3.8352E-002,7.0083E-002,1.1164E-001,1.5179E-001,1.8394E-001,2.0627E-001,2.1978E-001,0.0000E+000,0.0000E+000,0.0000E+000,0.0000E+000,0.0000E+000,0.0000E+000,0.0000E+000,0.0000E+000,0.0000E+000,0.0000E+000,0.0000E+000,0.0000E+000,0.0000E+000,0.0000E+000,0.0000E+000,0.0000E+000,0.0000E+000,0.0000E+000,0.0000E+000,0.0000E+000,0.0000E+000,0.0000E+000,0.0000E+000,0.0000E+000,0.0000E+000,0.0000E+000,0.0000E+000,0.0000E+000,0.0000E+000,0.0000E+000,0.0000E+000,0.0000E+000,0.0000E+000,0.0000E+000,
キビタキ,checked OK,264.38,0.54,9.71,0.0000E+000,0.0000E+000,0.0000E+000,0.0000E+000,3.2658E-001,7.9162E-001,7.4313E-001,1.0000E+000,9.5018E-001,5.6351E-002,7.2482E-002,6.2898E-002,1.3922E-002,2.4199E-003,0.0000E+000,0.0000E+000,1.0000E+000,9.0184E-001,6.0904E-001,2.7480E-001,8.1730E-002,1.6496E-002,3.3877E-003,2.6248E-003,3.5093E-003,2.7408E-003,8.8771E-004,3.4424E-003,1.6045E-002,3.8437E-002,6.3854E-002,8.3898E-002,0.0000E+000,0.0000E+000,0.0000E+000,0.0000E+000,0.0000E+000,0.0000E+000,0.0000E+000,0.0000E+000,0.0000E+000,0.0000E+000,0.0000E+000,0.0000E+000,0.0000E+000,0.0000E+000,0.0000E+000,0.0000E+000,0.0000E+000,0.0000E+000,0.0000E+000,0.0000E+000,0.0000E+000,0.0000E+000,0.0000E+000,0.0000E+000,0.0000E+000,0.0000E+000,0.0000E+000,0.0000E+000,0.0000E+000,0.0000E+000,0.0000E+000,0.0000E+000,0.0000E+000,0.0000E+000,
キビタキ,checked OK,271.42,0.86,4.95,0.0000E+000,0.0000E+000,0.0000E+000,0.0000E+000,5.8337E-002,5.9865E-001,1.0000E+000,5.5897E-001,4.8571E-002,1.9101E-002,6.4155E-003,3.2619E-003,2.7996E-003,4.1397E-004,0.0000E+000,0.0000E+000,1.0000E+000,7.7435E-001,3.4930E-001,8.7612E-002,1.6808E-002,2.1910E-002,2.8764E-002,1.6509E-002,6.9026E-003,2.2175E-003,4.3782E-003,1.4377E-002,3.0211E-002,4.0709E-002,3.5960E-002,2.2363E-002,0.0000E+000,0.0000E+000,0.0000E+000,0.0000E+000,0.0000E+000,0.0000E+000,0.0000E+000,0.0000E+000,0.0000E+000,0.0000E+000,0.0000E+000,0.0000E+000,0.0000E+000,0.0000E+000,0.0000E+000,0.0000E+000,0.0000E+000,0.0000E+000,0.0000E+000,0.0000E+000,0.0000E+000,0.0000E+000,0.0000E+000,0.0000E+000,0.0000E+000,0.0000E+000,0.0000E+000,0.0000E+000,0.0000E+000,0.0000E+000,0.0000E+000,0.0000E+000,0.0000E+000,0.0000E+000,
キビタキ,checked OK,274.18,0.93,1.22,0.0000E+000,0.0000E+000,0.0000E+000,0.0000E+000,3.1272E-001,1.0000E+000,4.3380E-001,2.9282E-001,4.9591E-001,1.7454E-001,4.6575E-002,2.6957E-002,1.7743E-002,3.0321E-003,0.0000E+000,0.0000E+000,1.0000E+000,6.6273E-001,1.6292E-001,5.1735E-003,5.0435E-003,1.6259E-003,6.0504E-003,7.7832E-003,6.7496E-003,6.3418E-003,3.0345E-003,4.0345E-003,8.3538E-003,4.6485E-003,1.6702E-003,3.2587E-003,0.0000E+000,0.0000E+000,0.0000E+000,0.0000E+000,0.0000E+000,0.0000E+000,0.0000E+000,0.0000E+000,0.0000E+000,0.0000E+000,0.0000E+000,0.0000E+000,0.0000E+000,0.0000E+000,0.0000E+000,0.0000E+000,0.0000E+000,0.0000E+000,0.0000E+000,0.0000E+000,0.0000E+000,0.0000E+000,0.0000E+000,0.0000E+000,0.0000E+000,0.0000E+000,0.0000E+000,0.0000E+000,0.0000E+000,0.0000E+000,0.0000E+000,0.0000E+000,0.0000E+000,0.0000E+000,
キビタキ,checked OK,277.92,0.93,13.03,0.0000E+000,0.0000E+000,0.0000E+000,0.0000E+000,7.1119E-002,3.4990E-001,1.0000E+000,6.4560E-001,3.3176E-001,2.3872E-002,7.5867E-003,4.1411E-003,3.0761E-003,4.6234E-004,0.0000E+000,0.0000E+000,1.0000E+000,6.3772E-001,3.3185E-001,3.2858E-001,2.2507E-001,1.6402E-001,1.3851E-001,1.1810E-001,9.8172E-002,8.4052E-002,8.2517E-002,8.8769E-002,7.1747E-002,7.2593E-002,8.7087E-002,7.2269E-002,0.0000E+000,0.0000E+000,0.0000E+000,0.0000E+000,0.0000E+000,0.0000E+000,0.0000E+000,0.0000E+000,0.0000E+000,0.0000E+000,0.0000E+000,0.0000E+000,0.0000E+000,0.0000E+000,0.0000E+000,0.0000E+000,0.0000E+000,0.0000E+000,0.0000E+000,0.0000E+000,0.0000E+000,0.0000E+000,0.0000E+000,0.0000E+000,0.0000E+000,0.0000E+000,0.0000E+000,0.0000E+000,0.0000E+000,0.0000E+000,0.0000E+000,0.0000E+000,0.0000E+000,0.0000E+000,
キビタキ,checked OK,284.19,1.66,17.64,0.0000E+000,0.0000E+000,0.0000E+000,0.0000E+000,4.0546E-002,3.1518E-001,1.0000E+000,6.1336E-001,3.0694E-002,1.3521E-002,7.4841E-003,6.6976E-003,4.8433E-003,4.1391E-004,0.0000E+000,0.0000E+000,1.0000E+000,4.2064E-001,2.0179E-001,1.1902E-001,1.6579E-002,1.0111E-002,7.0302E-002,7.6810E-002,5.9241E-002,7.7033E-002,3.0476E-002,8.1194E-003,4.9844E-003,1.0365E-002,1.2628E-002,1.8504E-002,0.0000E+000,0.0000E+000,0.0000E+000,0.0000E+000,0.0000E+000,0.0000E+000,0.0000E+000,0.0000E+000,0.0000E+000,0.0000E+000,0.0000E+000,0.0000E+000,0.0000E+000,0.0000E+000,0.0000E+000,0.0000E+000,0.0000E+000,0.0000E+000,0.0000E+000,0.0000E+000,0.0000E+000,0.0000E+000,0.0000E+000,0.0000E+000,0.0000E+000,0.0000E+000,0.0000E+000,0.0000E+000,0.0000E+000,0.0000E+000,0.0000E+000,0.0000E+000,0.0000E+000,0.0000E+000,
キビタキ,checked OK,302.43,0.58,1.33,0.0000E+000,0.0000E+000,0.0000E+000,0.0000E+000,3.5244E-001,1.0000E+000,6.2918E-001,3.7344E-001,4.1074E-001,1.9471E-001,4.1616E-002,2.3829E-002,1.9455E-002,3.0056E-003,0.0000E+000,0.0000E+000,1.0000E+000,8.5199E-001,4.6918E-001,1.3404E-001,1.8854E-002,4.4257E-003,7.3294E-003,1.0320E-002,9.6055E-003,6.2860E-003,2.3904E-003,6.5772E-004,2.5022E-003,6.6763E-003,1.1347E-002,1.4913E-002,0.0000E+000,0.0000E+000,0.0000E+000,0.0000E+000,0.0000E+000,0.0000E+000,0.0000E+000,0.0000E+000,0.0000E+000,0.0000E+000,0.0000E+000,0.0000E+000,0.0000E+000,0.0000E+000,0.0000E+000,0.0000E+000,0.0000E+000,0.0000E+000,0.0000E+000,0.0000E+000,0.0000E+000,0.0000E+000,0.0000E+000,0.0000E+000,0.0000E+000,0.0000E+000,0.0000E+000,0.0000E+000,0.0000E+000,0.0000E+000,0.0000E+000,0.0000E+000,0.0000E+000,0.0000E+000,
キビタキ,checked OK,312.51,0.35,9.52,0.0000E+000,0.0000E+000,0.0000E+000,0.0000E+000,1.2148E-001,3.2591E-001,4.5375E-001,1.0000E+000,4.3709E-001,8.0652E-002,1.7706E-002,7.6419E-003,7.0636E-003,1.2681E-003,0.0000E+000,0.0000E+000,1.0000E+000,9.4458E-001,7.5678E-001,4.8667E-001,2.5753E-001,1.2456E-001,6.6269E-002,3.7869E-002,1.7225E-002,5.8095E-003,6.0701E-003,1.0905E-002,1.1649E-002,7.1711E-003,2.3325E-003,6.7965E-004,0.0000E+000,0.0000E+000,0.0000E+000,0.0000E+000,0.0000E+000,0.0000E+000,0.0000E+000,0.0000E+000,0.0000E+000,0.0000E+000,0.0000E+000,0.0000E+000,0.0000E+000,0.0000E+000,0.0000E+000,0.0000E+000,0.0000E+000,0.0000E+000,0.0000E+000,0.0000E+000,0.0000E+000,0.0000E+000,0.0000E+000,0.0000E+000,0.0000E+000,0.0000E+000,0.0000E+000,0.0000E+000,0.0000E+000,0.0000E+000,0.0000E+000,0.0000E+000,0.0000E+000,0.0000E+000,
キビタキ,checked OK,320.64,0.70,7.68,0.0000E+000,0.0000E+000,0.0000E+000,0.0000E+000,1.0330E-001,4.1561E-001,1.0000E+000,9.0690E-001,1.0776E-001,2.9951E-002,1.1926E-002,5.9897E-003,3.4669E-003,5.9525E-004,0.0000E+000,0.0000E+000,1.0000E+000,9.0818E-001,6.4590E-001,3.5643E-001,1.8098E-001,1.0072E-001,6.6533E-002,5.1107E-002,4.3123E-002,3.7403E-002,3.2447E-002,3.0890E-002,3.4544E-002,3.8927E-002,3.7113E-002,2.8976E-002,0.0000E+000,0.0000E+000,0.0000E+000,0.0000E+000,0.0000E+000,0.0000E+000,0.0000E+000,0.0000E+000,0.0000E+000,0.0000E+000,0.0000E+000,0.0000E+000,0.0000E+000,0.0000E+000,0.0000E+000,0.0000E+000,0.0000E+000,0.0000E+000,0.0000E+000,0.0000E+000,0.0000E+000,0.0000E+000,0.0000E+000,0.0000E+000,0.0000E+000,0.0000E+000,0.0000E+000,0.0000E+000,0.0000E+000,0.0000E+000,0.0000E+000,0.0000E+000,0.0000E+000,0.0000E+000,
キビタキ,checked OK,388.19,0.58,14.34,0.0000E+000,0.0000E+000,0.0000E+000,0.0000E+000,1.1477E-001,3.4726E-001,2.6361E-001,1.0000E+000,3.6270E-001,1.4986E-002,9.2591E-003,5.8972E-003,4.6934E-003,7.3522E-004,0.0000E+000,0.0000E+000,1.0000E+000,9.0337E-001,6.2876E-001,3.3406E-001,1.6317E-001,8.0609E-002,4.1777E-002,3.4291E-002,4.0419E-002,3.6392E-002,1.8209E-002,4.0293E-003,6.7891E-003,2.6644E-002,5.9706E-002,9.5535E-002,0.0000E+000,0.0000E+000,0.0000E+000,0.0000E+000,0.0000E+000,0.0000E+000,0.0000E+000,0.0000E+000,0.0000E+000,0.0000E+000,0.0000E+000,0.0000E+000,0.0000E+000,0.0000E+000,0.0000E+000,0.0000E+000,0.0000E+000,0.0000E+000,0.0000E+000,0.0000E+000,0.0000E+000,0.0000E+000,0.0000E+000,0.0000E+000,0.0000E+000,0.0000E+000,0.0000E+000,0.0000E+000,0.0000E+000,0.0000E+000,0.0000E+000,0.0000E+000,0.0000E+000,0.0000E+000,
キビタキ,checked OK,394.30,0.42,26.82,0.0000E+000,0.0000E+000,0.0000E+000,0.0000E+000,1.1437E-001,3.5212E-001,1.8925E-001,5.1519E-002,2.3818E-002,1.3967E-001,1.0000E+000,3.8865E-002,7.6923E-003,1.2216E-003,0.0000E+000,0.0000E+000,1.0000E+000,9.6674E-001,8.4813E-001,6.5850E-001,4.6187E-001,3.0343E-001,1.9576E-001,1.2859E-001,8.6017E-002,5.6944E-002,3.6556E-002,2.3606E-002,1.7817E-002,1.8421E-002,2.3479E-002,2.9886E-002,0.0000E+000,0.0000E+000,0.0000E+000,0.0000E+000,0.0000E+000,0.0000E+000,0.0000E+000,0.0000E+000,0.0000E+000,0.0000E+000,0.0000E+000,0.0000E+000,0.0000E+000,0.0000E+000,0.0000E+000,0.0000E+000,0.0000E+000,0.0000E+000,0.0000E+000,0.0000E+000,0.0000E+000,0.0000E+000,0.0000E+000,0.0000E+000,0.0000E+000,0.0000E+000,0.0000E+000,0.0000E+000,0.0000E+000,0.0000E+000,0.0000E+000,0.0000E+000,0.0000E+000,0.0000E+000,
キビタキ,checked OK,399.81,0.38,1.71,0.0000E+000,0.0000E+000,0.0000E+000,0.0000E+000,3.4951E-001,1.0000E+000,4.9407E-001,6.7606E-001,3.0480E-001,5.3828E-002,2.3321E-002,2.2932E-002,1.8407E-002,3.3219E-003,0.0000E+000,0.0000E+000,1.0000E+000,9.2829E-001,6.9238E-001,3.7287E-001,1.3251E-001,2.4620E-002,3.9336E-003,9.5880E-003,1.4076E-002,1.6170E-002,1.9183E-002,2.2044E-002,2.1319E-002,1.5825E-002,8.3762E-003,2.8350E-003,0.0000E+000,0.0000E+000,0.0000E+000,0.0000E+000,0.0000E+000,0.0000E+000,0.0000E+000,0.0000E+000,0.0000E+000,0.0000E+000,0.0000E+000,0.0000E+000,0.0000E+000,0.0000E+000,0.0000E+000,0.0000E+000,0.0000E+000,0.0000E+000,0.0000E+000,0.0000E+000,0.0000E+000,0.0000E+000,0.0000E+000,0.0000E+000,0.0000E+000,0.0000E+000,0.0000E+000,0.0000E+000,0.0000E+000,0.0000E+000,0.0000E+000,0.0000E+000,0.0000E+000,0.0000E+000,
キビタキ,checked OK,427.90,0.74,20.62,0.0000E+000,0.0000E+000,0.0000E+000,0.0000E+000,1.6438E-001,5.4124E-001,3.5346E-001,1.0000E+000,1.7200E-001,1.5065E-002,1.0361E-002,1.0048E-002,9.6479E-003,1.4802E-003,0.0000E+000,0.0000E+000,1.0000E+000,9.2554E-001,7.3288E-001,5.5420E-001,4.5679E-001,3.6933E-001,2.8019E-001,2.2688E-001,1.9892E-001,1.6348E-001,1.2241E-001,9.1157E-002,6.6776E-002,4.3997E-002,2.7888E-002,2.1576E-002,0.0000E+000,0.0000E+000,0.0000E+000,0.0000E+000,0.0000E+000,0.0000E+000,0.0000E+000,0.0000E+000,0.0000E+000,0.0000E+000,0.0000E+000,0.0000E+000,0.0000E+000,0.0000E+000,0.0000E+000,0.0000E+000,0.0000E+000,0.0000E+000,0.0000E+000,0.0000E+000,0.0000E+000,0.0000E+000,0.0000E+000,0.0000E+000,0.0000E+000,0.0000E+000,0.0000E+000,0.0000E+000,0.0000E+000,0.0000E+000,0.0000E+000,0.0000E+000,0.0000E+000,0.0000E+000,
キビタキ,checked OK,434.72,1.12,13.01,0.0000E+000,0.0000E+000,0.0000E+000,0.0000E+000,8.3052E-002,4.8605E-001,1.0000E+000,8.2278E-001,4.0102E-002,1.1060E-002,9.1790E-003,5.3849E-003,4.4450E-003,7.4854E-004,0.0000E+000,0.0000E+000,1.0000E+000,3.8828E-001,1.5543E-001,9.4847E-002,1.7208E-002,2.6854E-003,9.6309E-003,1.3761E-002,1.1313E-002,6.2455E-003,2.2132E-002,2.3636E-002,6.8604E-003,5.4561E-003,8.4674E-003,1.7585E-002,0.0000E+000,0.0000E+000,0.0000E+000,0.0000E+000,0.0000E+000,0.0000E+000,0.0000E+000,0.0000E+000,0.0000E+000,0.0000E+000,0.0000E+000,0.0000E+000,0.0000E+000,0.0000E+000,0.0000E+000,0.0000E+000,0.0000E+000,0.0000E+000,0.0000E+000,0.0000E+000,0.0000E+000,0.0000E+000,0.0000E+000,0.0000E+000,0.0000E+000,0.0000E+000,0.0000E+000,0.0000E+000,0.0000E+000,0.0000E+000,0.0000E+000,0.0000E+000,0.0000E+000,0.0000E+000,
キビタキ,checked OK,435.94,1.15,8.02,0.0000E+000,0.0000E+000,0.0000E+000,0.0000E+000,2.6775E-001,8.2897E-001,1.0000E+000,8.4320E-001,3.9547E-001,1.3541E-001,5.5183E-002,2.9348E-002,1.5450E-002,2.4146E-003,0.0000E+000,0.0000E+000,1.0000E+000,3.7563E-001,3.6497E-002,5.8250E-003,1.0326E-002,6.5791E-003,6.0159E-003,6.6249E-003,1.8104E-002,2.2970E-002,4.5859E-003,4.8008E-003,4.4241E-003,1.6788E-003,1.9461E-002,3.8484E-002,0.0000E+000,0.0000E+000,0.0000E+000,0.0000E+000,0.0000E+000,0.0000E+000,0.0000E+000,0.0000E+000,0.0000E+000,0.0000E+000,0.0000E+000,0.0000E+000,0.0000E+000,0.0000E+000,0.0000E+000,0.0000E+000,0.0000E+000,0.0000E+000,0.0000E+000,0.0000E+000,0.0000E+000,0.0000E+000,0.0000E+000,0.0000E+000,0.0000E+000,0.0000E+000,0.0000E+000,0.0000E+000,0.0000E+000,0.0000E+000,0.0000E+000,0.0000E+000,0.0000E+000,0.0000E+000,
キビタキ,checked OK,450.72,0.35,2.02,0.0000E+000,0.0000E+000,0.0000E+000,0.0000E+000,5.5879E-002,1.5903E-001,9.1397E-001,1.0000E+000,5.4723E-002,8.5482E-003,4.1651E-003,3.8450E-003,2.4217E-003,4.4061E-004,0.0000E+000,0.0000E+000,1.0000E+000,9.4562E-001,7.5946E-001,4.8665E-001,2.4880E-001,1.0897E-001,5.4568E-002,3.9155E-002,2.8932E-002,1.6086E-002,5.5705E-003,8.7713E-004,8.6047E-004,2.8478E-003,4.9954E-003,6.5166E-003,0.0000E+000,0.0000E+000,0.0000E+000,0.0000E+000,0.0000E+000,0.0000E+000,0.0000E+000,0.0000E+000,0.0000E+000,0.0000E+000,0.0000E+000,0.0000E+000,0.0000E+000,0.0000E+000,0.0000E+000,0.0000E+000,0.0000E+000,0.0000E+000,0.0000E+000,0.0000E+000,0.0000E+000,0.0000E+000,0.0000E+000,0.0000E+000,0.0000E+000,0.0000E+000,0.0000E+000,0.0000E+000,0.0000E+000,0.0000E+000,0.0000E+000,0.0000E+000,0.0000E+000,0.0000E+000,
キビタキ,checked OK,466.91,0.64,11.17,0.0000E+000,0.0000E+000,0.0000E+000,0.0000E+000,9.2815E-002,4.2198E-001,1.0000E+000,6.9580E-001,3.3714E-001,6.2600E-003,4.9404E-003,4.3527E-003,3.6135E-003,5.9730E-004,0.0000E+000,0.0000E+000,1.0000E+000,9.0908E-001,6.4533E-001,3.4473E-001,1.5669E-001,7.9067E-002,5.6428E-002,4.4517E-002,3.1771E-002,2.4711E-002,2.8261E-002,3.9631E-002,5.2687E-002,6.2800E-002,6.8907E-002,7.2319E-002,0.0000E+000,0.0000E+000,0.0000E+000,0.0000E+000,0.0000E+000,0.0000E+000,0.0000E+000,0.0000E+000,0.0000E+000,0.0000E+000,0.0000E+000,0.0000E+000,0.0000E+000,0.0000E+000,0.0000E+000,0.0000E+000,0.0000E+000,0.0000E+000,0.0000E+000,0.0000E+000,0.0000E+000,0.0000E+000,0.0000E+000,0.0000E+000,0.0000E+000,0.0000E+000,0.0000E+000,0.0000E+000,0.0000E+000,0.0000E+000,0.0000E+000,0.0000E+000,0.0000E+000,0.0000E+000,
キビタキ,checked OK,490.85,0.58,1.54,0.0000E+000,0.0000E+000,0.0000E+000,0.0000E+000,2.8224E-001,8.8641E-001,1.0000E+000,4.8387E-001,3.4373E-001,1.2133E-001,5.3971E-002,2.9846E-002,1.3959E-002,1.4780E-003,0.0000E+000,0.0000E+000,1.0000E+000,8.5046E-001,4.8681E-001,2.1123E-001,1.4012E-001,1.0286E-001,5.4388E-002,2.7429E-002,2.2544E-002,2.5814E-002,2.7754E-002,2.4472E-002,1.6976E-002,1.1151E-002,1.2176E-002,1.8324E-002,0.0000E+000,0.0000E+000,0.0000E+000,0.0000E+000,0.0000E+000,0.0000E+000,0.0000E+000,0.0000E+000,0.0000E+000,0.0000E+000,0.0000E+000,0.0000E+000,0.0000E+000,0.0000E+000,0.0000E+000,0.0000E+000,0.0000E+000,0.0000E+000,0.0000E+000,0.0000E+000,0.0000E+000,0.0000E+000,0.0000E+000,0.0000E+000,0.0000E+000,0.0000E+000,0.0000E+000,0.0000E+000,0.0000E+000,0.0000E+000,0.0000E+000,0.0000E+000,0.0000E+000,0.0000E+000,
キビタキ,checked OK,503.74,0.64,17.98,0.0000E+000,0.0000E+000,0.0000E+000,0.0000E+000,7.5359E-002,2.8681E-001,3.7173E-001,1.0000E+000,2.1638E-001,3.2906E-002,2.7492E-002,1.1788E-002,4.7380E-003,6.6656E-004,0.0000E+000,0.0000E+000,1.0000E+000,9.1000E-001,6.7574E-001,4.4684E-001,2.9794E-001,1.8442E-001,1.1389E-001,7.7523E-002,4.6059E-002,1.9912E-002,6.9716E-003,3.1802E-003,2.5003E-003,2.6230E-003,2.8462E-003,2.7656E-003,0.0000E+000,0.0000E+000,0.0000E+000,0.0000E+000,0.0000E+000,0.0000E+000,0.0000E+000,0.0000E+000,0.0000E+000,0.0000E+000,0.0000E+000,0.0000E+000,0.0000E+000,0.0000E+000,0.0000E+000,0.0000E+000,0.0000E+000,0.0000E+000,0.0000E+000,0.0000E+000,0.0000E+000,0.0000E+000,0.0000E+000,0.0000E+000,0.0000E+000,0.0000E+000,0.0000E+000,0.0000E+000,0.0000E+000,0.0000E+000,0.0000E+000,0.0000E+000,0.0000E+000,0.0000E+000,
キビタキ,checked OK,504.45,0.99,16.24,0.0000E+000,0.0000E+000,0.0000E+000,0.0000E+000,1.7867E-001,6.1445E-001,7.6476E-001,1.0000E+000,1.4371E-001,4.7374E-002,1.7414E-002,7.7918E-003,5.6450E-003,8.3531E-004,0.0000E+000,0.0000E+000,1.0000E+000,7.8615E-001,4.3602E-001,1.9212E-001,6.3908E-002,2.9452E-002,2.0833E-002,2.2533E-002,1.7559E-002,1.3654E-002,9.5583E-003,8.3559E-003,1.2003E-002,1.6501E-002,1.9333E-002,1.8572E-002,0.0000E+000,0.0000E+000,0.0000E+000,0.0000E+000,0.0000E+000,0.0000E+000,0.0000E+000,0.0000E+000,0.0000E+000,0.0000E+000,0.0000E+000,0.0000E+000,0.0000E+000,0.0000E+000,0.0000E+000,0.0000E+000,0.0000E+000,0.0000E+000,0.0000E+000,0.0000E+000,0.0000E+000,0.0000E+000,0.0000E+000,0.0000E+000,0.0000E+000,0.0000E+000,0.0000E+000,0.0000E+000,0.0000E+000,0.0000E+000,0.0000E+000,0.0000E+000,0.0000E+000,0.0000E+000,
キビタキ,checked OK,505.41,0.58,7.40,0.0000E+000,0.0000E+000,0.0000E+000,0.0000E+000,2.5880E-001,7.5644E-001,7.4981E-001,1.0000E+000,8.6751E-002,1.0332E-001,1.6069E-001,2.0535E-002,1.3624E-002,1.8509E-003,0.0000E+000,0.0000E+000,1.0000E+000,8.7797E-001,5.4097E-001,2.0699E-001,5.5096E-002,1.3329E-002,3.0318E-003,1.9631E-003,3.9932E-003,1.4140E-002,3.3219E-002,4.8512E-002,5.3053E-002,5.1542E-002,4.7446E-002,4.1496E-002,0.0000E+000,0.0000E+000,0.0000E+000,0.0000E+000,0.0000E+000,0.0000E+000,0.0000E+000,0.0000E+000,0.0000E+000,0.0000E+000,0.0000E+000,0.0000E+000,0.0000E+000,0.0000E+000,0.0000E+000,0.0000E+000,0.0000E+000,0.0000E+000,0.0000E+000,0.0000E+000,0.0000E+000,0.0000E+000,0.0000E+000,0.0000E+000,0.0000E+000,0.0000E+000,0.0000E+000,0.0000E+000,0.0000E+000,0.0000E+000,0.0000E+000,0.0000E+000,0.0000E+000,0.0000E+000,
キビタキ,checked OK,507.81,0.74,1.66,0.0000E+000,0.0000E+000,0.0000E+000,0.0000E+000,3.4113E-001,1.0000E+000,8.3656E-001,4.0118E-001,1.0363E-001,6.5713E-002,3.7960E-001,2.1291E-001,1.5390E-002,2.2584E-003,0.0000E+000,0.0000E+000,1.0000E+000,7.6754E-001,2.9941E-001,3.2188E-002,1.9761E-003,4.8172E-003,5.1938E-003,3.1943E-003,3.5157E-003,7.8547E-003,9.3117E-003,4.9577E-003,2.7291E-003,2.1015E-003,2.4147E-003,3.5260E-003,0.0000E+000,0.0000E+000,0.0000E+000,0.0000E+000,0.0000E+000,0.0000E+000,0.0000E+000,0.0000E+000,0.0000E+000,0.0000E+000,0.0000E+000,0.0000E+000,0.0000E+000,0.0000E+000,0.0000E+000,0.0000E+000,0.0000E+000,0.0000E+000,0.0000E+000,0.0000E+000,0.0000E+000,0.0000E+000,0.0000E+000,0.0000E+000,0.0000E+000,0.0000E+000,0.0000E+000,0.0000E+000,0.0000E+000,0.0000E+000,0.0000E+000,0.0000E+000,0.0000E+000,0.0000E+000,
キビタキ,checked OK,508.51,0.54,4.65,0.0000E+000,0.0000E+000,0.0000E+000,0.0000E+000,3.4168E-001,1.0000E+000,9.0584E-001,8.4289E-001,1.0385E-001,3.1616E-001,5.6568E-001,2.0248E-002,1.5323E-002,2.4144E-003,0.0000E+000,0.0000E+000,1.0000E+000,8.7659E-001,5.3389E-001,1.9589E-001,5.1645E-002,1.9181E-002,7.7043E-003,6.2639E-003,1.5612E-002,2.4181E-002,2.3112E-002,1.4256E-002,5.7989E-003,2.7671E-003,2.9773E-003,2.3010E-003,0.0000E+000,0.0000E+000,0.0000E+000,0.0000E+000,0.0000E+000,0.0000E+000,0.0000E+000,0.0000E+000,0.0000E+000,0.0000E+000,0.0000E+000,0.0000E+000,0.0000E+000,0.0000E+000,0.0000E+000,0.0000E+000,0.0000E+000,0.0000E+000,0.0000E+000,0.0000E+000,0.0000E+000,0.0000E+000,0.0000E+000,0.0000E+000,0.0000E+000,0.0000E+000,0.0000E+000,0.0000E+000,0.0000E+000,0.0000E+000,0.0000E+000,0.0000E+000,0.0000E+000,0.0000E+000,
キビタキ,checked OK,509.22,0.35,2.19,0.0000E+000,0.0000E+000,0.0000E+000,0.0000E+000,2.9806E-001,1.0000E+000,6.1379E-001,3.7894E-001,1.1049E-001,2.8980E-001,2.6428E-001,1.9893E-002,1.5284E-002,2.6295E-003,0.0000E+000,0.0000E+000,1.0000E+000,9.3281E-001,7.0882E-001,3.9796E-001,1.5401E-001,3.6115E-002,7.0192E-003,7.1816E-003,8.2271E-003,8.7054E-003,1.0006E-002,9.6868E-003,7.4454E-003,5.7227E-003,5.1781E-003,4.4177E-003,0.0000E+000,0.0000E+000,0.0000E+000,0.0000E+000,0.0000E+000,0.0000E+000,0.0000E+000,0.0000E+000,0.0000E+000,0.0000E+000,0.0000E+000,0.0000E+000,0.0000E+000,0.0000E+000,0.0000E+000,0.0000E+000,0.0000E+000,0.0000E+000,0.0000E+000,0.0000E+000,0.0000E+000,0.0000E+000,0.0000E+000,0.0000E+000,0.0000E+000,0.0000E+000,0.0000E+000,0.0000E+000,0.0000E+000,0.0000E+000,0.0000E+000,0.0000E+000,0.0000E+000,0.0000E+000,
キビタキ,checked OK,510.75,0.38,20.31,0.0000E+000,0.0000E+000,0.0000E+000,0.0000E+000,4.3035E-002,1.5683E-001,2.4184E-001,1.0000E+000,2.8576E-001,6.7569E-002,8.7691E-003,1.7129E-003,1.4691E-003,2.3931E-004,0.0000E+000,0.0000E+000,1.0000E+000,9.5705E-001,8.0799E-001,5.8245E-001,3.7043E-001,2.2248E-001,1.3780E-001,9.2720E-002,7.0669E-002,6.8624E-002,8.6408E-002,1.1745E-001,1.4935E-001,1.7050E-001,1.7629E-001,1.7107E-001,0.0000E+000,0.0000E+000,0.0000E+000,0.0000E+000,0.0000E+000,0.0000E+000,0.0000E+000,0.0000E+000,0.0000E+000,0.0000E+000,0.0000E+000,0.0000E+000,0.0000E+000,0.0000E+000,0.0000E+000,0.0000E+000,0.0000E+000,0.0000E+000,0.0000E+000,0.0000E+000,0.0000E+000,0.0000E+000,0.0000E+000,0.0000E+000,0.0000E+000,0.0000E+000,0.0000E+000,0.0000E+000,0.0000E+000,0.0000E+000,0.0000E+000,0.0000E+000,0.0000E+000,0.0000E+000,
キビタキ,checked OK,518.02,0.83,18.79,0.0000E+000,0.0000E+000,0.0000E+000,0.0000E+000,7.6795E-002,3.6244E-001,4.4861E-001,1.0000E+000,2.8979E-001,1.1936E-002,5.1363E-003,4.1743E-003,3.3663E-003,5.0560E-004,0.0000E+000,0.0000E+000,1.0000E+000,6.4254E-001,1.8172E-001,1.5870E-001,1.3427E-001,2.8447E-002,4.8009E-002,4.8315E-002,1.5622E-002,5.5902E-003,9.5931E-003,1.7190E-002,3.1244E-002,3.5221E-002,3.5761E-002,4.5434E-002,0.0000E+000,0.0000E+000,0.0000E+000,0.0000E+000,0.0000E+000,0.0000E+000,0.0000E+000,0.0000E+000,0.0000E+000,0.0000E+000,0.0000E+000,0.0000E+000,0.0000E+000,0.0000E+000,0.0000E+000,0.0000E+000,0.0000E+000,0.0000E+000,0.0000E+000,0.0000E+000,0.0000E+000,0.0000E+000,0.0000E+000,0.0000E+000,0.0000E+000,0.0000E+000,0.0000E+000,0.0000E+000,0.0000E+000,0.0000E+000,0.0000E+000,0.0000E+000,0.0000E+000,0.0000E+000,
キビタキ,checked OK,518.94,0.45,3.68,0.0000E+000,0.0000E+000,0.0000E+000,0.0000E+000,2.7395E-001,1.0000E+000,8.6065E-001,7.8903E-001,3.9786E-001,1.3828E-001,9.0336E-002,4.8183E-002,1.4661E-002,1.6502E-003,0.0000E+000,0.0000E+000,1.0000E+000,9.0680E-001,6.2008E-001,2.7806E-001,7.2743E-002,8.0385E-003,1.1150E-003,3.1825E-003,7.6955E-003,1.6492E-002,2.5468E-002,2.8421E-002,2.4739E-002,1.8615E-002,1.2721E-002,7.5666E-003,0.0000E+000,0.0000E+000,0.0000E+000,0.0000E+000,0.0000E+000,0.0000E+000,0.0000E+000,0.0000E+000,0.0000E+000,0.0000E+000,0.0000E+000,0.0000E+000,0.0000E+000,0.0000E+000,0.0000E+000,0.0000E+000,0.0000E+000,0.0000E+000,0.0000E+000,0.0000E+000,0.0000E+000,0.0000E+000,0.0000E+000,0.0000E+000,0.0000E+000,0.0000E+000,0.0000E+000,0.0000E+000,0.0000E+000,0.0000E+000,0.0000E+000,0.0000E+000,0.0000E+000,0.0000E+000,
キビタキ,checked OK,527.30,1.02,24.71,0.0000E+000,0.0000E+000,0.0000E+000,0.0000E+000,2.8464E-002,1.7688E-001,3.5411E-001,1.0000E+000,2.3767E-001,1.0510E-002,7.9137E-003,6.8066E-003,1.6404E-003,2.6047E-004,0.0000E+000,0.0000E+000,1.0000E+000,8.4290E-001,5.8040E-001,3.8753E-001,2.7815E-001,2.0015E-001,1.2211E-001,8.2544E-002,6.4635E-002,5.4934E-002,3.7679E-002,2.1120E-002,7.5819E-003,2.8229E-003,4.4657E-003,6.0800E-003,0.0000E+000,0.0000E+000,0.0000E+000,0.0000E+000,0.0000E+000,0.0000E+000,0.0000E+000,0.0000E+000,0.0000E+000,0.0000E+000,0.0000E+000,0.0000E+000,0.0000E+000,0.0000E+000,0.0000E+000,0.0000E+000,0.0000E+000,0.0000E+000,0.0000E+000,0.0000E+000,0.0000E+000,0.0000E+000,0.0000E+000,0.0000E+000,0.0000E+000,0.0000E+000,0.0000E+000,0.0000E+000,0.0000E+000,0.0000E+000,0.0000E+000,0.0000E+000,0.0000E+000,0.0000E+000,
キビタキ,checked OK,542.75,0.64,14.60,0.0000E+000,0.0000E+000,0.0000E+000,0.0000E+000,3.6018E-002,1.7795E-001,7.1603E-001,1.0000E+000,9.5600E-002,5.7703E-003,2.5689E-003,2.4303E-003,1.9558E-003,3.2384E-004,0.0000E+000,0.0000E+000,1.0000E+000,8.8985E-001,5.7810E-001,2.5039E-001,8.0427E-002,2.4417E-002,8.2935E-003,3.3812E-003,3.8715E-003,7.7264E-003,1.0400E-002,8.9327E-003,6.4511E-003,6.0866E-003,6.1815E-003,4.1642E-003,0.0000E+000,0.0000E+000,0.0000E+000,0.0000E+000,0.0000E+000,0.0000E+000,0.0000E+000,0.0000E+000,0.0000E+000,0.0000E+000,0.0000E+000,0.0000E+000,0.0000E+000,0.0000E+000,0.0000E+000,0.0000E+000,0.0000E+000,0.0000E+000,0.0000E+000,0.0000E+000,0.0000E+000,0.0000E+000,0.0000E+000,0.0000E+000,0.0000E+000,0.0000E+000,0.0000E+000,0.0000E+000,0.0000E+000,0.0000E+000,0.0000E+000,0.0000E+000,0.0000E+000,0.0000E+000,
キビタキ,checked OK,543.39,0.35,2.65,0.0000E+000,0.0000E+000,0.0000E+000,0.0000E+000,3.1945E-001,1.0000E+000,6.3693E-001,2.7357E-001,1.2701E-001,8.9812E-002,2.0265E-001,4.9096E-001,8.2970E-002,4.2567E-003,0.0000E+000,0.0000E+000,1.0000E+000,9.2722E-001,6.8565E-001,3.5543E-001,1.0992E-001,1.5193E-002,2.0616E-002,4.3674E-002,4.3669E-002,2.7047E-002,1.2742E-002,7.9670E-003,8.7114E-003,9.2645E-003,7.2730E-003,3.6655E-003,0.0000E+000,0.0000E+000,0.0000E+000,0.0000E+000,0.0000E+000,0.0000E+000,0.0000E+000,0.0000E+000,0.0000E+000,0.0000E+000,0.0000E+000,0.0000E+000,0.0000E+000,0.0000E+000,0.0000E+000,0.0000E+000,0.0000E+000,0.0000E+000,0.0000E+000,0.0000E+000,0.0000E+000,0.0000E+000,0.0000E+000,0.0000E+000,0.0000E+000,0.0000E+000,0.0000E+000,0.0000E+000,0.0000E+000,0.0000E+000,0.0000E+000,0.0000E+000,0.0000E+000,0.0000E+000,
キビタキ,checked OK,544.22,0.35,16.39,0.0000E+000,0.0000E+000,0.0000E+000,0.0000E+000,2.3111E-002,1.5133E-001,1.0000E+000,3.0777E-001,1.4093E-002,2.3774E-003,1.9856E-003,1.7776E-003,1.3302E-003,1.9012E-004,0.0000E+000,0.0000E+000,1.0000E+000,9.6884E-001,8.5569E-001,6.6790E-001,4.5993E-001,2.7621E-001,1.3955E-001,5.4223E-002,1.3139E-002,2.7354E-003,7.3644E-003,1.4753E-002,1.9437E-002,2.1380E-002,2.2072E-002,2.2293E-002,0.0000E+000,0.0000E+000,0.0000E+000,0.0000E+000,0.0000E+000,0.0000E+000,0.0000E+000,0.0000E+000,0.0000E+000,0.0000E+000,0.0000E+000,0.0000E+000,0.0000E+000,0.0000E+000,0.0000E+000,0.0000E+000,0.0000E+000,0.0000E+000,0.0000E+000,0.0000E+000,0.0000E+000,0.0000E+000,0.0000E+000,0.0000E+000,0.0000E+000,0.0000E+000,0.0000E+000,0.0000E+000,0.0000E+000,0.0000E+000,0.0000E+000,0.0000E+000,0.0000E+000,0.0000E+000,
キビタキ,checked OK,552.54,0.67,10.11,0.0000E+000,0.0000E+000,0.0000E+000,0.0000E+000,1.0461E-001,3.7671E-001,1.0000E+000,4.6516E-001,5.7207E-002,1.5048E-002,1.7064E-002,1.9415E-002,1.0776E-002,1.4141E-003,0.0000E+000,0.0000E+000,1.0000E+000,9.0823E-001,6.3416E-001,3.0898E-001,9.7423E-002,1.6966E-002,1.8513E-002,4.6934E-002,7.1999E-002,8.6325E-002,9.0996E-002,8.8520E-002,8.0113E-002,6.6311E-002,4.8732E-002,3.1677E-002,0.0000E+000,0.0000E+000,0.0000E+000,0.0000E+000,0.0000E+000,0.0000E+000,0.0000E+000,0.0000E+000,0.0000E+000,0.0000E+000,0.0000E+000,0.0000E+000,0.0000E+000,0.0000E+000,0.0000E+000,0.0000E+000,0.0000E+000,0.0000E+000,0.0000E+000,0.0000E+000,0.0000E+000,0.0000E+000,0.0000E+000,0.0000E+000,0.0000E+000,0.0000E+000,0.0000E+000,0.0000E+000,0.0000E+000,0.0000E+000,0.0000E+000,0.0000E+000,0.0000E+000,0.0000E+000,
キビタキ,checked OK,558.53,0.35,3.27,0.0000E+000,0.0000E+000,0.0000E+000,0.0000E+000,1.1987E-001,5.1485E-001,1.0000E+000,5.5982E-001,7.1733E-002,3.1238E-002,6.7617E-003,5.3716E-003,4.3305E-003,6.3598E-004,0.0000E+000,0.0000E+000,1.0000E+000,9.3056E-001,7.0213E-001,3.9330E-001,1.6221E-001,5.8300E-002,3.3302E-002,2.7752E-002,2.0241E-002,1.3492E-002,9.7946E-003,8.7510E-003,1.2465E-002,2.2423E-002,3.5255E-002,4.5584E-002,0.0000E+000,0.0000E+000,0.0000E+000,0.0000E+000,0.0000E+000,0.0000E+000,0.0000E+000,0.0000E+000,0.0000E+000,0.0000E+000,0.0000E+000,0.0000E+000,0.0000E+000,0.0000E+000,0.0000E+000,0.0000E+000,0.0000E+000,0.0000E+000,0.0000E+000,0.0000E+000,0.0000E+000,0.0000E+000,0.0000E+000,0.0000E+000,0.0000E+000,0.0000E+000,0.0000E+000,0.0000E+000,0.0000E+000,0.0000E+000,0.0000E+000,0.0000E+000,0.0000E+000,0.0000E+000,
キビタキ,checked OK,558.94,0.42,17.86,0.0000E+000,0.0000E+000,0.0000E+000,0.0000E+000,1.3055E-001,3.3622E-001,5.9994E-001,1.0000E+000,8.5902E-001,2.2369E-001,1.9574E-002,6.9275E-003,6.3438E-003,1.3670E-003,0.0000E+000,0.0000E+000,1.0000E+000,9.3199E-001,7.0952E-001,4.0926E-001,1.7883E-001,6.1751E-002,2.1860E-002,1.6734E-002,2.4359E-002,3.1771E-002,3.0234E-002,2.0176E-002,9.1233E-003,2.9792E-003,1.4621E-003,1.2257E-003,0.0000E+000,0.0000E+000,0.0000E+000,0.0000E+000,0.0000E+000,0.0000E+000,0.0000E+000,0.0000E+000,0.0000E+000,0.0000E+000,0.0000E+000,0.0000E+000,0.0000E+000,0.0000E+000,0.0000E+000,0.0000E+000,0.0000E+000,0.0000E+000,0.0000E+000,0.0000E+000,0.0000E+000,0.0000E+000,0.0000E+000,0.0000E+000,0.0000E+000,0.0000E+000,0.0000E+000,0.0000E+000,0.0000E+000,0.0000E+000,0.0000E+000,0.0000E+000,0.0000E+000,0.0000E+000,
キビタキ,checked OK,568.48,0.54,3.28,0.0000E+000,0.0000E+000,0.0000E+000,0.0000E+000,2.4876E-001,1.0000E+000,6.2458E-001,6.1453E-001,4.6198E-001,9.6697E-002,4.5000E-002,2.2202E-002,1.6494E-002,2.3629E-003,0.0000E+000,0.0000E+000,1.0000E+000,8.2760E-001,4.0585E-001,8.6335E-002,2.4251E-002,3.3700E-002,3.1004E-002,1.8966E-002,6.9720E-003,2.1397E-003,3.2854E-003,1.2733E-002,2.1153E-002,1.8330E-002,1.8778E-002,1.9422E-002,0.0000E+000,0.0000E+000,0.0000E+000,0.0000E+000,0.0000E+000,0.0000E+000,0.0000E+000,0.0000E+000,0.0000E+000,0.0000E+000,0.0000E+000,0.0000E+000,0.0000E+000,0.0000E+000,0.0000E+000,0.0000E+000,0.0000E+000,0.0000E+000,0.0000E+000,0.0000E+000,0.0000E+000,0.0000E+000,0.0000E+000,0.0000E+000,0.0000E+000,0.0000E+000,0.0000E+000,0.0000E+000,0.0000E+000,0.0000E+000,0.0000E+000,0.0000E+000,0.0000E+000,0.0000E+000,
キビタキ,checked OK,573.98,0.54,16.79,0.0000E+000,0.0000E+000,0.0000E+000,0.0000E+000,6.5236E-002,2.3689E-001,4.0704E-001,1.0000E+000,4.4649E-001,5.8139E-003,4.3875E-003,3.6528E-003,2.8842E-003,4.5366E-004,0.0000E+000,0.0000E+000,1.0000E+000,9.2748E-001,6.9678E-001,3.9783E-001,1.7843E-001,6.9580E-002,3.0924E-002,1.8481E-002,1.0124E-002,3.2543E-003,1.8648E-003,6.5999E-003,1.3092E-002,1.5592E-002,1.2225E-002,6.2061E-003,0.0000E+000,0.0000E+000,0.0000E+000,0.0000E+000,0.0000E+000,0.0000E+000,0.0000E+000,0.0000E+000,0.0000E+000,0.0000E+000,0.0000E+000,0.0000E+000,0.0000E+000,0.0000E+000,0.0000E+000,0.0000E+000,0.0000E+000,0.0000E+000,0.0000E+000,0.0000E+000,0.0000E+000,0.0000E+000,0.0000E+000,0.0000E+000,0.0000E+000,0.0000E+000,0.0000E+000,0.0000E+000,0.0000E+000,0.0000E+000,0.0000E+000,0.0000E+000,0.0000E+000,0.0000E+000,
キビタキ,checked OK,574.98,0.35,13.09,0.0000E+000,0.0000E+000,0.0000E+000,0.0000E+000,6.2743E-002,3.4697E-001,3.0388E-001,1.0000E+000,1.4449E-001,1.9821E-002,8.3794E-003,2.2424E-002,1.0330E-002,4.0822E-004,0.0000E+000,0.0000E+000,1.0000E+000,9.7222E-001,8.7181E-001,7.0710E-001,5.2884E-001,3.7640E-001,2.6500E-001,1.9016E-001,1.4009E-001,1.0492E-001,7.9294E-002,6.0719E-002,4.7641E-002,3.8688E-002,3.2728E-002,2.9032E-002,0.0000E+000,0.0000E+000,0.0000E+000,0.0000E+000,0.0000E+000,0.0000E+000,0.0000E+000,0.0000E+000,0.0000E+000,0.0000E+000,0.0000E+000,0.0000E+000,0.0000E+000,0.0000E+000,0.0000E+000,0.0000E+000,0.0000E+000,0.0000E+000,0.0000E+000,0.0000E+000,0.0000E+000,0.0000E+000,0.0000E+000,0.0000E+000,0.0000E+000,0.0000E+000,0.0000E+000,0.0000E+000,0.0000E+000,0.0000E+000,0.0000E+000,0.0000E+000,0.0000E+000,0.0000E+000,
キビタキ,checked OK,592.93,0.74,0.30,0.0000E+000,0.0000E+000,0.0000E+000,0.0000E+000,4.1268E-001,1.0000E+000,3.4747E-001,2.3153E-001,4.6088E-001,3.2148E-001,5.3141E-002,1.4775E-002,1.2311E-002,1.7308E-003,0.0000E+000,0.0000E+000,1.0000E+000,7.7015E-001,3.0124E-001,3.3161E-002,9.0367E-003,1.4914E-002,1.5060E-002,1.0065E-002,3.0894E-003,1.0160E-003,3.4764E-003,5.3466E-003,9.1973E-003,1.8854E-002,2.0049E-002,8.0696E-003,0.0000E+000,0.0000E+000,0.0000E+000,0.0000E+000,0.0000E+000,0.0000E+000,0.0000E+000,0.0000E+000,0.0000E+000,0.0000E+000,0.0000E+000,0.0000E+000,0.0000E+000,0.0000E+000,0.0000E+000,0.0000E+000,0.0000E+000,0.0000E+000,0.0000E+000,0.0000E+000,0.0000E+000,0.0000E+000,0.0000E+000,0.0000E+000,0.0000E+000,0.0000E+000,0.0000E+000,0.0000E+000,0.0000E+000,0.0000E+000,0.0000E+000,0.0000E+000,0.0000E+000,0.0000E+000,
キビタキ,checked OK,596.06,0.51,15.10,0.0000E+000,0.0000E+000,0.0000E+000,0.0000E+000,1.4713E-001,7.4530E-001,9.5510E-001,1.0000E+000,6.8150E-001,1.0261E-002,7.5879E-003,6.0754E-003,4.9361E-003,7.9436E-004,0.0000E+000,0.0000E+000,1.0000E+000,9.4024E-001,7.4182E-001,4.6327E-001,2.2825E-001,8.5006E-002,2.0894E-002,6.6518E-003,1.6254E-002,2.9747E-002,3.5511E-002,3.1478E-002,2.1874E-002,1.2064E-002,5.2325E-003,1.7986E-003,0.0000E+000,0.0000E+000,0.0000E+000,0.0000E+000,0.0000E+000,0.0000E+000,0.0000E+000,0.0000E+000,0.0000E+000,0.0000E+000,0.0000E+000,0.0000E+000,0.0000E+000,0.0000E+000,0.0000E+000,0.0000E+000,0.0000E+000,0.0000E+000,0.0000E+000,0.0000E+000,0.0000E+000,0.0000E+000,0.0000E+000,0.0000E+000,0.0000E+000,0.0000E+000,0.0000E+000,0.0000E+000,0.0000E+000,0.0000E+000,0.0000E+000,0.0000E+000,0.0000E+000,0.0000E+000,
キビタキ,checked OK,601.76,0.70,0.00,0.0000E+000,0.0000E+000,0.0000E+000,0.0000E+000,3.3176E-001,1.0000E+000,4.9266E-001,2.9624E-001,2.6454E-001,1.3038E-001,2.7053E-002,1.2889E-002,1.0210E-002,1.7132E-003,0.0000E+000,0.0000E+000,1.0000E+000,7.8885E-001,3.3407E-001,4.6945E-002,2.1171E-003,4.1194E-003,8.0888E-003,6.1618E-003,3.8602E-003,7.0388E-003,1.0798E-002,8.6506E-003,3.1794E-003,7.5228E-004,2.3075E-003,3.1933E-003,0.0000E+000,0.0000E+000,0.0000E+000,0.0000E+000,0.0000E+000,0.0000E+000,0.0000E+000,0.0000E+000,0.0000E+000,0.0000E+000,0.0000E+000,0.0000E+000,0.0000E+000,0.0000E+000,0.0000E+000,0.0000E+000,0.0000E+000,0.0000E+000,0.0000E+000,0.0000E+000,0.0000E+000,0.0000E+000,0.0000E+000,0.0000E+000,0.0000E+000,0.0000E+000,0.0000E+000,0.0000E+000,0.0000E+000,0.0000E+000,0.0000E+000,0.0000E+000,0.0000E+000,0.0000E+000,
キビタキ,checked OK,616.26,0.38,16.55,0.0000E+000,0.0000E+000,0.0000E+000,0.0000E+000,1.6771E-001,5.3166E-001,3.8747E-001,1.0000E+000,1.0810E-001,1.2193E-002,8.6409E-003,7.2535E-003,6.1162E-003,1.2274E-003,0.0000E+000,0.0000E+000,1.0000E+000,9.4652E-001,7.6210E-001,4.8764E-001,2.4088E-001,8.8287E-002,2.6526E-002,1.6273E-002,2.2610E-002,3.0601E-002,3.9354E-002,5.1553E-002,6.7357E-002,8.3114E-002,9.3900E-002,9.7875E-002,0.0000E+000,0.0000E+000,0.0000E+000,0.0000E+000,0.0000E+000,0.0000E+000,0.0000E+000,0.0000E+000,0.0000E+000,0.0000E+000,0.0000E+000,0.0000E+000,0.0000E+000,0.0000E+000,0.0000E+000,0.0000E+000,0.0000E+000,0.0000E+000,0.0000E+000,0.0000E+000,0.0000E+000,0.0000E+000,0.0000E+000,0.0000E+000,0.0000E+000,0.0000E+000,0.0000E+000,0.0000E+000,0.0000E+000,0.0000E+000,0.0000E+000,0.0000E+000,0.0000E+000,0.0000E+000,
キビタキ,checked OK,622.14,0.77,1.82,0.0000E+000,0.0000E+000,0.0000E+000,0.0000E+000,3.4927E-001,1.0000E+000,5.0854E-001,2.2880E-001,1.8654E-001,8.8012E-002,2.8933E-002,1.8813E-002,1.7441E-002,2.5659E-003,0.0000E+000,0.0000E+000,1.0000E+000,7.2246E-001,2.2787E-001,1.1849E-002,9.1794E-003,4.6883E-003,2.8676E-003,5.2621E-003,1.4013E-002,2.0482E-002,2.1613E-002,2.3371E-002,1.9808E-002,7.8295E-003,2.0738E-003,2.9664E-003,0.0000E+000,0.0000E+000,0.0000E+000,0.0000E+000,0.0000E+000,0.0000E+000,0.0000E+000,0.0000E+000,0.0000E+000,0.0000E+000,0.0000E+000,0.0000E+000,0.0000E+000,0.0000E+000,0.0000E+000,0.0000E+000,0.0000E+000,0.0000E+000,0.0000E+000,0.0000E+000,0.0000E+000,0.0000E+000,0.0000E+000,0.0000E+000,0.0000E+000,0.0000E+000,0.0000E+000,0.0000E+000,0.0000E+000,0.0000E+000,0.0000E+000,0.0000E+000,0.0000E+000,0.0000E+000,
キビタキ,checked OK,625.66,0.51,9.87,0.0000E+000,0.0000E+000,0.0000E+000,0.0000E+000,1.7728E-001,4.9394E-001,5.8638E-001,1.0000E+000,4.6402E-001,4.1098E-001,3.6258E-002,7.4108E-003,5.8457E-003,9.6506E-004,0.0000E+000,0.0000E+000,1.0000E+000,8.7759E-001,5.2492E-001,1.6341E-001,2.5087E-002,4.3302E-002,7.4732E-002,7.1451E-002,4.8155E-002,2.2505E-002,8.6926E-003,1.5851E-002,3.4726E-002,4.4401E-002,3.7111E-002,2.3181E-002,0.0000E+000,0.0000E+000,0.0000E+000,0.0000E+000,0.0000E+000,0.0000E+000,0.0000E+000,0.0000E+000,0.0000E+000,0.0000E+000,0.0000E+000,0.0000E+000,0.0000E+000,0.0000E+000,0.0000E+000,0.0000E+000,0.0000E+000,0.0000E+000,0.0000E+000,0.0000E+000,0.0000E+000,0.0000E+000,0.0000E+000,0.0000E+000,0.0000E+000,0.0000E+000,0.0000E+000,0.0000E+000,0.0000E+000,0.0000E+000,0.0000E+000,0.0000E+000,0.0000E+000,0.0000E+000,
キビタキ,checked OK,634.88,0.70,22.48,0.0000E+000,0.0000E+000,0.0000E+000,0.0000E+000,3.7329E-002,1.3892E-001,1.5954E-001,1.0000E+000,1.8590E-001,7.7086E-003,2.8848E-003,1.6010E-003,1.5475E-003,2.2147E-004,0.0000E+000,0.0000E+000,1.0000E+000,8.9914E-001,6.1366E-001,3.0406E-001,1.2022E-001,3.7397E-002,1.1510E-002,1.9038E-002,3.9561E-002,5.9634E-002,7.3732E-002,7.9571E-002,7.7462E-002,6.8762E-002,5.5359E-002,4.1646E-002,0.0000E+000,0.0000E+000,0.0000E+000,0.0000E+000,0.0000E+000,0.0000E+000,0.0000E+000,0.0000E+000,0.0000E+000,0.0000E+000,0.0000E+000,0.0000E+000,0.0000E+000,0.0000E+000,0.0000E+000,0.0000E+000,0.0000E+000,0.0000E+000,0.0000E+000,0.0000E+000,0.0000E+000,0.0000E+000,0.0000E+000,0.0000E+000,0.0000E+000,0.0000E+000,0.0000E+000,0.0000E+000,0.0000E+000,0.0000E+000,0.0000E+000,0.0000E+000,0.0000E+000,0.0000E+000,
キビタキ,checked OK,635.68,0.45,5.13,0.0000E+000,0.0000E+000,0.0000E+000,0.0000E+000,4.3272E-002,2.5790E-001,1.0000E+000,9.1910E-001,1.4712E-001,1.1171E-002,7.6188E-003,4.2453E-003,2.4311E-003,3.8202E-004,0.0000E+000,0.0000E+000,1.0000E+000,8.9629E-001,5.8360E-001,2.2909E-001,4.5937E-002,1.5220E-002,2.2747E-002,1.5876E-002,4.5507E-003,1.4369E-003,2.6959E-003,2.4253E-003,9.6509E-004,6.5886E-004,2.8528E-003,7.2634E-003,0.0000E+000,0.0000E+000,0.0000E+000,0.0000E+000,0.0000E+000,0.0000E+000,0.0000E+000,0.0000E+000,0.0000E+000,0.0000E+000,0.0000E+000,0.0000E+000,0.0000E+000,0.0000E+000,0.0000E+000,0.0000E+000,0.0000E+000,0.0000E+000,0.0000E+000,0.0000E+000,0.0000E+000,0.0000E+000,0.0000E+000,0.0000E+000,0.0000E+000,0.0000E+000,0.0000E+000,0.0000E+000,0.0000E+000,0.0000E+000,0.0000E+000,0.0000E+000,0.0000E+000,0.0000E+000,
キビタキ,checked OK,651.20,0.64,16.69,0.0000E+000,0.0000E+000,0.0000E+000,0.0000E+000,7.9822E-002,3.5162E-001,7.8302E-001,1.0000E+000,8.8772E-002,7.3490E-003,4.0445E-003,3.5191E-003,3.0698E-003,4.5824E-004,0.0000E+000,0.0000E+000,1.0000E+000,8.7618E-001,5.4269E-001,2.2552E-001,9.4090E-002,6.0956E-002,3.9263E-002,2.4921E-002,3.0760E-002,3.9804E-002,3.3993E-002,1.9168E-002,1.0295E-002,1.5732E-002,3.1386E-002,4.5028E-002,0.0000E+000,0.0000E+000,0.0000E+000,0.0000E+000,0.0000E+000,0.0000E+000,0.0000E+000,0.0000E+000,0.0000E+000,0.0000E+000,0.0000E+000,0.0000E+000,0.0000E+000,0.0000E+000,0.0000E+000,0.0000E+000,0.0000E+000,0.0000E+000,0.0000E+000,0.0000E+000,0.0000E+000,0.0000E+000,0.0000E+000,0.0000E+000,0.0000E+000,0.0000E+000,0.0000E+000,0.0000E+000,0.0000E+000,0.0000E+000,0.0000E+000,0.0000E+000,0.0000E+000,0.0000E+000,
キビタキ,checked OK,657.79,0.45,0.00,0.0000E+000,0.0000E+000,0.0000E+000,0.0000E+000,2.5095E-002,7.4197E-002,1.0000E+000,2.9845E-001,2.4981E-002,3.2014E-003,1.5065E-003,1.3939E-003,1.0830E-003,1.8472E-004,0.0000E+000,0.0000E+000,1.0000E+000,9.3182E-001,7.1368E-001,4.2904E-001,2.1709E-001,1.0428E-001,5.1902E-002,2.6674E-002,1.4892E-002,1.1580E-002,1.3475E-002,1.6276E-002,1.6664E-002,1.5078E-002,1.3795E-002,1.3765E-002,0.0000E+000,0.0000E+000,0.0000E+000,0.0000E+000,0.0000E+000,0.0000E+000,0.0000E+000,0.0000E+000,0.0000E+000,0.0000E+000,0.0000E+000,0.0000E+000,0.0000E+000,0.0000E+000,0.0000E+000,0.0000E+000,0.0000E+000,0.0000E+000,0.0000E+000,0.0000E+000,0.0000E+000,0.0000E+000,0.0000E+000,0.0000E+000,0.0000E+000,0.0000E+000,0.0000E+000,0.0000E+000,0.0000E+000,0.0000E+000,0.0000E+000,0.0000E+000,0.0000E+000,0.0000E+000,
キビタキ,checked OK,658.34,0.35,3.02,0.0000E+000,0.0000E+000,0.0000E+000,0.0000E+000,1.8734E-001,1.0000E+000,5.8313E-001,1.6777E-001,2.3467E-001,3.0214E-001,1.0218E-001,1.7864E-002,7.1770E-003,1.3538E-003,0.0000E+000,0.0000E+000,1.0000E+000,9.3480E-001,7.1627E-001,4.0906E-001,1.6097E-001,3.5104E-002,5.5467E-003,1.8108E-002,3.5683E-002,4.3106E-002,3.8061E-002,2.5931E-002,1.4475E-002,7.4967E-003,3.9535E-003,1.8797E-003,0.0000E+000,0.0000E+000,0.0000E+000,0.0000E+000,0.0000E+000,0.0000E+000,0.0000E+000,0.0000E+000,0.0000E+000,0.0000E+000,0.0000E+000,0.0000E+000,0.0000E+000,0.0000E+000,0.0000E+000,0.0000E+000,0.0000E+000,0.0000E+000,0.0000E+000,0.0000E+000,0.0000E+000,0.0000E+000,0.0000E+000,0.0000E+000,0.0000E+000,0.0000E+000,0.0000E+000,0.0000E+000,0.0000E+000,0.0000E+000,0.0000E+000,0.0000E+000,0.0000E+000,0.0000E+000,
キビタキ,checked OK,684.00,0.35,16.20,0.0000E+000,0.0000E+000,0.0000E+000,0.0000E+000,4.8314E-002,2.8287E-001,1.0000E+000,1.3543E-001,1.8546E-001,7.7456E-002,4.6395E-003,3.3231E-003,2.7830E-003,4.5649E-004,0.0000E+000,0.0000E+000,1.0000E+000,9.6132E-001,8.2369E-001,6.0478E-001,3.8053E-001,2.0500E-001,9.3963E-002,3.5537E-002,9.7988E-003,1.9447E-003,5.2279E-003,1.7111E-002,3.4298E-002,5.1395E-002,6.3646E-002,6.9811E-002,0.0000E+000,0.0000E+000,0.0000E+000,0.0000E+000,0.0000E+000,0.0000E+000,0.0000E+000,0.0000E+000,0.0000E+000,0.0000E+000,0.0000E+000,0.0000E+000,0.0000E+000,0.0000E+000,0.0000E+000,0.0000E+000,0.0000E+000,0.0000E+000,0.0000E+000,0.0000E+000,0.0000E+000,0.0000E+000,0.0000E+000,0.0000E+000,0.0000E+000,0.0000E+000,0.0000E+000,0.0000E+000,0.0000E+000,0.0000E+000,0.0000E+000,0.0000E+000,0.0000E+000,0.0000E+000,
キビタキ,checked OK,701.50,0.45,23.85,0.0000E+000,0.0000E+000,0.0000E+000,0.0000E+000,1.1629E-002,4.4078E-002,7.6779E-001,1.0000E+000,1.5460E-002,1.3463E-003,8.2829E-004,7.7339E-004,6.1830E-004,8.5658E-005,0.0000E+000,0.0000E+000,1.0000E+000,9.1452E-001,6.4280E-001,3.0315E-001,9.4281E-002,4.6141E-002,6.2550E-002,6.1557E-002,3.5991E-002,1.2589E-002,3.5458E-003,3.3988E-003,6.8504E-003,1.4784E-002,2.8080E-002,4.2958E-002,0.0000E+000,0.0000E+000,0.0000E+000,0.0000E+000,0.0000E+000,0.0000E+000,0.0000E+000,0.0000E+000,0.0000E+000,0.0000E+000,0.0000E+000,0.0000E+000,0.0000E+000,0.0000E+000,0.0000E+000,0.0000E+000,0.0000E+000,0.0000E+000,0.0000E+000,0.0000E+000,0.0000E+000,0.0000E+000,0.0000E+000,0.0000E+000,0.0000E+000,0.0000E+000,0.0000E+000,0.0000E+000,0.0000E+000,0.0000E+000,0.0000E+000,0.0000E+000,0.0000E+000,0.0000E+000,
キビタキ,checked OK,710.62,0.35,3.74,0.0000E+000,0.0000E+000,0.0000E+000,0.0000E+000,4.8431E-002,2.1580E-001,1.0000E+000,2.1479E-001,3.4878E-002,3.9759E-003,2.6749E-003,2.5337E-003,2.1604E-003,2.8781E-004,0.0000E+000,0.0000E+000,1.0000E+000,9.3336E-001,7.0893E-001,3.9256E-001,1.4192E-001,2.9683E-002,2.4043E-002,5.1795E-002,6.5417E-002,5.9381E-002,4.6835E-002,3.6366E-002,2.7902E-002,1.9357E-002,1.0946E-002,4.3801E-003,0.0000E+000,0.0000E+000,0.0000E+000,0.0000E+000,0.0000E+000,0.0000E+000,0.0000E+000,0.0000E+000,0.0000E+000,0.0000E+000,0.0000E+000,0.0000E+000,0.0000E+000,0.0000E+000,0.0000E+000,0.0000E+000,0.0000E+000,0.0000E+000,0.0000E+000,0.0000E+000,0.0000E+000,0.0000E+000,0.0000E+000,0.0000E+000,0.0000E+000,0.0000E+000,0.0000E+000,0.0000E+000,0.0000E+000,0.0000E+000,0.0000E+000,0.0000E+000,0.0000E+000,0.0000E+000,
キビタキ,checked OK,710.94,0.58,20.42,0.0000E+000,0.0000E+000,0.0000E+000,0.0000E+000,5.1017E-002,2.6105E-001,9.5483E-001,1.0000E+000,6.0316E-001,3.4864E-003,2.5400E-003,2.0390E-003,1.6563E-003,2.3919E-004,0.0000E+000,0.0000E+000,1.0000E+000,9.1344E-001,6.7149E-001,4.1448E-001,2.5390E-001,1.5400E-001,9.3899E-002,6.3442E-002,3.9245E-002,2.0191E-002,1.3432E-002,1.0894E-002,8.0350E-003,7.3018E-003,6.0526E-003,2.9797E-003,0.0000E+000,0.0000E+000,0.0000E+000,0.0000E+000,0.0000E+000,0.0000E+000,0.0000E+000,0.0000E+000,0.0000E+000,0.0000E+000,0.0000E+000,0.0000E+000,0.0000E+000,0.0000E+000,0.0000E+000,0.0000E+000,0.0000E+000,0.0000E+000,0.0000E+000,0.0000E+000,0.0000E+000,0.0000E+000,0.0000E+000,0.0000E+000,0.0000E+000,0.0000E+000,0.0000E+000,0.0000E+000,0.0000E+000,0.0000E+000,0.0000E+000,0.0000E+000,0.0000E+000,0.0000E+000,
キビタキ,checked OK,719.49,0.74,17.04,0.0000E+000,0.0000E+000,0.0000E+000,0.0000E+000,1.3087E-001,3.1339E-001,4.8088E-001,1.0000E+000,4.9172E-001,1.6789E-002,5.8905E-003,5.6550E-003,4.1241E-003,7.3322E-004,0.0000E+000,0.0000E+000,1.0000E+000,7.5363E-001,2.8081E-001,1.2107E-001,2.0167E-001,1.4093E-001,3.3289E-002,1.2240E-002,3.4961E-002,3.9228E-002,1.9806E-002,3.9274E-003,6.5726E-003,1.4995E-002,1.5348E-002,9.9855E-003,0.0000E+000,0.0000E+000,0.0000E+000,0.0000E+000,0.0000E+000,0.0000E+000,0.0000E+000,0.0000E+000,0.0000E+000,0.0000E+000,0.0000E+000,0.0000E+000,0.0000E+000,0.0000E+000,0.0000E+000,0.0000E+000,0.0000E+000,0.0000E+000,0.0000E+000,0.0000E+000,0.0000E+000,0.0000E+000,0.0000E+000,0.0000E+000,0.0000E+000,0.0000E+000,0.0000E+000,0.0000E+000,0.0000E+000,0.0000E+000,0.0000E+000,0.0000E+000,0.0000E+000,0.0000E+000,
キビタキ,checked OK,728.29,0.35,7.70,0.0000E+000,0.0000E+000,0.0000E+000,0.0000E+000,2.8136E-001,1.0000E+000,8.1869E-001,4.9983E-001,7.9313E-001,3.9112E-002,1.3870E-002,9.8893E-003,6.9808E-003,1.0755E-003,0.0000E+000,0.0000E+000,1.0000E+000,9.2402E-001,6.7590E-001,3.4703E-001,1.1511E-001,3.1051E-002,3.1066E-002,4.0320E-002,3.5664E-002,2.8125E-002,2.5118E-002,2.2372E-002,1.6098E-002,8.8675E-003,4.9621E-003,5.2162E-003,0.0000E+000,0.0000E+000,0.0000E+000,0.0000E+000,0.0000E+000,0.0000E+000,0.0000E+000,0.0000E+000,0.0000E+000,0.0000E+000,0.0000E+000,0.0000E+000,0.0000E+000,0.0000E+000,0.0000E+000,0.0000E+000,0.0000E+000,0.0000E+000,0.0000E+000,0.0000E+000,0.0000E+000,0.0000E+000,0.0000E+000,0.0000E+000,0.0000E+000,0.0000E+000,0.0000E+000,0.0000E+000,0.0000E+000,0.0000E+000,0.0000E+000,0.0000E+000,0.0000E+000,0.0000E+000,
キビタキ,checked OK,736.22,0.54,13.46,0.0000E+000,0.0000E+000,0.0000E+000,0.0000E+000,3.8645E-002,2.0494E-001,7.7940E-001,1.0000E+000,6.5975E-002,9.6597E-003,1.9918E-003,1.4892E-003,1.3506E-003,2.5801E-004,0.0000E+000,0.0000E+000,1.0000E+000,9.0368E-001,6.2186E-001,3.0920E-001,1.2739E-001,4.5548E-002,9.2392E-003,8.2445E-003,2.3332E-002,2.5969E-002,1.6806E-002,1.7509E-002,3.6748E-002,6.6142E-002,9.8865E-002,1.3263E-001,0.0000E+000,0.0000E+000,0.0000E+000,0.0000E+000,0.0000E+000,0.0000E+000,0.0000E+000,0.0000E+000,0.0000E+000,0.0000E+000,0.0000E+000,0.0000E+000,0.0000E+000,0.0000E+000,0.0000E+000,0.0000E+000,0.0000E+000,0.0000E+000,0.0000E+000,0.0000E+000,0.0000E+000,0.0000E+000,0.0000E+000,0.0000E+000,0.0000E+000,0.0000E+000,0.0000E+000,0.0000E+000,0.0000E+000,0.0000E+000,0.0000E+000,0.0000E+000,0.0000E+000,0.0000E+000,
キビタキ,checked OK,745.34,0.48,0.66,0.0000E+000,0.0000E+000,0.0000E+000,0.0000E+000,2.2796E-001,6.6927E-001,1.0000E+000,8.3470E-001,6.8857E-002,1.4730E-002,1.1680E-002,9.6402E-003,7.9873E-003,1.2312E-003,0.0000E+000,0.0000E+000,1.0000E+000,8.9255E-001,5.9190E-001,2.9835E-001,1.8315E-001,1.5261E-001,1.0861E-001,6.3071E-002,3.8270E-002,2.3781E-002,1.1569E-002,4.6887E-003,4.0108E-003,6.1257E-003,7.0325E-003,4.6952E-003,0.0000E+000,0.0000E+000,0.0000E+000,0.0000E+000,0.0000E+000,0.0000E+000,0.0000E+000,0.0000E+000,0.0000E+000,0.0000E+000,0.0000E+000,0.0000E+000,0.0000E+000,0.0000E+000,0.0000E+000,0.0000E+000,0.0000E+000,0.0000E+000,0.0000E+000,0.0000E+000,0.0000E+000,0.0000E+000,0.0000E+000,0.0000E+000,0.0000E+000,0.0000E+000,0.0000E+000,0.0000E+000,0.0000E+000,0.0000E+000,0.0000E+000,0.0000E+000,0.0000E+000,0.0000E+000,
キビタキ,checked OK,748.16,0.48,8.08,0.0000E+000,0.0000E+000,0.0000E+000,0.0000E+000,5.5514E-002,4.6432E-001,1.0000E+000,2.8022E-001,6.1313E-002,5.3814E-003,4.1023E-003,2.9357E-003,2.5548E-003,3.6798E-004,0.0000E+000,0.0000E+000,1.0000E+000,9.0412E-001,6.1341E-001,2.7502E-001,7.8072E-002,1.5804E-002,9.9602E-003,2.1280E-002,3.8092E-002,5.0436E-002,5.1572E-002,4.1232E-002,2.6009E-002,1.4904E-002,1.0153E-002,7.4490E-003,0.0000E+000,0.0000E+000,0.0000E+000,0.0000E+000,0.0000E+000,0.0000E+000,0.0000E+000,0.0000E+000,0.0000E+000,0.0000E+000,0.0000E+000,0.0000E+000,0.0000E+000,0.0000E+000,0.0000E+000,0.0000E+000,0.0000E+000,0.0000E+000,0.0000E+000,0.0000E+000,0.0000E+000,0.0000E+000,0.0000E+000,0.0000E+000,0.0000E+000,0.0000E+000,0.0000E+000,0.0000E+000,0.0000E+000,0.0000E+000,0.0000E+000,0.0000E+000,0.0000E+000,0.0000E+000,
キビタキ,checked OK,748.70,0.54,2.20,0.0000E+000,0.0000E+000,0.0000E+000,0.0000E+000,3.0951E-001,1.0000E+000,4.9595E-001,5.0668E-001,4.7934E-001,3.8790E-001,1.9706E-001,9.1165E-002,3.0511E-002,2.8555E-003,0.0000E+000,0.0000E+000,1.0000E+000,8.2838E-001,4.0220E-001,7.6094E-002,1.7041E-002,2.6885E-002,2.0319E-002,1.5898E-002,1.5535E-002,1.5917E-002,1.7916E-002,2.6244E-002,3.6279E-002,3.1776E-002,1.9830E-002,3.2486E-002,0.0000E+000,0.0000E+000,0.0000E+000,0.0000E+000,0.0000E+000,0.0000E+000,0.0000E+000,0.0000E+000,0.0000E+000,0.0000E+000,0.0000E+000,0.0000E+000,0.0000E+000,0.0000E+000,0.0000E+000,0.0000E+000,0.0000E+000,0.0000E+000,0.0000E+000,0.0000E+000,0.0000E+000,0.0000E+000,0.0000E+000,0.0000E+000,0.0000E+000,0.0000E+000,0.0000E+000,0.0000E+000,0.0000E+000,0.0000E+000,0.0000E+000,0.0000E+000,0.0000E+000,0.0000E+000,
キビタキ,checked OK,749.22,0.51,2.87,0.0000E+000,0.0000E+000,0.0000E+000,0.0000E+000,3.6241E-001,1.0000E+000,4.8762E-001,9.4327E-001,6.4426E-001,2.4011E-001,5.9270E-002,1.6358E-002,1.1958E-002,1.9620E-003,0.0000E+000,0.0000E+000,1.0000E+000,8.6503E-001,4.9358E-001,1.4047E-001,1.6038E-002,1.7088E-002,2.7788E-002,2.7718E-002,2.1091E-002,1.8146E-002,3.0133E-002,4.4307E-002,3.9959E-002,2.2622E-002,1.1277E-002,1.0199E-002,0.0000E+000,0.0000E+000,0.0000E+000,0.0000E+000,0.0000E+000,0.0000E+000,0.0000E+000,0.0000E+000,0.0000E+000,0.0000E+000,0.0000E+000,0.0000E+000,0.0000E+000,0.0000E+000,0.0000E+000,0.0000E+000,0.0000E+000,0.0000E+000,0.0000E+000,0.0000E+000,0.0000E+000,0.0000E+000,0.0000E+000,0.0000E+000,0.0000E+000,0.0000E+000,0.0000E+000,0.0000E+000,0.0000E+000,0.0000E+000,0.0000E+000,0.0000E+000,0.0000E+000,0.0000E+000,
キビタキ,checked OK,753.76,0.86,0.00,0.0000E+000,0.0000E+000,0.0000E+000,0.0000E+000,3.3467E-001,1.0000E+000,5.7008E-001,2.7807E-001,3.1051E-001,7.7733E-002,2.3150E-002,1.5431E-002,1.2875E-002,2.2864E-003,0.0000E+000,0.0000E+000,1.0000E+000,6.8389E-001,1.8596E-001,8.5799E-003,7.2083E-003,2.6973E-003,2.2447E-003,1.9651E-003,2.1053E-003,7.7782E-004,3.5816E-003,8.0408E-003,5.8936E-003,1.4539E-003,2.6859E-003,7.5585E-003,0.0000E+000,0.0000E+000,0.0000E+000,0.0000E+000,0.0000E+000,0.0000E+000,0.0000E+000,0.0000E+000,0.0000E+000,0.0000E+000,0.0000E+000,0.0000E+000,0.0000E+000,0.0000E+000,0.0000E+000,0.0000E+000,0.0000E+000,0.0000E+000,0.0000E+000,0.0000E+000,0.0000E+000,0.0000E+000,0.0000E+000,0.0000E+000,0.0000E+000,0.0000E+000,0.0000E+000,0.0000E+000,0.0000E+000,0.0000E+000,0.0000E+000,0.0000E+000,0.0000E+000,0.0000E+000,
キビタキ,checked OK,756.96,0.42,0.00,0.0000E+000,0.0000E+000,0.0000E+000,0.0000E+000,6.0169E-002,5.5187E-001,1.0000E+000,5.3726E-001,1.9364E-001,5.3893E-003,4.4246E-003,3.7569E-003,2.8584E-003,4.9037E-004,0.0000E+000,0.0000E+000,1.0000E+000,8.8825E-001,5.6044E-001,2.0819E-001,4.2144E-002,1.2985E-002,1.1079E-002,7.8762E-003,6.3216E-003,6.4985E-003,1.8023E-002,3.7229E-002,3.9836E-002,2.2530E-002,1.3521E-002,2.9358E-002,0.0000E+000,0.0000E+000,0.0000E+000,0.0000E+000,0.0000E+000,0.0000E+000,0.0000E+000,0.0000E+000,0.0000E+000,0.0000E+000,0.0000E+000,0.0000E+000,0.0000E+000,0.0000E+000,0.0000E+000,0.0000E+000,0.0000E+000,0.0000E+000,0.0000E+000,0.0000E+000,0.0000E+000,0.0000E+000,0.0000E+000,0.0000E+000,0.0000E+000,0.0000E+000,0.0000E+000,0.0000E+000,0.0000E+000,0.0000E+000,0.0000E+000,0.0000E+000,0.0000E+000,0.0000E+000,
キビタキ,checked OK,757.54,0.42,0.76,0.0000E+000,0.0000E+000,0.0000E+000,0.0000E+000,1.4456E-001,6.0030E-001,1.0000E+000,7.0282E-001,4.0083E-001,5.0871E-002,1.4093E-002,1.2927E-002,8.2383E-003,1.1276E-003,0.0000E+000,0.0000E+000,1.0000E+000,8.7880E-001,5.3105E-001,1.8958E-001,9.5880E-002,1.4798E-001,1.5292E-001,8.4063E-002,2.3429E-002,7.4644E-003,1.1313E-002,1.1506E-002,7.4084E-003,4.6734E-003,4.8351E-003,6.7100E-003,0.0000E+000,0.0000E+000,0.0000E+000,0.0000E+000,0.0000E+000,0.0000E+000,0.0000E+000,0.0000E+000,0.0000E+000,0.0000E+000,0.0000E+000,0.0000E+000,0.0000E+000,0.0000E+000,0.0000E+000,0.0000E+000,0.0000E+000,0.0000E+000,0.0000E+000,0.0000E+000,0.0000E+000,0.0000E+000,0.0000E+000,0.0000E+000,0.0000E+000,0.0000E+000,0.0000E+000,0.0000E+000,0.0000E+000,0.0000E+000,0.0000E+000,0.0000E+000,0.0000E+000,0.0000E+000,
キビタキ,checked OK,772.00,0.83,22.13,0.0000E+000,0.0000E+000,0.0000E+000,0.0000E+000,5.8436E-002,2.7468E-001,2.0304E-001,1.0000E+000,3.9860E-001,2.2291E-002,7.0755E-003,4.0800E-003,4.2547E-003,6.5473E-004,0.0000E+000,0.0000E+000,1.0000E+000,8.8228E-001,5.7534E-001,2.7717E-001,1.3606E-001,9.2286E-002,6.2422E-002,3.1805E-002,1.7051E-002,1.5443E-002,1.8409E-002,3.1198E-002,5.9415E-002,9.2409E-002,1.0659E-001,9.1375E-002,0.0000E+000,0.0000E+000,0.0000E+000,0.0000E+000,0.0000E+000,0.0000E+000,0.0000E+000,0.0000E+000,0.0000E+000,0.0000E+000,0.0000E+000,0.0000E+000,0.0000E+000,0.0000E+000,0.0000E+000,0.0000E+000,0.0000E+000,0.0000E+000,0.0000E+000,0.0000E+000,0.0000E+000,0.0000E+000,0.0000E+000,0.0000E+000,0.0000E+000,0.0000E+000,0.0000E+000,0.0000E+000,0.0000E+000,0.0000E+000,0.0000E+000,0.0000E+000,0.0000E+000,0.0000E+000,
キビタキ,checked OK,774.11,0.58,4.70,0.0000E+000,0.0000E+000,0.0000E+000,0.0000E+000,3.0659E-001,1.0000E+000,4.3290E-001,2.1849E-001,2.2069E-001,8.8072E-002,2.5147E-002,1.9901E-002,1.5940E-002,2.7846E-003,0.0000E+000,0.0000E+000,1.0000E+000,8.4659E-001,4.5651E-001,1.2976E-001,2.9236E-002,1.2031E-002,2.8104E-003,4.6833E-003,1.4223E-002,1.8847E-002,1.5675E-002,1.4751E-002,1.9362E-002,1.9743E-002,1.1312E-002,2.7984E-003,0.0000E+000,0.0000E+000,0.0000E+000,0.0000E+000,0.0000E+000,0.0000E+000,0.0000E+000,0.0000E+000,0.0000E+000,0.0000E+000,0.0000E+000,0.0000E+000,0.0000E+000,0.0000E+000,0.0000E+000,0.0000E+000,0.0000E+000,0.0000E+000,0.0000E+000,0.0000E+000,0.0000E+000,0.0000E+000,0.0000E+000,0.0000E+000,0.0000E+000,0.0000E+000,0.0000E+000,0.0000E+000,0.0000E+000,0.0000E+000,0.0000E+000,0.0000E+000,0.0000E+000,0.0000E+000,
キビタキ,checked OK,796.74,0.61,16.66,0.0000E+000,0.0000E+000,0.0000E+000,0.0000E+000,2.4993E-001,6.2326E-001,7.2817E-001,1.0000E+000,2.7111E-001,1.7586E-002,1.3720E-002,1.2445E-002,1.0666E-002,1.4868E-003,0.0000E+000,0.0000E+000,1.0000E+000,9.2668E-001,7.0275E-001,4.2786E-001,2.3214E-001,1.2404E-001,6.9257E-002,4.2231E-002,2.9200E-002,2.3839E-002,2.2068E-002,1.9916E-002,1.5668E-002,1.0526E-002,6.3632E-003,3.9122E-003,0.0000E+000,0.0000E+000,0.0000E+000,0.0000E+000,0.0000E+000,0.0000E+000,0.0000E+000,0.0000E+000,0.0000E+000,0.0000E+000,0.0000E+000,0.0000E+000,0.0000E+000,0.0000E+000,0.0000E+000,0.0000E+000,0.0000E+000,0.0000E+000,0.0000E+000,0.0000E+000,0.0000E+000,0.0000E+000,0.0000E+000,0.0000E+000,0.0000E+000,0.0000E+000,0.0000E+000,0.0000E+000,0.0000E+000,0.0000E+000,0.0000E+000,0.0000E+000,0.0000E+000,0.0000E+000,
キビタキ,checked OK,797.82,0.35,18.40,0.0000E+000,0.0000E+000,0.0000E+000,0.0000E+000,2.8562E-002,1.3901E-001,2.5415E-001,1.0000E+000,5.2917E-002,1.1712E-002,3.9045E-003,7.0898E-003,2.6337E-003,2.0827E-004,0.0000E+000,0.0000E+000,1.0000E+000,9.7817E-001,8.9764E-001,7.5994E-001,5.9924E-001,4.4489E-001,3.1269E-001,2.0638E-001,1.2426E-001,6.4472E-002,2.5987E-002,6.8575E-003,2.9118E-003,8.2819E-003,1.7112E-002,2.5012E-002,0.0000E+000,0.0000E+000,0.0000E+000,0.0000E+000,0.0000E+000,0.0000E+000,0.0000E+000,0.0000E+000,0.0000E+000,0.0000E+000,0.0000E+000,0.0000E+000,0.0000E+000,0.0000E+000,0.0000E+000,0.0000E+000,0.0000E+000,0.0000E+000,0.0000E+000,0.0000E+000,0.0000E+000,0.0000E+000,0.0000E+000,0.0000E+000,0.0000E+000,0.0000E+000,0.0000E+000,0.0000E+000,0.0000E+000,0.0000E+000,0.0000E+000,0.0000E+000,0.0000E+000,0.0000E+000,
キビタキ,checked OK,824.93,0.48,8.21,0.0000E+000,0.0000E+000,0.0000E+000,0.0000E+000,1.0182E-001,4.0142E-001,1.0000E+000,8.3476E-001,4.8350E-002,1.4232E-002,2.2230E-002,8.7547E-003,4.5895E-003,8.1670E-004,0.0000E+000,0.0000E+000,1.0000E+000,8.9916E-001,5.9624E-001,2.5138E-001,6.6562E-002,3.4195E-002,5.9586E-002,7.6709E-002,6.4932E-002,3.6731E-002,1.3465E-002,3.0804E-003,2.3059E-003,6.6170E-003,1.0987E-002,1.1227E-002,0.0000E+000,0.0000E+000,0.0000E+000,0.0000E+000,0.0000E+000,0.0000E+000,0.0000E+000,0.0000E+000,0.0000E+000,0.0000E+000,0.0000E+000,0.0000E+000,0.0000E+000,0.0000E+000,0.0000E+000,0.0000E+000,0.0000E+000,0.0000E+000,0.0000E+000,0.0000E+000,0.0000E+000,0.0000E+000,0.0000E+000,0.0000E+000,0.0000E+000,0.0000E+000,0.0000E+000,0.0000E+000,0.0000E+000,0.0000E+000,0.0000E+000,0.0000E+000,0.0000E+000,0.0000E+000,
キビタキ,checked OK,837.41,0.77,0.00,0.0000E+000,0.0000E+000,0.0000E+000,0.0000E+000,2.2940E-001,1.0000E+000,4.5584E-001,1.6609E-001,2.8048E-001,1.4063E-001,3.4090E-002,1.5768E-002,1.5289E-002,3.5086E-003,0.0000E+000,0.0000E+000,1.0000E+000,7.3382E-001,2.4775E-001,1.9800E-002,1.2044E-002,1.0452E-002,6.9023E-003,4.6798E-003,7.2000E-003,8.8522E-003,8.2739E-003,1.1841E-002,1.5864E-002,1.6676E-002,1.0797E-002,5.2602E-003,0.0000E+000,0.0000E+000,0.0000E+000,0.0000E+000,0.0000E+000,0.0000E+000,0.0000E+000,0.0000E+000,0.0000E+000,0.0000E+000,0.0000E+000,0.0000E+000,0.0000E+000,0.0000E+000,0.0000E+000,0.0000E+000,0.0000E+000,0.0000E+000,0.0000E+000,0.0000E+000,0.0000E+000,0.0000E+000,0.0000E+000,0.0000E+000,0.0000E+000,0.0000E+000,0.0000E+000,0.0000E+000,0.0000E+000,0.0000E+000,0.0000E+000,0.0000E+000,0.0000E+000,0.0000E+000,
キビタキ,checked OK,854.18,0.70,2.28,0.0000E+000,0.0000E+000,0.0000E+000,0.0000E+000,4.5122E-001,1.0000E+000,3.9690E-001,2.2883E-001,2.8703E-001,1.5966E-001,1.0617E-001,3.2090E-002,1.8396E-002,2.6793E-003,0.0000E+000,0.0000E+000,1.0000E+000,7.6867E-001,3.0001E-001,3.3791E-002,3.1054E-003,4.4981E-003,6.6817E-003,5.2949E-003,5.7555E-003,5.5507E-003,3.0674E-003,2.9782E-003,7.4678E-003,1.0030E-002,7.4196E-003,9.8764E-003,0.0000E+000,0.0000E+000,0.0000E+000,0.0000E+000,0.0000E+000,0.0000E+000,0.0000E+000,0.0000E+000,0.0000E+000,0.0000E+000,0.0000E+000,0.0000E+000,0.0000E+000,0.0000E+000,0.0000E+000,0.0000E+000,0.0000E+000,0.0000E+000,0.0000E+000,0.0000E+000,0.0000E+000,0.0000E+000,0.0000E+000,0.0000E+000,0.0000E+000,0.0000E+000,0.0000E+000,0.0000E+000,0.0000E+000,0.0000E+000,0.0000E+000,0.0000E+000,0.0000E+000,0.0000E+000,
キビタキ,checked OK,883.90,0.58,3.12,0.0000E+000,0.0000E+000,0.0000E+000,0.0000E+000,4.1850E-001,1.0000E+000,4.5961E-001,1.8801E-001,1.6839E-001,9.5049E-002,2.8190E-002,1.8683E-002,1.5691E-002,3.0682E-003,0.0000E+000,0.0000E+000,1.0000E+000,8.4917E-001,4.6409E-001,1.3607E-001,2.7503E-002,8.0139E-003,3.0764E-003,2.0014E-003,6.1833E-004,1.1154E-004,2.2849E-004,7.4257E-004,7.2904E-004,5.9711E-003,3.4691E-002,8.8655E-002,0.0000E+000,0.0000E+000,0.0000E+000,0.0000E+000,0.0000E+000,0.0000E+000,0.0000E+000,0.0000E+000,0.0000E+000,0.0000E+000,0.0000E+000,0.0000E+000,0.0000E+000,0.0000E+000,0.0000E+000,0.0000E+000,0.0000E+000,0.0000E+000,0.0000E+000,0.0000E+000,0.0000E+000,0.0000E+000,0.0000E+000,0.0000E+000,0.0000E+000,0.0000E+000,0.0000E+000,0.0000E+000,0.0000E+000,0.0000E+000,0.0000E+000,0.0000E+000,0.0000E+000,0.0000E+000,
