File Path,C:\Users\multi\Desktop\test2012キビタキ\20120408_0500_0700_BlueDS800008_2.wav
キビタキ,雑音,787.20,0.35,1.10,0.0000E+000,0.0000E+000,0.0000E+000,0.0000E+000,2.7517E-001,1.0000E+000,7.2721E-001,7.0274E-001,5.4485E-001,5.3590E-001,4.2763E-001,3.3767E-001,3.4056E-001,4.8874E-002,0.0000E+000,0.0000E+000,1.0000E+000,9.1621E-001,6.5547E-001,4.7852E-001,3.3451E-001,1.2366E-001,5.6831E-002,3.7601E-002,1.5062E-002,1.1752E-002,1.2052E-002,1.2432E-002,1.1631E-002,1.0752E-002,9.5841E-003,7.2788E-003,6.1412E-003,4.9855E-003,3.4200E-003,3.0102E-003,4.6983E-003,9.6148E-003,0.0000E+000,0.0000E+000,0.0000E+000,0.0000E+000,0.0000E+000,0.0000E+000,0.0000E+000,0.0000E+000,0.0000E+000,0.0000E+000,0.0000E+000,0.0000E+000,0.0000E+000,0.0000E+000,0.0000E+000,0.0000E+000,0.0000E+000,0.0000E+000,0.0000E+000,0.0000E+000,0.0000E+000,0.0000E+000,0.0000E+000,0.0000E+000,0.0000E+000,0.0000E+000,0.0000E+000,0.0000E+000,
キビタキ,Unknown,787.55,0.60,6.44,0.0000E+000,0.0000E+000,0.0000E+000,0.0000E+000,2.8504E-001,1.0000E+000,7.9211E-001,7.0236E-001,5.3698E-001,5.2064E-001,4.6388E-001,4.2786E-001,2.9523E-001,4.5081E-002,0.0000E+000,0.0000E+000,1.0000E+000,7.2495E-001,2.3443E-001,1.8958E-002,1.4684E-002,1.2322E-002,1.4235E-002,1.0304E-002,3.3207E-003,2.6765E-004,3.2337E-004,3.0576E-004,4.6701E-004,7.0159E-004,1.6407E-003,6.7382E-003,1.0897E-002,1.3687E-002,9.9485E-003,3.4189E-003,2.9038E-003,2.8707E-003,0.0000E+000,0.0000E+000,0.0000E+000,0.0000E+000,0.0000E+000,0.0000E+000,0.0000E+000,0.0000E+000,0.0000E+000,0.0000E+000,0.0000E+000,0.0000E+000,0.0000E+000,0.0000E+000,0.0000E+000,0.0000E+000,0.0000E+000,0.0000E+000,0.0000E+000,0.0000E+000,0.0000E+000,0.0000E+000,0.0000E+000,0.0000E+000,0.0000E+000,0.0000E+000,0.0000E+000,0.0000E+000,
キビタキ,Unknown,1333.20,0.51,4.91,0.0000E+000,0.0000E+000,0.0000E+000,0.0000E+000,2.9610E-001,1.0000E+000,8.6076E-001,6.6830E-001,5.6847E-001,5.4241E-001,4.4792E-001,4.2099E-001,3.4475E-001,5.5596E-002,0.0000E+000,0.0000E+000,1.0000E+000,7.8508E-001,3.2647E-001,8.2789E-002,4.9680E-002,1.3863E-002,1.1156E-002,5.7527E-003,8.9264E-004,1.4361E-003,4.1667E-003,7.9982E-003,6.1666E-003,3.2340E-003,1.7873E-003,4.5495E-004,5.6939E-004,1.1183E-003,3.0067E-003,4.3462E-003,3.1026E-003,1.0464E-003,0.0000E+000,0.0000E+000,0.0000E+000,0.0000E+000,0.0000E+000,0.0000E+000,0.0000E+000,0.0000E+000,0.0000E+000,0.0000E+000,0.0000E+000,0.0000E+000,0.0000E+000,0.0000E+000,0.0000E+000,0.0000E+000,0.0000E+000,0.0000E+000,0.0000E+000,0.0000E+000,0.0000E+000,0.0000E+000,0.0000E+000,0.0000E+000,0.0000E+000,0.0000E+000,0.0000E+000,0.0000E+000,
キビタキ,Unknown,1573.87,0.35,5.94,0.0000E+000,0.0000E+000,0.0000E+000,0.0000E+000,2.5049E-001,1.0000E+000,8.1305E-001,6.1879E-001,5.4165E-001,5.0810E-001,4.8347E-001,4.0094E-001,3.3712E-001,5.2487E-002,0.0000E+000,0.0000E+000,1.0000E+000,8.9582E-001,5.8824E-001,3.8483E-001,2.5032E-001,8.0740E-002,4.5679E-002,5.1366E-002,6.8028E-002,7.9002E-002,8.6622E-002,9.1987E-002,7.8616E-002,6.7501E-002,5.7363E-002,4.4717E-002,4.2210E-002,4.5045E-002,5.0439E-002,5.2998E-002,5.2799E-002,5.0897E-002,0.0000E+000,0.0000E+000,0.0000E+000,0.0000E+000,0.0000E+000,0.0000E+000,0.0000E+000,0.0000E+000,0.0000E+000,0.0000E+000,0.0000E+000,0.0000E+000,0.0000E+000,0.0000E+000,0.0000E+000,0.0000E+000,0.0000E+000,0.0000E+000,0.0000E+000,0.0000E+000,0.0000E+000,0.0000E+000,0.0000E+000,0.0000E+000,0.0000E+000,0.0000E+000,0.0000E+000,0.0000E+000,
キビタキ,Unknown,1811.69,0.39,3.52,0.0000E+000,0.0000E+000,0.0000E+000,0.0000E+000,3.6346E-001,1.0000E+000,7.3612E-001,6.5085E-001,5.0464E-001,4.2564E-001,3.6365E-001,3.0177E-001,2.7568E-001,4.4210E-002,0.0000E+000,0.0000E+000,1.0000E+000,8.6409E-001,5.0054E-001,2.7291E-001,1.6157E-001,3.0608E-002,1.0997E-002,1.7715E-002,3.4159E-002,4.3885E-002,4.5702E-002,4.4773E-002,3.9661E-002,3.7295E-002,3.4045E-002,2.3483E-002,1.6171E-002,9.5040E-003,4.3374E-003,5.8382E-003,1.2166E-002,2.1290E-002,0.0000E+000,0.0000E+000,0.0000E+000,0.0000E+000,0.0000E+000,0.0000E+000,0.0000E+000,0.0000E+000,0.0000E+000,0.0000E+000,0.0000E+000,0.0000E+000,0.0000E+000,0.0000E+000,0.0000E+000,0.0000E+000,0.0000E+000,0.0000E+000,0.0000E+000,0.0000E+000,0.0000E+000,0.0000E+000,0.0000E+000,0.0000E+000,0.0000E+000,0.0000E+000,0.0000E+000,0.0000E+000,
キビタキ,Unknown,1812.55,0.70,5.22,0.0000E+000,0.0000E+000,0.0000E+000,0.0000E+000,2.6936E-001,1.0000E+000,8.3310E-001,6.2537E-001,5.1784E-001,4.9845E-001,4.6256E-001,3.8276E-001,3.0764E-001,4.9529E-002,0.0000E+000,0.0000E+000,1.0000E+000,6.7188E-001,1.7530E-001,6.8497E-003,5.5657E-003,4.5815E-003,4.8813E-003,7.9800E-003,9.6953E-003,8.3119E-003,1.4661E-002,2.3126E-002,1.7050E-002,8.8560E-003,4.6845E-003,3.9501E-004,2.7707E-004,1.7931E-003,2.1446E-003,9.8015E-004,4.4757E-003,9.5230E-003,0.0000E+000,0.0000E+000,0.0000E+000,0.0000E+000,0.0000E+000,0.0000E+000,0.0000E+000,0.0000E+000,0.0000E+000,0.0000E+000,0.0000E+000,0.0000E+000,0.0000E+000,0.0000E+000,0.0000E+000,0.0000E+000,0.0000E+000,0.0000E+000,0.0000E+000,0.0000E+000,0.0000E+000,0.0000E+000,0.0000E+000,0.0000E+000,0.0000E+000,0.0000E+000,0.0000E+000,0.0000E+000,
キビタキ,Unknown,1987.14,0.42,0.00,0.0000E+000,0.0000E+000,0.0000E+000,0.0000E+000,1.9570E-001,1.0000E+000,9.7013E-001,7.4252E-001,6.4293E-001,4.7899E-001,5.0410E-001,4.7908E-001,3.5543E-001,5.9492E-002,0.0000E+000,0.0000E+000,1.0000E+000,8.5260E-001,4.6849E-001,2.3178E-001,1.3214E-001,2.1349E-002,1.0193E-002,1.3252E-002,2.4279E-002,3.2248E-002,3.4189E-002,3.1919E-002,2.5373E-002,2.3038E-002,2.0493E-002,1.2605E-002,7.2614E-003,4.0725E-003,1.0535E-003,1.2235E-003,9.1807E-004,6.2702E-004,0.0000E+000,0.0000E+000,0.0000E+000,0.0000E+000,0.0000E+000,0.0000E+000,0.0000E+000,0.0000E+000,0.0000E+000,0.0000E+000,0.0000E+000,0.0000E+000,0.0000E+000,0.0000E+000,0.0000E+000,0.0000E+000,0.0000E+000,0.0000E+000,0.0000E+000,0.0000E+000,0.0000E+000,0.0000E+000,0.0000E+000,0.0000E+000,0.0000E+000,0.0000E+000,0.0000E+000,0.0000E+000,
キビタキ,雑音,1988.14,0.93,3.97,0.0000E+000,0.0000E+000,0.0000E+000,0.0000E+000,3.0566E-001,1.0000E+000,8.8762E-001,7.5094E-001,6.1978E-001,6.3118E-001,9.7732E-001,5.0234E-001,3.9097E-001,6.5182E-002,0.0000E+000,0.0000E+000,1.0000E+000,4.5039E-001,5.2757E-002,5.2525E-003,3.0484E-003,7.5510E-003,8.6968E-003,3.3202E-003,2.9524E-003,4.1274E-003,2.3519E-003,1.0895E-002,2.0151E-002,1.8602E-002,7.2387E-003,1.6211E-003,2.3750E-003,3.6719E-003,1.8518E-003,6.0799E-004,1.2320E-003,1.5243E-003,0.0000E+000,0.0000E+000,0.0000E+000,0.0000E+000,0.0000E+000,0.0000E+000,0.0000E+000,0.0000E+000,0.0000E+000,0.0000E+000,0.0000E+000,0.0000E+000,0.0000E+000,0.0000E+000,0.0000E+000,0.0000E+000,0.0000E+000,0.0000E+000,0.0000E+000,0.0000E+000,0.0000E+000,0.0000E+000,0.0000E+000,0.0000E+000,0.0000E+000,0.0000E+000,0.0000E+000,0.0000E+000,
キビタキ,Unknown,2265.27,1.32,11.85,0.0000E+000,0.0000E+000,0.0000E+000,0.0000E+000,3.5154E-002,1.2686E-001,1.0538E-001,8.3190E-002,7.8727E-002,2.2225E-001,7.7591E-001,1.0000E+000,5.6248E-001,8.1431E-002,0.0000E+000,0.0000E+000,1.0000E+000,3.7963E-001,1.1244E-001,9.7535E-002,6.6345E-002,1.7295E-002,8.2410E-003,6.5898E-003,4.0824E-003,4.4377E-003,1.9658E-002,2.2264E-002,2.0703E-002,1.8817E-002,9.5468E-003,5.8731E-003,3.5853E-003,1.6072E-003,5.9093E-003,4.2485E-003,3.2988E-003,5.5746E-003,0.0000E+000,0.0000E+000,0.0000E+000,0.0000E+000,0.0000E+000,0.0000E+000,0.0000E+000,0.0000E+000,0.0000E+000,0.0000E+000,0.0000E+000,0.0000E+000,0.0000E+000,0.0000E+000,0.0000E+000,0.0000E+000,0.0000E+000,0.0000E+000,0.0000E+000,0.0000E+000,0.0000E+000,0.0000E+000,0.0000E+000,0.0000E+000,0.0000E+000,0.0000E+000,0.0000E+000,0.0000E+000,
キビタキ,Unknown,2286.19,0.37,16.54,0.0000E+000,0.0000E+000,0.0000E+000,0.0000E+000,1.8273E-002,7.2162E-002,7.1840E-002,6.0304E-002,7.1158E-002,2.0252E-001,8.0952E-001,1.0000E+000,6.9492E-001,3.7870E-002,0.0000E+000,0.0000E+000,1.0000E+000,9.2455E-001,6.9760E-001,5.4610E-001,4.3146E-001,2.6699E-001,2.1716E-001,2.0739E-001,1.9981E-001,2.0201E-001,1.9622E-001,1.7452E-001,1.4251E-001,1.2640E-001,1.1687E-001,1.0366E-001,9.9979E-002,9.8478E-002,9.5692E-002,9.4406E-002,9.1386E-002,8.2443E-002,0.0000E+000,0.0000E+000,0.0000E+000,0.0000E+000,0.0000E+000,0.0000E+000,0.0000E+000,0.0000E+000,0.0000E+000,0.0000E+000,0.0000E+000,0.0000E+000,0.0000E+000,0.0000E+000,0.0000E+000,0.0000E+000,0.0000E+000,0.0000E+000,0.0000E+000,0.0000E+000,0.0000E+000,0.0000E+000,0.0000E+000,0.0000E+000,0.0000E+000,0.0000E+000,0.0000E+000,0.0000E+000,
キビタキ,Unknown,2356.50,0.33,16.61,0.0000E+000,0.0000E+000,0.0000E+000,0.0000E+000,3.4044E-002,1.1815E-001,1.1628E-001,9.8496E-002,1.5619E-001,1.6973E-001,6.4422E-001,1.0000E+000,4.8616E-001,3.0559E-002,0.0000E+000,0.0000E+000,1.0000E+000,9.4860E-001,7.7870E-001,6.6019E-001,5.4393E-001,3.5238E-001,2.7711E-001,2.3488E-001,1.6167E-001,1.3070E-001,1.0313E-001,5.5042E-002,2.3277E-002,1.2041E-002,7.5941E-003,1.8978E-003,6.4813E-004,4.1202E-004,1.6564E-004,1.5538E-004,2.6401E-004,5.6736E-004,0.0000E+000,0.0000E+000,0.0000E+000,0.0000E+000,0.0000E+000,0.0000E+000,0.0000E+000,0.0000E+000,0.0000E+000,0.0000E+000,0.0000E+000,0.0000E+000,0.0000E+000,0.0000E+000,0.0000E+000,0.0000E+000,0.0000E+000,0.0000E+000,0.0000E+000,0.0000E+000,0.0000E+000,0.0000E+000,0.0000E+000,0.0000E+000,0.0000E+000,0.0000E+000,0.0000E+000,0.0000E+000,
キビタキ,ヒヨドリ,2356.80,0.63,6.64,0.0000E+000,0.0000E+000,0.0000E+000,0.0000E+000,3.8274E-002,1.4185E-001,1.5072E-001,2.0040E-001,3.5226E-001,3.7274E-001,7.3678E-001,1.0000E+000,6.3855E-001,7.8687E-002,0.0000E+000,0.0000E+000,1.0000E+000,6.8075E-001,2.0086E-001,4.0230E-002,4.8857E-002,4.7243E-002,3.7003E-002,4.3857E-002,6.3295E-002,7.5878E-002,4.8743E-002,1.2549E-002,7.1059E-003,1.0723E-002,5.7237E-003,2.4833E-003,4.2424E-003,3.4258E-003,3.5317E-003,4.4544E-003,6.2767E-003,6.9269E-003,0.0000E+000,0.0000E+000,0.0000E+000,0.0000E+000,0.0000E+000,0.0000E+000,0.0000E+000,0.0000E+000,0.0000E+000,0.0000E+000,0.0000E+000,0.0000E+000,0.0000E+000,0.0000E+000,0.0000E+000,0.0000E+000,0.0000E+000,0.0000E+000,0.0000E+000,0.0000E+000,0.0000E+000,0.0000E+000,0.0000E+000,0.0000E+000,0.0000E+000,0.0000E+000,0.0000E+000,0.0000E+000,
キビタキ,Unknown,2358.31,0.95,5.79,0.0000E+000,0.0000E+000,0.0000E+000,0.0000E+000,3.1713E-002,1.1013E-001,9.8944E-002,9.0983E-002,1.1577E-001,1.7499E-001,8.9710E-001,1.0000E+000,8.6347E-001,1.9271E-001,0.0000E+000,0.0000E+000,1.0000E+000,4.7575E-001,1.0133E-001,2.1480E-002,3.4451E-002,6.6015E-002,5.3991E-002,7.3000E-002,7.9050E-002,3.1472E-002,3.2823E-003,4.4405E-003,4.7626E-003,8.1389E-003,1.1624E-002,1.2335E-002,6.7195E-003,3.6569E-003,1.9511E-003,7.0788E-004,3.0708E-003,3.7618E-003,0.0000E+000,0.0000E+000,0.0000E+000,0.0000E+000,0.0000E+000,0.0000E+000,0.0000E+000,0.0000E+000,0.0000E+000,0.0000E+000,0.0000E+000,0.0000E+000,0.0000E+000,0.0000E+000,0.0000E+000,0.0000E+000,0.0000E+000,0.0000E+000,0.0000E+000,0.0000E+000,0.0000E+000,0.0000E+000,0.0000E+000,0.0000E+000,0.0000E+000,0.0000E+000,0.0000E+000,0.0000E+000,
キビタキ,Unknown,2399.25,0.46,19.78,0.0000E+000,0.0000E+000,0.0000E+000,0.0000E+000,1.1417E-001,5.2576E-001,4.4923E-001,5.4273E-001,9.3904E-001,8.3213E-001,9.9804E-001,7.7313E-001,1.0000E+000,3.1512E-001,0.0000E+000,0.0000E+000,1.0000E+000,8.0320E-001,3.7830E-001,1.5019E-001,1.4659E-001,1.6218E-001,1.8137E-001,1.4006E-001,6.3440E-002,2.8121E-002,4.0380E-002,6.4634E-002,6.7095E-002,5.7561E-002,5.0683E-002,5.0411E-002,5.7018E-002,7.4435E-002,9.1698E-002,9.1545E-002,7.2769E-002,4.3724E-002,0.0000E+000,0.0000E+000,0.0000E+000,0.0000E+000,0.0000E+000,0.0000E+000,0.0000E+000,0.0000E+000,0.0000E+000,0.0000E+000,0.0000E+000,0.0000E+000,0.0000E+000,0.0000E+000,0.0000E+000,0.0000E+000,0.0000E+000,0.0000E+000,0.0000E+000,0.0000E+000,0.0000E+000,0.0000E+000,0.0000E+000,0.0000E+000,0.0000E+000,0.0000E+000,0.0000E+000,0.0000E+000,
キビタキ,Unknown,2453.30,0.44,13.28,0.0000E+000,0.0000E+000,0.0000E+000,0.0000E+000,4.2409E-002,1.7308E-001,1.6978E-001,1.3434E-001,1.3793E-001,3.3261E-001,1.0000E+000,6.3613E-001,5.3484E-001,1.1042E-001,0.0000E+000,0.0000E+000,1.0000E+000,8.1606E-001,3.7886E-001,1.2559E-001,6.8153E-002,2.1466E-002,3.2215E-002,2.7381E-002,1.7138E-002,1.1728E-002,1.2241E-002,1.6609E-002,2.2458E-002,2.4452E-002,2.2464E-002,1.3857E-002,7.2379E-003,4.3709E-003,5.0124E-003,8.5208E-003,1.0015E-002,9.7630E-003,0.0000E+000,0.0000E+000,0.0000E+000,0.0000E+000,0.0000E+000,0.0000E+000,0.0000E+000,0.0000E+000,0.0000E+000,0.0000E+000,0.0000E+000,0.0000E+000,0.0000E+000,0.0000E+000,0.0000E+000,0.0000E+000,0.0000E+000,0.0000E+000,0.0000E+000,0.0000E+000,0.0000E+000,0.0000E+000,0.0000E+000,0.0000E+000,0.0000E+000,0.0000E+000,0.0000E+000,0.0000E+000,
キビタキ,Unknown,2512.00,0.33,26.30,0.0000E+000,0.0000E+000,0.0000E+000,0.0000E+000,3.7254E-003,1.1817E-002,1.0124E-002,7.0488E-003,7.9329E-003,1.0884E-001,1.0000E+000,6.7681E-001,2.2774E-001,3.5101E-003,0.0000E+000,0.0000E+000,1.0000E+000,9.5023E-001,7.8405E-001,6.6763E-001,5.5428E-001,3.8122E-001,3.2151E-001,3.1830E-001,3.3901E-001,3.6293E-001,3.8346E-001,4.0561E-001,3.8769E-001,3.6815E-001,3.3330E-001,2.6142E-001,2.2439E-001,2.0384E-001,1.9390E-001,2.0452E-001,2.4374E-001,3.2732E-001,0.0000E+000,0.0000E+000,0.0000E+000,0.0000E+000,0.0000E+000,0.0000E+000,0.0000E+000,0.0000E+000,0.0000E+000,0.0000E+000,0.0000E+000,0.0000E+000,0.0000E+000,0.0000E+000,0.0000E+000,0.0000E+000,0.0000E+000,0.0000E+000,0.0000E+000,0.0000E+000,0.0000E+000,0.0000E+000,0.0000E+000,0.0000E+000,0.0000E+000,0.0000E+000,0.0000E+000,0.0000E+000,
キビタキ,Unknown,2540.19,0.46,28.10,0.0000E+000,0.0000E+000,0.0000E+000,0.0000E+000,5.1398E-003,1.6956E-002,1.5845E-002,3.0459E-002,1.2196E-001,6.7260E-001,3.0977E-001,4.0671E-001,1.0000E+000,1.3339E-001,0.0000E+000,0.0000E+000,1.0000E+000,6.5524E-001,2.8206E-001,2.5365E-001,2.7113E-001,1.4988E-001,1.1137E-002,1.0484E-001,1.1747E-001,3.6401E-002,6.9984E-002,9.4306E-002,6.1356E-002,3.7667E-002,3.5338E-002,2.9135E-002,2.5261E-002,2.1467E-002,2.1143E-002,2.4613E-002,3.7507E-002,2.7362E-002,0.0000E+000,0.0000E+000,0.0000E+000,0.0000E+000,0.0000E+000,0.0000E+000,0.0000E+000,0.0000E+000,0.0000E+000,0.0000E+000,0.0000E+000,0.0000E+000,0.0000E+000,0.0000E+000,0.0000E+000,0.0000E+000,0.0000E+000,0.0000E+000,0.0000E+000,0.0000E+000,0.0000E+000,0.0000E+000,0.0000E+000,0.0000E+000,0.0000E+000,0.0000E+000,0.0000E+000,0.0000E+000,
キビタキ,ヒヨドリ,2562.23,0.74,14.53,0.0000E+000,0.0000E+000,0.0000E+000,0.0000E+000,5.2649E-002,1.8844E-001,1.4664E-001,1.5966E-001,2.4187E-001,4.2507E-001,1.0000E+000,7.1574E-001,4.2705E-001,3.3105E-002,0.0000E+000,0.0000E+000,1.0000E+000,6.6471E-001,2.1940E-001,1.0938E-001,1.7198E-001,1.5877E-001,8.2958E-002,6.8309E-002,5.0692E-002,4.7724E-002,2.9862E-002,2.1749E-002,4.9335E-002,6.7172E-002,5.3651E-002,3.8748E-002,3.7366E-002,2.2107E-002,5.9910E-003,5.1347E-003,8.2815E-003,1.0069E-002,0.0000E+000,0.0000E+000,0.0000E+000,0.0000E+000,0.0000E+000,0.0000E+000,0.0000E+000,0.0000E+000,0.0000E+000,0.0000E+000,0.0000E+000,0.0000E+000,0.0000E+000,0.0000E+000,0.0000E+000,0.0000E+000,0.0000E+000,0.0000E+000,0.0000E+000,0.0000E+000,0.0000E+000,0.0000E+000,0.0000E+000,0.0000E+000,0.0000E+000,0.0000E+000,0.0000E+000,0.0000E+000,
キビタキ,Unknown,2563.00,0.98,19.32,0.0000E+000,0.0000E+000,0.0000E+000,0.0000E+000,3.9476E-002,1.3386E-001,1.0400E-001,9.6776E-002,1.0155E-001,2.6156E-001,1.0000E+000,5.8188E-001,3.5473E-001,5.0923E-002,0.0000E+000,0.0000E+000,1.0000E+000,4.8242E-001,9.7442E-002,9.2695E-002,2.1872E-001,2.7882E-001,1.6528E-001,2.2356E-002,7.6609E-003,7.6573E-002,1.4503E-001,1.1668E-001,7.8363E-002,2.6869E-002,1.4143E-002,6.7875E-002,1.0127E-001,7.9318E-002,3.8777E-002,6.3448E-003,2.2267E-002,5.8088E-002,0.0000E+000,0.0000E+000,0.0000E+000,0.0000E+000,0.0000E+000,0.0000E+000,0.0000E+000,0.0000E+000,0.0000E+000,0.0000E+000,0.0000E+000,0.0000E+000,0.0000E+000,0.0000E+000,0.0000E+000,0.0000E+000,0.0000E+000,0.0000E+000,0.0000E+000,0.0000E+000,0.0000E+000,0.0000E+000,0.0000E+000,0.0000E+000,0.0000E+000,0.0000E+000,0.0000E+000,0.0000E+000,
キビタキ,Unknown,2575.05,0.35,6.06,0.0000E+000,0.0000E+000,0.0000E+000,0.0000E+000,1.7814E-002,7.3478E-002,5.4317E-002,5.9704E-002,7.2040E-002,1.5410E-001,7.5569E-001,1.0000E+000,7.7723E-001,7.4493E-002,0.0000E+000,0.0000E+000,1.0000E+000,9.6537E-001,8.5110E-001,7.7147E-001,6.9244E-001,5.5946E-001,5.0552E-001,4.7326E-001,4.1900E-001,3.9700E-001,3.8022E-001,3.5369E-001,3.4467E-001,3.4539E-001,3.5676E-001,3.8482E-001,4.0151E-001,4.1542E-001,4.3537E-001,4.4143E-001,4.4055E-001,4.3634E-001,0.0000E+000,0.0000E+000,0.0000E+000,0.0000E+000,0.0000E+000,0.0000E+000,0.0000E+000,0.0000E+000,0.0000E+000,0.0000E+000,0.0000E+000,0.0000E+000,0.0000E+000,0.0000E+000,0.0000E+000,0.0000E+000,0.0000E+000,0.0000E+000,0.0000E+000,0.0000E+000,0.0000E+000,0.0000E+000,0.0000E+000,0.0000E+000,0.0000E+000,0.0000E+000,0.0000E+000,0.0000E+000,
キビタキ,Unknown,2575.86,0.58,25.50,0.0000E+000,0.0000E+000,0.0000E+000,0.0000E+000,4.5457E-003,1.6826E-002,1.2145E-002,3.6489E-002,8.3315E-002,4.0134E-001,1.0000E+000,9.0872E-001,9.7728E-001,1.3141E-001,0.0000E+000,0.0000E+000,1.0000E+000,7.0180E-001,2.2334E-001,4.3097E-002,1.5846E-001,3.1930E-001,3.6476E-001,2.4674E-001,6.9540E-002,1.0366E-002,8.0968E-002,1.4107E-001,8.2130E-002,3.3696E-002,2.5009E-002,6.8412E-002,1.2050E-001,1.0972E-001,6.1358E-002,2.3782E-002,4.0480E-002,5.8693E-002,0.0000E+000,0.0000E+000,0.0000E+000,0.0000E+000,0.0000E+000,0.0000E+000,0.0000E+000,0.0000E+000,0.0000E+000,0.0000E+000,0.0000E+000,0.0000E+000,0.0000E+000,0.0000E+000,0.0000E+000,0.0000E+000,0.0000E+000,0.0000E+000,0.0000E+000,0.0000E+000,0.0000E+000,0.0000E+000,0.0000E+000,0.0000E+000,0.0000E+000,0.0000E+000,0.0000E+000,0.0000E+000,
キビタキ,ヒヨドリ,2587.12,0.49,7.96,0.0000E+000,0.0000E+000,0.0000E+000,0.0000E+000,7.8244E-002,2.9116E-001,2.6998E-001,2.1491E-001,1.9270E-001,3.5705E-001,9.8552E-001,1.0000E+000,8.5796E-001,1.3218E-001,0.0000E+000,0.0000E+000,1.0000E+000,7.5582E-001,2.9192E-001,7.2185E-002,4.4433E-002,3.0378E-002,4.4074E-002,9.5229E-002,1.5919E-001,1.7200E-001,1.5260E-001,1.1059E-001,1.1600E-001,1.4401E-001,1.5757E-001,1.2596E-001,8.0779E-002,5.6988E-002,2.9640E-002,2.6085E-002,5.3696E-002,1.2080E-001,0.0000E+000,0.0000E+000,0.0000E+000,0.0000E+000,0.0000E+000,0.0000E+000,0.0000E+000,0.0000E+000,0.0000E+000,0.0000E+000,0.0000E+000,0.0000E+000,0.0000E+000,0.0000E+000,0.0000E+000,0.0000E+000,0.0000E+000,0.0000E+000,0.0000E+000,0.0000E+000,0.0000E+000,0.0000E+000,0.0000E+000,0.0000E+000,0.0000E+000,0.0000E+000,0.0000E+000,0.0000E+000,
キビタキ,Unknown,2664.51,0.37,16.71,0.0000E+000,0.0000E+000,0.0000E+000,0.0000E+000,1.7510E-002,5.9721E-002,4.9652E-002,4.6058E-002,6.1044E-002,1.4912E-001,1.0000E+000,1.5297E-001,1.3014E-001,1.5751E-002,0.0000E+000,0.0000E+000,1.0000E+000,9.0240E-001,6.0672E-001,4.0863E-001,2.7095E-001,1.0412E-001,7.4962E-002,9.1642E-002,1.1076E-001,1.1320E-001,9.7098E-002,6.8992E-002,5.8922E-002,6.0853E-002,6.5247E-002,6.2033E-002,5.4425E-002,3.7307E-002,1.1093E-002,1.9980E-003,1.1845E-002,4.1178E-002,0.0000E+000,0.0000E+000,0.0000E+000,0.0000E+000,0.0000E+000,0.0000E+000,0.0000E+000,0.0000E+000,0.0000E+000,0.0000E+000,0.0000E+000,0.0000E+000,0.0000E+000,0.0000E+000,0.0000E+000,0.0000E+000,0.0000E+000,0.0000E+000,0.0000E+000,0.0000E+000,0.0000E+000,0.0000E+000,0.0000E+000,0.0000E+000,0.0000E+000,0.0000E+000,0.0000E+000,0.0000E+000,
キビタキ,Unknown,2746.92,0.37,10.80,0.0000E+000,0.0000E+000,0.0000E+000,0.0000E+000,4.8270E-002,1.4202E-001,9.4924E-002,9.7245E-002,8.6628E-002,1.9906E-001,1.0000E+000,4.9937E-001,2.6997E-001,3.0974E-002,0.0000E+000,0.0000E+000,1.0000E+000,8.8085E-001,5.4041E-001,3.1913E-001,1.9431E-001,5.8234E-002,4.6969E-002,6.4237E-002,8.5505E-002,8.9505E-002,8.4082E-002,7.1038E-002,5.4233E-002,4.5049E-002,3.4962E-002,1.7372E-002,9.8701E-003,8.1530E-003,9.6094E-003,1.2783E-002,1.5519E-002,1.6961E-002,0.0000E+000,0.0000E+000,0.0000E+000,0.0000E+000,0.0000E+000,0.0000E+000,0.0000E+000,0.0000E+000,0.0000E+000,0.0000E+000,0.0000E+000,0.0000E+000,0.0000E+000,0.0000E+000,0.0000E+000,0.0000E+000,0.0000E+000,0.0000E+000,0.0000E+000,0.0000E+000,0.0000E+000,0.0000E+000,0.0000E+000,0.0000E+000,0.0000E+000,0.0000E+000,0.0000E+000,0.0000E+000,
キビタキ,Unknown,2778.06,0.35,11.50,0.0000E+000,0.0000E+000,0.0000E+000,0.0000E+000,4.5583E-002,1.3893E-001,1.3237E-001,1.0585E-001,9.8011E-002,1.4018E-001,1.0000E+000,5.8740E-001,2.1566E-001,3.0418E-002,0.0000E+000,0.0000E+000,1.0000E+000,8.5218E-001,4.5269E-001,2.0102E-001,1.0127E-001,2.2327E-002,4.3141E-002,4.7858E-002,3.2162E-002,1.1747E-002,6.7375E-003,8.6488E-003,1.9438E-002,2.3307E-002,2.0155E-002,1.0224E-002,3.4450E-003,2.4911E-003,7.2925E-003,1.3048E-002,1.5432E-002,1.3923E-002,0.0000E+000,0.0000E+000,0.0000E+000,0.0000E+000,0.0000E+000,0.0000E+000,0.0000E+000,0.0000E+000,0.0000E+000,0.0000E+000,0.0000E+000,0.0000E+000,0.0000E+000,0.0000E+000,0.0000E+000,0.0000E+000,0.0000E+000,0.0000E+000,0.0000E+000,0.0000E+000,0.0000E+000,0.0000E+000,0.0000E+000,0.0000E+000,0.0000E+000,0.0000E+000,0.0000E+000,0.0000E+000,
キビタキ,Unknown,2778.43,0.33,10.72,0.0000E+000,0.0000E+000,0.0000E+000,0.0000E+000,3.8857E-002,1.4475E-001,1.1943E-001,1.1144E-001,9.0679E-002,1.5906E-001,1.0000E+000,8.3299E-001,2.0555E-001,1.3983E-002,0.0000E+000,0.0000E+000,1.0000E+000,9.5167E-001,7.8660E-001,6.6987E-001,5.4297E-001,3.2060E-001,2.2511E-001,1.6869E-001,8.3283E-002,5.4299E-002,4.0101E-002,1.9691E-002,1.3148E-002,1.2816E-002,1.7905E-002,3.2586E-002,4.2178E-002,5.4202E-002,7.7883E-002,8.9540E-002,9.8426E-002,1.1242E-001,0.0000E+000,0.0000E+000,0.0000E+000,0.0000E+000,0.0000E+000,0.0000E+000,0.0000E+000,0.0000E+000,0.0000E+000,0.0000E+000,0.0000E+000,0.0000E+000,0.0000E+000,0.0000E+000,0.0000E+000,0.0000E+000,0.0000E+000,0.0000E+000,0.0000E+000,0.0000E+000,0.0000E+000,0.0000E+000,0.0000E+000,0.0000E+000,0.0000E+000,0.0000E+000,0.0000E+000,0.0000E+000,
キビタキ,Unknown,2778.73,0.33,14.26,0.0000E+000,0.0000E+000,0.0000E+000,0.0000E+000,2.5677E-002,9.9207E-002,8.7336E-002,8.4777E-002,6.9182E-002,1.0101E-001,1.0000E+000,3.3221E-001,1.6559E-001,1.6391E-002,0.0000E+000,0.0000E+000,1.0000E+000,9.5372E-001,8.0024E-001,6.9304E-001,5.8488E-001,4.0123E-001,3.2574E-001,2.8155E-001,2.1215E-001,1.8693E-001,1.7222E-001,1.4921E-001,1.3766E-001,1.3441E-001,1.3530E-001,1.3854E-001,1.4089E-001,1.4119E-001,1.3862E-001,1.3576E-001,1.3155E-001,1.2409E-001,0.0000E+000,0.0000E+000,0.0000E+000,0.0000E+000,0.0000E+000,0.0000E+000,0.0000E+000,0.0000E+000,0.0000E+000,0.0000E+000,0.0000E+000,0.0000E+000,0.0000E+000,0.0000E+000,0.0000E+000,0.0000E+000,0.0000E+000,0.0000E+000,0.0000E+000,0.0000E+000,0.0000E+000,0.0000E+000,0.0000E+000,0.0000E+000,0.0000E+000,0.0000E+000,0.0000E+000,0.0000E+000,
キビタキ,Unknown,2859.61,0.67,18.40,0.0000E+000,0.0000E+000,0.0000E+000,0.0000E+000,3.1886E-002,1.0857E-001,9.0014E-002,8.1809E-002,8.9900E-002,1.7709E-001,1.0000E+000,4.3877E-001,2.9607E-001,3.9267E-002,0.0000E+000,0.0000E+000,1.0000E+000,6.2751E-001,1.3237E-001,9.7025E-003,9.0942E-003,6.1152E-003,3.7446E-003,6.4581E-003,2.4192E-002,3.9213E-002,3.1089E-002,3.4223E-002,2.5109E-002,4.7390E-003,7.5690E-003,1.4124E-002,1.7848E-002,1.5858E-002,3.8669E-002,6.3469E-002,6.8794E-002,4.0653E-002,0.0000E+000,0.0000E+000,0.0000E+000,0.0000E+000,0.0000E+000,0.0000E+000,0.0000E+000,0.0000E+000,0.0000E+000,0.0000E+000,0.0000E+000,0.0000E+000,0.0000E+000,0.0000E+000,0.0000E+000,0.0000E+000,0.0000E+000,0.0000E+000,0.0000E+000,0.0000E+000,0.0000E+000,0.0000E+000,0.0000E+000,0.0000E+000,0.0000E+000,0.0000E+000,0.0000E+000,0.0000E+000,
キビタキ,Unknown,2861.93,0.44,13.74,0.0000E+000,0.0000E+000,0.0000E+000,0.0000E+000,8.5236E-002,2.7010E-001,2.5552E-001,2.2736E-001,2.3672E-001,9.5383E-001,1.0000E+000,7.9555E-001,5.4787E-001,8.4522E-002,0.0000E+000,0.0000E+000,1.0000E+000,7.8612E-001,3.1303E-001,5.3811E-002,4.4764E-002,5.1523E-002,6.7329E-002,4.3500E-002,2.8183E-002,3.6695E-002,3.8898E-002,2.5272E-002,4.7847E-003,1.2566E-004,5.2034E-004,1.0241E-003,1.1331E-003,3.5551E-003,5.6038E-003,5.2306E-003,3.3504E-003,8.5344E-004,0.0000E+000,0.0000E+000,0.0000E+000,0.0000E+000,0.0000E+000,0.0000E+000,0.0000E+000,0.0000E+000,0.0000E+000,0.0000E+000,0.0000E+000,0.0000E+000,0.0000E+000,0.0000E+000,0.0000E+000,0.0000E+000,0.0000E+000,0.0000E+000,0.0000E+000,0.0000E+000,0.0000E+000,0.0000E+000,0.0000E+000,0.0000E+000,0.0000E+000,0.0000E+000,0.0000E+000,0.0000E+000,
キビタキ,Unknown,2930.71,0.49,19.85,0.0000E+000,0.0000E+000,0.0000E+000,0.0000E+000,2.0967E-002,7.3125E-002,4.5219E-002,5.0043E-002,5.8890E-002,1.4248E-001,1.0000E+000,8.4049E-002,3.3474E-002,4.0566E-003,0.0000E+000,0.0000E+000,1.0000E+000,7.8323E-001,3.2232E-001,7.8171E-002,4.5455E-002,2.7407E-002,4.2074E-002,1.5960E-001,3.5611E-001,4.3509E-001,3.3876E-001,1.4597E-001,2.9218E-002,8.9447E-003,1.6480E-002,6.0845E-002,9.7675E-002,1.5204E-001,2.2173E-001,2.3706E-001,1.9259E-001,9.9893E-002,0.0000E+000,0.0000E+000,0.0000E+000,0.0000E+000,0.0000E+000,0.0000E+000,0.0000E+000,0.0000E+000,0.0000E+000,0.0000E+000,0.0000E+000,0.0000E+000,0.0000E+000,0.0000E+000,0.0000E+000,0.0000E+000,0.0000E+000,0.0000E+000,0.0000E+000,0.0000E+000,0.0000E+000,0.0000E+000,0.0000E+000,0.0000E+000,0.0000E+000,0.0000E+000,0.0000E+000,0.0000E+000,
キビタキ,Unknown,3114.72,0.33,14.32,0.0000E+000,0.0000E+000,0.0000E+000,0.0000E+000,2.0706E-002,7.4713E-002,6.7696E-002,5.9163E-002,5.3099E-002,1.2359E-001,1.0000E+000,4.5830E-001,3.2371E-001,2.5065E-002,0.0000E+000,0.0000E+000,1.0000E+000,8.7576E-001,5.1941E-001,2.8730E-001,1.7650E-001,1.1165E-001,1.5761E-001,2.2202E-001,2.7326E-001,2.6007E-001,1.9791E-001,8.8406E-002,2.8198E-002,1.5331E-002,1.9752E-002,2.7301E-002,3.0428E-002,2.7370E-002,1.9980E-002,1.5649E-002,1.5091E-002,1.7136E-002,0.0000E+000,0.0000E+000,0.0000E+000,0.0000E+000,0.0000E+000,0.0000E+000,0.0000E+000,0.0000E+000,0.0000E+000,0.0000E+000,0.0000E+000,0.0000E+000,0.0000E+000,0.0000E+000,0.0000E+000,0.0000E+000,0.0000E+000,0.0000E+000,0.0000E+000,0.0000E+000,0.0000E+000,0.0000E+000,0.0000E+000,0.0000E+000,0.0000E+000,0.0000E+000,0.0000E+000,0.0000E+000,
キビタキ,Unknown,3139.52,0.39,12.53,0.0000E+000,0.0000E+000,0.0000E+000,0.0000E+000,3.9763E-002,1.4452E-001,1.0348E-001,8.9170E-002,1.0744E-001,3.7809E-001,1.0000E+000,5.2005E-001,2.1584E-001,1.0174E-002,0.0000E+000,0.0000E+000,1.0000E+000,9.0139E-001,6.2273E-001,4.4267E-001,3.2161E-001,1.3642E-001,7.2288E-002,4.8463E-002,3.8317E-002,5.1995E-002,6.5848E-002,8.0985E-002,8.4975E-002,8.7682E-002,7.9355E-002,4.9426E-002,2.7823E-002,1.7192E-002,7.4876E-003,8.4151E-003,1.0925E-002,2.2538E-002,0.0000E+000,0.0000E+000,0.0000E+000,0.0000E+000,0.0000E+000,0.0000E+000,0.0000E+000,0.0000E+000,0.0000E+000,0.0000E+000,0.0000E+000,0.0000E+000,0.0000E+000,0.0000E+000,0.0000E+000,0.0000E+000,0.0000E+000,0.0000E+000,0.0000E+000,0.0000E+000,0.0000E+000,0.0000E+000,0.0000E+000,0.0000E+000,0.0000E+000,0.0000E+000,0.0000E+000,0.0000E+000,
キビタキ,Unknown,3139.94,0.35,17.23,0.0000E+000,0.0000E+000,0.0000E+000,0.0000E+000,3.0274E-002,1.0543E-001,1.0258E-001,8.1380E-002,6.6934E-002,2.1065E-001,1.0000E+000,7.3900E-001,4.3361E-001,2.7123E-002,0.0000E+000,0.0000E+000,1.0000E+000,9.2790E-001,7.1716E-001,5.7852E-001,4.8999E-001,3.7082E-001,3.4018E-001,3.1069E-001,2.4061E-001,2.0002E-001,1.7557E-001,1.4981E-001,1.5090E-001,1.5330E-001,1.4469E-001,1.1964E-001,1.0320E-001,8.8532E-002,6.4107E-002,5.4348E-002,4.7300E-002,3.5193E-002,0.0000E+000,0.0000E+000,0.0000E+000,0.0000E+000,0.0000E+000,0.0000E+000,0.0000E+000,0.0000E+000,0.0000E+000,0.0000E+000,0.0000E+000,0.0000E+000,0.0000E+000,0.0000E+000,0.0000E+000,0.0000E+000,0.0000E+000,0.0000E+000,0.0000E+000,0.0000E+000,0.0000E+000,0.0000E+000,0.0000E+000,0.0000E+000,0.0000E+000,0.0000E+000,0.0000E+000,0.0000E+000,
キビタキ,Unknown,3140.31,0.35,17.99,0.0000E+000,0.0000E+000,0.0000E+000,0.0000E+000,2.8157E-002,9.2290E-002,1.0156E-001,1.4803E-001,1.1001E-001,1.7659E-001,1.0000E+000,4.8643E-001,2.9768E-001,1.3964E-002,0.0000E+000,0.0000E+000,1.0000E+000,9.2139E-001,6.7708E-001,5.1138E-001,3.7582E-001,1.7417E-001,1.0810E-001,8.3754E-002,4.8977E-002,3.8543E-002,3.3702E-002,2.7772E-002,2.4089E-002,2.1494E-002,1.4470E-002,3.9584E-003,4.7174E-004,8.3840E-003,2.8097E-002,3.9899E-002,4.1239E-002,3.2761E-002,0.0000E+000,0.0000E+000,0.0000E+000,0.0000E+000,0.0000E+000,0.0000E+000,0.0000E+000,0.0000E+000,0.0000E+000,0.0000E+000,0.0000E+000,0.0000E+000,0.0000E+000,0.0000E+000,0.0000E+000,0.0000E+000,0.0000E+000,0.0000E+000,0.0000E+000,0.0000E+000,0.0000E+000,0.0000E+000,0.0000E+000,0.0000E+000,0.0000E+000,0.0000E+000,0.0000E+000,0.0000E+000,
キビタキ,Unknown,3144.21,0.65,20.48,0.0000E+000,0.0000E+000,0.0000E+000,0.0000E+000,1.9589E-002,6.8010E-002,5.1691E-002,4.2878E-002,5.1522E-002,1.0315E-001,1.0000E+000,7.5934E-001,2.2580E-001,3.3036E-002,0.0000E+000,0.0000E+000,1.0000E+000,6.2597E-001,1.5227E-001,5.2606E-002,3.7121E-002,8.5095E-002,1.4855E-001,1.6396E-001,9.2301E-002,5.2448E-003,1.2551E-002,2.1478E-002,9.3050E-002,1.6300E-001,1.3012E-001,4.9489E-002,1.7419E-003,1.1829E-003,2.7830E-002,5.5037E-002,7.3530E-002,5.4410E-002,0.0000E+000,0.0000E+000,0.0000E+000,0.0000E+000,0.0000E+000,0.0000E+000,0.0000E+000,0.0000E+000,0.0000E+000,0.0000E+000,0.0000E+000,0.0000E+000,0.0000E+000,0.0000E+000,0.0000E+000,0.0000E+000,0.0000E+000,0.0000E+000,0.0000E+000,0.0000E+000,0.0000E+000,0.0000E+000,0.0000E+000,0.0000E+000,0.0000E+000,0.0000E+000,0.0000E+000,0.0000E+000,
キビタキ,Unknown,3145.14,1.00,21.12,0.0000E+000,0.0000E+000,0.0000E+000,0.0000E+000,1.7021E-002,5.9425E-002,4.5776E-002,4.0198E-002,3.7665E-002,1.4573E-001,1.0000E+000,6.3268E-001,4.0630E-001,7.1296E-002,0.0000E+000,0.0000E+000,1.0000E+000,6.3524E-001,2.9790E-001,1.7267E-001,1.8170E-001,2.3463E-001,2.0274E-001,1.4512E-001,9.6183E-002,4.4999E-002,2.1784E-002,1.8273E-002,3.2809E-002,5.0387E-002,4.3626E-002,2.4767E-002,1.6184E-002,1.9609E-002,2.4950E-002,2.7798E-002,3.0533E-002,2.9126E-002,0.0000E+000,0.0000E+000,0.0000E+000,0.0000E+000,0.0000E+000,0.0000E+000,0.0000E+000,0.0000E+000,0.0000E+000,0.0000E+000,0.0000E+000,0.0000E+000,0.0000E+000,0.0000E+000,0.0000E+000,0.0000E+000,0.0000E+000,0.0000E+000,0.0000E+000,0.0000E+000,0.0000E+000,0.0000E+000,0.0000E+000,0.0000E+000,0.0000E+000,0.0000E+000,0.0000E+000,0.0000E+000,
キビタキ,Unknown,3146.98,0.33,21.38,0.0000E+000,0.0000E+000,0.0000E+000,0.0000E+000,9.1273E-003,4.7468E-002,4.4832E-002,3.1816E-002,2.4821E-002,5.3112E-002,1.0000E+000,6.7879E-001,2.4090E-001,1.5832E-002,0.0000E+000,0.0000E+000,1.0000E+000,8.7081E-001,5.0218E-001,2.6274E-001,1.5191E-001,8.9716E-002,1.3836E-001,1.9768E-001,2.3394E-001,2.1088E-001,1.4830E-001,5.2467E-002,2.3059E-002,2.6912E-002,3.6826E-002,4.3796E-002,4.0853E-002,3.0105E-002,1.1769E-002,4.1805E-003,2.5525E-003,1.7942E-003,0.0000E+000,0.0000E+000,0.0000E+000,0.0000E+000,0.0000E+000,0.0000E+000,0.0000E+000,0.0000E+000,0.0000E+000,0.0000E+000,0.0000E+000,0.0000E+000,0.0000E+000,0.0000E+000,0.0000E+000,0.0000E+000,0.0000E+000,0.0000E+000,0.0000E+000,0.0000E+000,0.0000E+000,0.0000E+000,0.0000E+000,0.0000E+000,0.0000E+000,0.0000E+000,0.0000E+000,0.0000E+000,
キビタキ,Unknown,3205.38,0.33,17.04,0.0000E+000,0.0000E+000,0.0000E+000,0.0000E+000,2.9042E-002,1.0560E-001,8.4484E-002,9.4815E-002,9.5344E-002,1.8900E-001,1.0000E+000,5.1144E-001,1.7239E-001,1.8492E-002,0.0000E+000,0.0000E+000,1.0000E+000,8.9520E-001,5.8406E-001,3.7773E-001,2.5578E-001,1.4286E-001,1.5188E-001,1.9087E-001,2.1517E-001,2.0049E-001,1.5436E-001,8.8336E-002,8.0462E-002,9.2484E-002,9.9641E-002,8.9866E-002,7.2934E-002,4.8452E-002,1.2532E-002,1.0948E-003,2.6221E-003,7.7831E-003,0.0000E+000,0.0000E+000,0.0000E+000,0.0000E+000,0.0000E+000,0.0000E+000,0.0000E+000,0.0000E+000,0.0000E+000,0.0000E+000,0.0000E+000,0.0000E+000,0.0000E+000,0.0000E+000,0.0000E+000,0.0000E+000,0.0000E+000,0.0000E+000,0.0000E+000,0.0000E+000,0.0000E+000,0.0000E+000,0.0000E+000,0.0000E+000,0.0000E+000,0.0000E+000,0.0000E+000,0.0000E+000,
キビタキ,Unknown,3214.38,0.39,15.82,0.0000E+000,0.0000E+000,0.0000E+000,0.0000E+000,3.9160E-002,1.0765E-001,8.1583E-002,7.0770E-002,6.5247E-002,1.1873E-001,1.0000E+000,9.6686E-001,1.3328E-001,6.7805E-003,0.0000E+000,0.0000E+000,1.0000E+000,8.0821E-001,3.5247E-001,8.8527E-002,8.0963E-002,1.5490E-001,2.3640E-001,2.1700E-001,1.4010E-001,8.2591E-002,5.3810E-002,1.6343E-002,1.9605E-002,3.1553E-002,5.4280E-002,7.5514E-002,7.4021E-002,5.1399E-002,2.2765E-002,1.6753E-002,3.0693E-002,5.4760E-002,0.0000E+000,0.0000E+000,0.0000E+000,0.0000E+000,0.0000E+000,0.0000E+000,0.0000E+000,0.0000E+000,0.0000E+000,0.0000E+000,0.0000E+000,0.0000E+000,0.0000E+000,0.0000E+000,0.0000E+000,0.0000E+000,0.0000E+000,0.0000E+000,0.0000E+000,0.0000E+000,0.0000E+000,0.0000E+000,0.0000E+000,0.0000E+000,0.0000E+000,0.0000E+000,0.0000E+000,0.0000E+000,
キビタキ,Unknown,3215.27,0.42,0.44,0.0000E+000,0.0000E+000,0.0000E+000,0.0000E+000,2.1648E-002,7.4215E-002,5.8734E-002,5.9398E-002,6.2319E-002,1.3528E-001,7.4828E-001,1.0000E+000,6.6210E-001,4.0149E-002,0.0000E+000,0.0000E+000,1.0000E+000,8.5517E-001,4.9065E-001,2.7097E-001,2.0394E-001,1.4751E-001,1.5812E-001,1.4404E-001,9.7708E-002,6.5457E-002,4.4009E-002,1.9190E-002,2.9512E-002,4.3207E-002,5.9230E-002,7.3418E-002,7.1581E-002,6.0072E-002,4.3853E-002,3.9142E-002,3.5635E-002,2.4305E-002,0.0000E+000,0.0000E+000,0.0000E+000,0.0000E+000,0.0000E+000,0.0000E+000,0.0000E+000,0.0000E+000,0.0000E+000,0.0000E+000,0.0000E+000,0.0000E+000,0.0000E+000,0.0000E+000,0.0000E+000,0.0000E+000,0.0000E+000,0.0000E+000,0.0000E+000,0.0000E+000,0.0000E+000,0.0000E+000,0.0000E+000,0.0000E+000,0.0000E+000,0.0000E+000,0.0000E+000,0.0000E+000,
キビタキ,Unknown,3321.45,0.35,21.96,0.0000E+000,0.0000E+000,0.0000E+000,0.0000E+000,4.8858E-002,1.4753E-001,1.3435E-001,1.7487E-001,1.2290E-001,1.0769E-001,1.0000E+000,5.5387E-001,1.5115E-001,2.1012E-002,0.0000E+000,0.0000E+000,1.0000E+000,9.7332E-001,8.7858E-001,8.1052E-001,7.2747E-001,5.6983E-001,4.9524E-001,4.4095E-001,3.5472E-001,3.2278E-001,3.0962E-001,2.9564E-001,2.9886E-001,3.0291E-001,3.0537E-001,3.0469E-001,3.0156E-001,2.9215E-001,2.6942E-001,2.5611E-001,2.4288E-001,2.2020E-001,0.0000E+000,0.0000E+000,0.0000E+000,0.0000E+000,0.0000E+000,0.0000E+000,0.0000E+000,0.0000E+000,0.0000E+000,0.0000E+000,0.0000E+000,0.0000E+000,0.0000E+000,0.0000E+000,0.0000E+000,0.0000E+000,0.0000E+000,0.0000E+000,0.0000E+000,0.0000E+000,0.0000E+000,0.0000E+000,0.0000E+000,0.0000E+000,0.0000E+000,0.0000E+000,0.0000E+000,0.0000E+000,
キビタキ,Unknown,3355.84,0.33,15.46,0.0000E+000,0.0000E+000,0.0000E+000,0.0000E+000,6.3818E-002,2.0987E-001,1.6143E-001,1.2761E-001,1.0980E-001,3.4592E-001,1.0000E+000,5.3752E-001,2.4602E-001,2.4311E-002,0.0000E+000,0.0000E+000,1.0000E+000,8.9686E-001,5.8609E-001,3.7847E-001,2.3640E-001,6.6742E-002,3.9157E-002,6.3371E-002,1.0068E-001,1.1378E-001,9.9982E-002,6.2945E-002,2.7083E-002,1.4457E-002,1.2972E-002,1.1682E-002,1.1876E-002,1.2601E-002,1.6540E-002,1.9753E-002,2.1360E-002,2.0340E-002,0.0000E+000,0.0000E+000,0.0000E+000,0.0000E+000,0.0000E+000,0.0000E+000,0.0000E+000,0.0000E+000,0.0000E+000,0.0000E+000,0.0000E+000,0.0000E+000,0.0000E+000,0.0000E+000,0.0000E+000,0.0000E+000,0.0000E+000,0.0000E+000,0.0000E+000,0.0000E+000,0.0000E+000,0.0000E+000,0.0000E+000,0.0000E+000,0.0000E+000,0.0000E+000,0.0000E+000,0.0000E+000,
キビタキ,Unknown,3410.15,0.39,20.87,0.0000E+000,0.0000E+000,0.0000E+000,0.0000E+000,1.4092E-002,5.1294E-002,3.8906E-002,3.0149E-002,2.1213E-002,5.4054E-002,1.0000E+000,3.5233E-001,1.9918E-001,3.2569E-002,0.0000E+000,0.0000E+000,1.0000E+000,9.1117E-001,6.7324E-001,5.2413E-001,4.4729E-001,3.2720E-001,2.8396E-001,2.2812E-001,1.3425E-001,9.6220E-002,8.6387E-002,6.9233E-002,5.0096E-002,3.8280E-002,3.3572E-002,2.9466E-002,3.0067E-002,2.6277E-002,1.7145E-002,1.1803E-002,1.0204E-002,8.0955E-003,0.0000E+000,0.0000E+000,0.0000E+000,0.0000E+000,0.0000E+000,0.0000E+000,0.0000E+000,0.0000E+000,0.0000E+000,0.0000E+000,0.0000E+000,0.0000E+000,0.0000E+000,0.0000E+000,0.0000E+000,0.0000E+000,0.0000E+000,0.0000E+000,0.0000E+000,0.0000E+000,0.0000E+000,0.0000E+000,0.0000E+000,0.0000E+000,0.0000E+000,0.0000E+000,0.0000E+000,0.0000E+000,
キビタキ,Unknown,3497.06,0.51,34.38,0.0000E+000,0.0000E+000,0.0000E+000,0.0000E+000,1.3687E-003,4.6617E-002,6.0063E-002,5.2113E-003,1.8211E-001,1.0000E+000,1.0430E-001,3.1708E-002,5.4432E-002,1.7847E-002,0.0000E+000,0.0000E+000,1.0000E+000,9.2469E-001,7.2364E-001,5.9790E-001,4.8312E-001,2.7750E-001,1.8665E-001,1.4485E-001,8.0696E-002,5.8353E-002,5.0925E-002,3.6888E-002,2.1589E-002,1.2899E-002,9.9672E-003,7.3654E-003,7.6956E-003,7.6042E-003,6.5627E-003,5.6128E-003,5.2859E-003,3.4375E-003,0.0000E+000,0.0000E+000,0.0000E+000,0.0000E+000,0.0000E+000,0.0000E+000,0.0000E+000,0.0000E+000,0.0000E+000,0.0000E+000,0.0000E+000,0.0000E+000,0.0000E+000,0.0000E+000,0.0000E+000,0.0000E+000,0.0000E+000,0.0000E+000,0.0000E+000,0.0000E+000,0.0000E+000,0.0000E+000,0.0000E+000,0.0000E+000,0.0000E+000,0.0000E+000,0.0000E+000,0.0000E+000,
キビタキ,Unknown,3514.53,0.44,34.06,0.0000E+000,0.0000E+000,0.0000E+000,0.0000E+000,1.9164E-003,8.0615E-003,5.6473E-003,1.0746E-002,2.3264E-002,1.4057E-001,1.0000E+000,2.7618E-001,8.1821E-002,2.0384E-003,0.0000E+000,0.0000E+000,1.0000E+000,8.8561E-001,6.1795E-001,4.6468E-001,5.0389E-001,6.6472E-001,7.8634E-001,7.6614E-001,6.1874E-001,4.9153E-001,4.5303E-001,4.8460E-001,5.8089E-001,6.0709E-001,5.4088E-001,4.1982E-001,3.6498E-001,3.8139E-001,4.3060E-001,4.6340E-001,4.5676E-001,4.1844E-001,0.0000E+000,0.0000E+000,0.0000E+000,0.0000E+000,0.0000E+000,0.0000E+000,0.0000E+000,0.0000E+000,0.0000E+000,0.0000E+000,0.0000E+000,0.0000E+000,0.0000E+000,0.0000E+000,0.0000E+000,0.0000E+000,0.0000E+000,0.0000E+000,0.0000E+000,0.0000E+000,0.0000E+000,0.0000E+000,0.0000E+000,0.0000E+000,0.0000E+000,0.0000E+000,0.0000E+000,0.0000E+000,
キビタキ,Unknown,3515.22,0.33,31.31,0.0000E+000,0.0000E+000,0.0000E+000,0.0000E+000,2.0765E-003,7.3543E-003,6.0526E-003,4.7825E-003,5.5384E-003,1.4243E-001,1.0000E+000,2.0577E-001,1.1738E-001,8.0312E-003,0.0000E+000,0.0000E+000,1.0000E+000,8.2879E-001,3.9716E-001,1.3675E-001,1.5068E-001,3.7541E-001,5.8620E-001,6.3218E-001,4.8672E-001,2.9528E-001,1.6125E-001,1.2677E-001,3.6269E-001,4.9904E-001,4.4199E-001,2.2775E-001,7.0557E-002,5.5509E-002,1.6817E-001,2.9589E-001,3.4265E-001,2.7790E-001,0.0000E+000,0.0000E+000,0.0000E+000,0.0000E+000,0.0000E+000,0.0000E+000,0.0000E+000,0.0000E+000,0.0000E+000,0.0000E+000,0.0000E+000,0.0000E+000,0.0000E+000,0.0000E+000,0.0000E+000,0.0000E+000,0.0000E+000,0.0000E+000,0.0000E+000,0.0000E+000,0.0000E+000,0.0000E+000,0.0000E+000,0.0000E+000,0.0000E+000,0.0000E+000,0.0000E+000,0.0000E+000,
キビタキ,Unknown,3518.36,0.35,31.03,0.0000E+000,0.0000E+000,0.0000E+000,0.0000E+000,5.3802E-003,1.6865E-002,1.5453E-002,1.3259E-002,1.3596E-002,3.2080E-001,1.0000E+000,9.0955E-001,2.6275E-001,8.9549E-003,0.0000E+000,0.0000E+000,1.0000E+000,9.7493E-001,8.8802E-001,8.2618E-001,7.5590E-001,6.2955E-001,5.7349E-001,5.4013E-001,4.9488E-001,4.8300E-001,4.8775E-001,5.0772E-001,5.4058E-001,5.5824E-001,5.6886E-001,5.7556E-001,5.7164E-001,5.5212E-001,5.0369E-001,4.7478E-001,4.4610E-001,3.9718E-001,0.0000E+000,0.0000E+000,0.0000E+000,0.0000E+000,0.0000E+000,0.0000E+000,0.0000E+000,0.0000E+000,0.0000E+000,0.0000E+000,0.0000E+000,0.0000E+000,0.0000E+000,0.0000E+000,0.0000E+000,0.0000E+000,0.0000E+000,0.0000E+000,0.0000E+000,0.0000E+000,0.0000E+000,0.0000E+000,0.0000E+000,0.0000E+000,0.0000E+000,0.0000E+000,0.0000E+000,0.0000E+000,
キビタキ,Unknown,3521.77,0.33,21.60,0.0000E+000,0.0000E+000,0.0000E+000,0.0000E+000,1.1343E-002,3.6520E-002,2.9816E-002,2.6466E-002,2.3581E-002,2.9544E-001,1.0000E+000,1.9665E-001,5.4125E-002,3.9305E-003,0.0000E+000,0.0000E+000,1.0000E+000,9.2281E-001,6.9234E-001,5.3908E-001,4.2724E-001,2.5711E-001,1.9882E-001,1.5115E-001,6.6594E-002,2.9718E-002,2.3511E-002,3.0546E-002,5.3459E-002,6.3129E-002,6.2902E-002,5.7003E-002,5.1331E-002,4.6867E-002,4.5378E-002,4.8354E-002,5.7878E-002,7.6156E-002,0.0000E+000,0.0000E+000,0.0000E+000,0.0000E+000,0.0000E+000,0.0000E+000,0.0000E+000,0.0000E+000,0.0000E+000,0.0000E+000,0.0000E+000,0.0000E+000,0.0000E+000,0.0000E+000,0.0000E+000,0.0000E+000,0.0000E+000,0.0000E+000,0.0000E+000,0.0000E+000,0.0000E+000,0.0000E+000,0.0000E+000,0.0000E+000,0.0000E+000,0.0000E+000,0.0000E+000,0.0000E+000,
キビタキ,Unknown,3535.87,0.35,22.70,0.0000E+000,0.0000E+000,0.0000E+000,0.0000E+000,7.5039E-003,2.4344E-002,1.8840E-002,2.2485E-002,1.6351E-002,5.1198E-002,3.7624E-001,1.0000E+000,3.3061E-001,3.3911E-002,0.0000E+000,0.0000E+000,1.0000E+000,9.0406E-001,6.5262E-001,4.9711E-001,4.4747E-001,4.0521E-001,4.1258E-001,3.7018E-001,2.6271E-001,1.9765E-001,1.8435E-001,1.9774E-001,2.2554E-001,2.2665E-001,1.8634E-001,1.1126E-001,7.6488E-002,7.5026E-002,7.7933E-002,8.2302E-002,6.9328E-002,3.9808E-002,0.0000E+000,0.0000E+000,0.0000E+000,0.0000E+000,0.0000E+000,0.0000E+000,0.0000E+000,0.0000E+000,0.0000E+000,0.0000E+000,0.0000E+000,0.0000E+000,0.0000E+000,0.0000E+000,0.0000E+000,0.0000E+000,0.0000E+000,0.0000E+000,0.0000E+000,0.0000E+000,0.0000E+000,0.0000E+000,0.0000E+000,0.0000E+000,0.0000E+000,0.0000E+000,0.0000E+000,0.0000E+000,
キビタキ,Unknown,3536.26,0.53,30.94,0.0000E+000,0.0000E+000,0.0000E+000,0.0000E+000,3.5815E-003,1.4075E-002,1.1355E-002,8.8647E-003,1.4794E-002,5.8355E-002,1.0000E+000,5.8171E-001,1.2537E-001,2.0262E-002,0.0000E+000,0.0000E+000,1.0000E+000,8.7582E-001,5.4292E-001,3.3421E-001,2.7322E-001,2.8867E-001,3.6511E-001,4.0501E-001,3.6662E-001,2.8834E-001,1.8265E-001,5.0577E-002,6.2719E-002,1.0125E-001,1.1936E-001,1.0593E-001,7.4391E-002,4.0954E-002,9.0194E-003,1.0521E-002,2.6390E-002,4.4629E-002,0.0000E+000,0.0000E+000,0.0000E+000,0.0000E+000,0.0000E+000,0.0000E+000,0.0000E+000,0.0000E+000,0.0000E+000,0.0000E+000,0.0000E+000,0.0000E+000,0.0000E+000,0.0000E+000,0.0000E+000,0.0000E+000,0.0000E+000,0.0000E+000,0.0000E+000,0.0000E+000,0.0000E+000,0.0000E+000,0.0000E+000,0.0000E+000,0.0000E+000,0.0000E+000,0.0000E+000,0.0000E+000,
キビタキ,Unknown,3537.14,0.74,34.49,0.0000E+000,0.0000E+000,0.0000E+000,0.0000E+000,1.3384E-003,5.5423E-003,5.0527E-003,3.8677E-003,5.6269E-003,3.8900E-002,1.0000E+000,9.4951E-001,2.5293E-001,2.7805E-002,0.0000E+000,0.0000E+000,1.0000E+000,7.7954E-001,6.1352E-001,6.6796E-001,6.8787E-001,5.7581E-001,4.4384E-001,5.9580E-001,6.2215E-001,4.9655E-001,4.8387E-001,5.0625E-001,4.5328E-001,3.6524E-001,4.4428E-001,4.9161E-001,4.5989E-001,4.2711E-001,4.0639E-001,4.1846E-001,3.8984E-001,3.8375E-001,0.0000E+000,0.0000E+000,0.0000E+000,0.0000E+000,0.0000E+000,0.0000E+000,0.0000E+000,0.0000E+000,0.0000E+000,0.0000E+000,0.0000E+000,0.0000E+000,0.0000E+000,0.0000E+000,0.0000E+000,0.0000E+000,0.0000E+000,0.0000E+000,0.0000E+000,0.0000E+000,0.0000E+000,0.0000E+000,0.0000E+000,0.0000E+000,0.0000E+000,0.0000E+000,0.0000E+000,0.0000E+000,
キビタキ,Unknown,3561.55,0.49,30.20,0.0000E+000,0.0000E+000,0.0000E+000,0.0000E+000,2.8881E-003,9.3590E-003,7.1862E-003,1.6781E-002,2.5548E-002,1.1558E-001,1.0000E+000,3.5557E-001,1.0027E-001,1.8446E-002,0.0000E+000,0.0000E+000,1.0000E+000,7.7323E-001,5.1442E-001,4.8239E-001,6.1351E-001,5.4814E-001,3.5165E-001,3.4007E-001,3.7715E-001,4.2581E-001,2.8590E-001,1.6124E-001,1.9391E-001,2.1133E-001,1.2596E-001,5.9499E-002,7.8412E-002,8.3287E-002,4.7508E-002,6.8536E-003,2.6437E-002,4.6621E-002,0.0000E+000,0.0000E+000,0.0000E+000,0.0000E+000,0.0000E+000,0.0000E+000,0.0000E+000,0.0000E+000,0.0000E+000,0.0000E+000,0.0000E+000,0.0000E+000,0.0000E+000,0.0000E+000,0.0000E+000,0.0000E+000,0.0000E+000,0.0000E+000,0.0000E+000,0.0000E+000,0.0000E+000,0.0000E+000,0.0000E+000,0.0000E+000,0.0000E+000,0.0000E+000,0.0000E+000,0.0000E+000,
キビタキ,Unknown,3562.24,0.33,13.18,0.0000E+000,0.0000E+000,0.0000E+000,0.0000E+000,3.0700E-003,9.3629E-003,7.8007E-003,6.0418E-003,7.7977E-003,8.4112E-002,7.2159E-001,1.0000E+000,8.8194E-001,2.1394E-001,0.0000E+000,0.0000E+000,1.0000E+000,9.6690E-001,8.6235E-001,7.9089E-001,7.2316E-001,5.9548E-001,5.3554E-001,4.6809E-001,3.3213E-001,2.6362E-001,2.1407E-001,1.3690E-001,9.1820E-002,7.4354E-002,6.2134E-002,4.5526E-002,4.1138E-002,4.1328E-002,3.9832E-002,3.8146E-002,3.5733E-002,3.4161E-002,0.0000E+000,0.0000E+000,0.0000E+000,0.0000E+000,0.0000E+000,0.0000E+000,0.0000E+000,0.0000E+000,0.0000E+000,0.0000E+000,0.0000E+000,0.0000E+000,0.0000E+000,0.0000E+000,0.0000E+000,0.0000E+000,0.0000E+000,0.0000E+000,0.0000E+000,0.0000E+000,0.0000E+000,0.0000E+000,0.0000E+000,0.0000E+000,0.0000E+000,0.0000E+000,0.0000E+000,0.0000E+000,
キビタキ,Unknown,3851.38,0.46,0.04,0.0000E+000,0.0000E+000,0.0000E+000,0.0000E+000,2.8714E-001,1.0000E+000,8.6827E-001,8.7022E-001,6.2606E-001,4.7729E-001,3.6623E-001,3.7500E-001,3.1355E-001,3.9339E-002,0.0000E+000,0.0000E+000,1.0000E+000,8.4874E-001,4.6300E-001,2.2852E-001,1.3070E-001,1.8127E-002,3.3845E-003,2.7976E-003,3.3239E-003,4.4371E-003,6.1125E-003,8.3621E-003,8.2107E-003,7.4851E-003,8.7228E-003,1.0794E-002,1.1628E-002,8.8984E-003,7.8140E-003,9.4587E-003,1.8810E-002,3.6882E-002,0.0000E+000,0.0000E+000,0.0000E+000,0.0000E+000,0.0000E+000,0.0000E+000,0.0000E+000,0.0000E+000,0.0000E+000,0.0000E+000,0.0000E+000,0.0000E+000,0.0000E+000,0.0000E+000,0.0000E+000,0.0000E+000,0.0000E+000,0.0000E+000,0.0000E+000,0.0000E+000,0.0000E+000,0.0000E+000,0.0000E+000,0.0000E+000,0.0000E+000,0.0000E+000,0.0000E+000,0.0000E+000,
キビタキ,Unknown,3875.92,0.39,6.48,0.0000E+000,0.0000E+000,0.0000E+000,0.0000E+000,3.2114E-001,1.0000E+000,8.2617E-001,7.3914E-001,6.0682E-001,5.1733E-001,6.2109E-001,7.6316E-001,9.7626E-001,2.6828E-001,0.0000E+000,0.0000E+000,1.0000E+000,8.4702E-001,4.5136E-001,2.0869E-001,1.1186E-001,7.7871E-003,5.4448E-004,2.0504E-003,9.2467E-003,1.4937E-002,2.1629E-002,3.1839E-002,3.4276E-002,3.3195E-002,2.6265E-002,1.1932E-002,4.5297E-003,2.5104E-003,4.4622E-004,4.0130E-004,4.2564E-004,2.6635E-003,0.0000E+000,0.0000E+000,0.0000E+000,0.0000E+000,0.0000E+000,0.0000E+000,0.0000E+000,0.0000E+000,0.0000E+000,0.0000E+000,0.0000E+000,0.0000E+000,0.0000E+000,0.0000E+000,0.0000E+000,0.0000E+000,0.0000E+000,0.0000E+000,0.0000E+000,0.0000E+000,0.0000E+000,0.0000E+000,0.0000E+000,0.0000E+000,0.0000E+000,0.0000E+000,0.0000E+000,0.0000E+000,
キビタキ,雑音,3959.14,0.35,6.96,0.0000E+000,0.0000E+000,0.0000E+000,0.0000E+000,1.2928E-001,5.6271E-001,3.8193E-001,1.0000E+000,7.5468E-001,2.5597E-001,2.3011E-001,1.9045E-001,1.6665E-001,2.6402E-002,0.0000E+000,0.0000E+000,1.0000E+000,8.9835E-001,5.9237E-001,3.8802E-001,2.4278E-001,5.1567E-002,5.5948E-003,5.2724E-003,8.8823E-003,1.2815E-002,1.3286E-002,1.3396E-002,1.4661E-002,1.6288E-002,2.1879E-002,3.6088E-002,4.4705E-002,5.0585E-002,5.3608E-002,5.0750E-002,4.0361E-002,1.9439E-002,0.0000E+000,0.0000E+000,0.0000E+000,0.0000E+000,0.0000E+000,0.0000E+000,0.0000E+000,0.0000E+000,0.0000E+000,0.0000E+000,0.0000E+000,0.0000E+000,0.0000E+000,0.0000E+000,0.0000E+000,0.0000E+000,0.0000E+000,0.0000E+000,0.0000E+000,0.0000E+000,0.0000E+000,0.0000E+000,0.0000E+000,0.0000E+000,0.0000E+000,0.0000E+000,0.0000E+000,0.0000E+000,
キビタキ,Unknown,4026.06,0.35,10.37,0.0000E+000,0.0000E+000,0.0000E+000,0.0000E+000,1.0370E-001,4.7294E-001,3.8257E-001,1.0000E+000,7.1837E-001,2.0386E-001,1.8468E-001,1.5846E-001,1.2605E-001,1.7423E-002,0.0000E+000,0.0000E+000,1.0000E+000,8.8465E-001,5.4953E-001,3.2977E-001,1.9527E-001,3.4129E-002,7.4877E-003,1.1074E-002,1.2337E-002,1.0012E-002,6.7960E-003,3.0983E-003,4.1289E-003,5.6412E-003,8.8395E-003,1.6100E-002,2.0163E-002,2.3406E-002,2.6620E-002,2.6590E-002,2.2256E-002,1.2063E-002,0.0000E+000,0.0000E+000,0.0000E+000,0.0000E+000,0.0000E+000,0.0000E+000,0.0000E+000,0.0000E+000,0.0000E+000,0.0000E+000,0.0000E+000,0.0000E+000,0.0000E+000,0.0000E+000,0.0000E+000,0.0000E+000,0.0000E+000,0.0000E+000,0.0000E+000,0.0000E+000,0.0000E+000,0.0000E+000,0.0000E+000,0.0000E+000,0.0000E+000,0.0000E+000,0.0000E+000,0.0000E+000,
キビタキ,Unknown,4333.66,0.39,7.44,0.0000E+000,0.0000E+000,0.0000E+000,0.0000E+000,1.3597E-001,5.8369E-001,5.8720E-001,1.0000E+000,6.4841E-001,4.3712E-001,2.4039E-001,2.3060E-001,1.8328E-001,2.2798E-002,0.0000E+000,0.0000E+000,1.0000E+000,8.4760E-001,4.4461E-001,1.9403E-001,1.0700E-001,5.5058E-002,9.0138E-002,1.0837E-001,1.0571E-001,8.4818E-002,6.0742E-002,2.5866E-002,1.4583E-002,1.4100E-002,1.7332E-002,2.2708E-002,2.4850E-002,2.3008E-002,1.7261E-002,1.3357E-002,1.6930E-002,3.5092E-002,0.0000E+000,0.0000E+000,0.0000E+000,0.0000E+000,0.0000E+000,0.0000E+000,0.0000E+000,0.0000E+000,0.0000E+000,0.0000E+000,0.0000E+000,0.0000E+000,0.0000E+000,0.0000E+000,0.0000E+000,0.0000E+000,0.0000E+000,0.0000E+000,0.0000E+000,0.0000E+000,0.0000E+000,0.0000E+000,0.0000E+000,0.0000E+000,0.0000E+000,0.0000E+000,0.0000E+000,0.0000E+000,
キビタキ,Unknown,4855.08,0.42,6.91,0.0000E+000,0.0000E+000,0.0000E+000,0.0000E+000,2.3773E-001,8.4607E-001,7.5892E-001,1.0000E+000,9.7665E-001,4.8977E-001,3.6583E-001,3.5630E-001,3.0173E-001,4.8230E-002,0.0000E+000,0.0000E+000,1.0000E+000,8.7823E-001,5.4149E-001,3.2651E-001,2.0671E-001,5.5692E-002,2.4467E-002,1.8565E-002,1.4830E-002,1.6997E-002,2.5845E-002,4.2310E-002,4.9471E-002,4.9016E-002,4.1866E-002,2.7158E-002,1.9600E-002,1.4902E-002,7.6039E-003,5.0030E-003,3.3868E-003,1.0055E-003,0.0000E+000,0.0000E+000,0.0000E+000,0.0000E+000,0.0000E+000,0.0000E+000,0.0000E+000,0.0000E+000,0.0000E+000,0.0000E+000,0.0000E+000,0.0000E+000,0.0000E+000,0.0000E+000,0.0000E+000,0.0000E+000,0.0000E+000,0.0000E+000,0.0000E+000,0.0000E+000,0.0000E+000,0.0000E+000,0.0000E+000,0.0000E+000,0.0000E+000,0.0000E+000,0.0000E+000,0.0000E+000,
キビタキ,雑音,4908.00,0.33,7.39,0.0000E+000,0.0000E+000,0.0000E+000,0.0000E+000,3.4900E-001,1.0000E+000,7.1212E-001,7.4470E-001,7.1014E-001,5.0240E-001,4.9501E-001,4.1183E-001,3.2594E-001,7.0516E-002,0.0000E+000,0.0000E+000,1.0000E+000,9.0325E-001,6.0795E-001,4.0940E-001,2.6186E-001,6.2791E-002,1.1262E-002,7.2725E-003,5.4447E-003,7.6062E-003,8.6729E-003,1.1493E-002,1.4373E-002,1.5500E-002,1.4580E-002,1.2183E-002,1.0706E-002,1.0890E-002,1.2672E-002,1.4269E-002,1.6205E-002,2.0118E-002,0.0000E+000,0.0000E+000,0.0000E+000,0.0000E+000,0.0000E+000,0.0000E+000,0.0000E+000,0.0000E+000,0.0000E+000,0.0000E+000,0.0000E+000,0.0000E+000,0.0000E+000,0.0000E+000,0.0000E+000,0.0000E+000,0.0000E+000,0.0000E+000,0.0000E+000,0.0000E+000,0.0000E+000,0.0000E+000,0.0000E+000,0.0000E+000,0.0000E+000,0.0000E+000,0.0000E+000,0.0000E+000,
キビタキ,雑音,5578.41,0.33,1.23,0.0000E+000,0.0000E+000,0.0000E+000,0.0000E+000,3.3814E-001,1.0000E+000,7.5063E-001,8.0086E-001,7.2400E-001,5.7825E-001,5.3743E-001,4.9952E-001,3.5713E-001,5.3522E-002,0.0000E+000,0.0000E+000,1.0000E+000,8.9627E-001,5.8636E-001,3.8019E-001,2.3853E-001,5.5740E-002,1.4599E-002,1.4030E-002,1.4192E-002,1.4922E-002,1.3178E-002,8.5252E-003,3.1460E-003,6.7524E-004,2.2073E-003,1.0506E-002,1.7273E-002,2.5891E-002,3.9490E-002,4.4472E-002,4.3613E-002,3.9079E-002,0.0000E+000,0.0000E+000,0.0000E+000,0.0000E+000,0.0000E+000,0.0000E+000,0.0000E+000,0.0000E+000,0.0000E+000,0.0000E+000,0.0000E+000,0.0000E+000,0.0000E+000,0.0000E+000,0.0000E+000,0.0000E+000,0.0000E+000,0.0000E+000,0.0000E+000,0.0000E+000,0.0000E+000,0.0000E+000,0.0000E+000,0.0000E+000,0.0000E+000,0.0000E+000,0.0000E+000,0.0000E+000,
キビタキ,雑音,5935.23,0.44,0.98,0.0000E+000,0.0000E+000,0.0000E+000,0.0000E+000,3.1769E-001,1.0000E+000,6.7856E-001,6.6167E-001,5.9354E-001,5.7806E-001,4.6172E-001,4.4229E-001,3.4841E-001,5.2756E-002,0.0000E+000,0.0000E+000,1.0000E+000,8.4871E-001,4.6367E-001,2.2992E-001,1.3281E-001,2.0470E-002,5.2355E-003,4.3440E-003,3.4154E-003,3.3783E-003,3.7810E-003,4.6798E-003,5.4760E-003,5.7758E-003,7.0306E-003,1.1062E-002,1.3839E-002,1.9715E-002,3.1796E-002,3.8001E-002,3.5416E-002,2.4486E-002,0.0000E+000,0.0000E+000,0.0000E+000,0.0000E+000,0.0000E+000,0.0000E+000,0.0000E+000,0.0000E+000,0.0000E+000,0.0000E+000,0.0000E+000,0.0000E+000,0.0000E+000,0.0000E+000,0.0000E+000,0.0000E+000,0.0000E+000,0.0000E+000,0.0000E+000,0.0000E+000,0.0000E+000,0.0000E+000,0.0000E+000,0.0000E+000,0.0000E+000,0.0000E+000,0.0000E+000,0.0000E+000,
キビタキ,Unknown,6038.67,0.35,12.40,0.0000E+000,0.0000E+000,0.0000E+000,0.0000E+000,1.1835E-001,4.3532E-001,3.6173E-001,3.5886E-001,2.6971E-001,1.0000E+000,7.6633E-001,8.0570E-001,9.0042E-001,1.4018E-001,0.0000E+000,0.0000E+000,1.0000E+000,9.2900E-001,7.0124E-001,5.4448E-001,4.0052E-001,1.7003E-001,8.3493E-002,4.6802E-002,6.9274E-003,3.7440E-003,1.9418E-002,5.1729E-002,7.1778E-002,7.5191E-002,6.4422E-002,3.8133E-002,2.2613E-002,1.2468E-002,2.9571E-003,3.5919E-003,1.3686E-002,3.5748E-002,0.0000E+000,0.0000E+000,0.0000E+000,0.0000E+000,0.0000E+000,0.0000E+000,0.0000E+000,0.0000E+000,0.0000E+000,0.0000E+000,0.0000E+000,0.0000E+000,0.0000E+000,0.0000E+000,0.0000E+000,0.0000E+000,0.0000E+000,0.0000E+000,0.0000E+000,0.0000E+000,0.0000E+000,0.0000E+000,0.0000E+000,0.0000E+000,0.0000E+000,0.0000E+000,0.0000E+000,0.0000E+000,
キビタキ,Unknown,6041.53,0.46,16.43,0.0000E+000,0.0000E+000,0.0000E+000,0.0000E+000,4.8878E-002,1.6159E-001,1.4844E-001,1.4490E-001,5.6445E-001,1.0000E+000,6.8410E-001,1.0950E-001,6.0190E-002,8.0934E-003,0.0000E+000,0.0000E+000,1.0000E+000,8.5349E-001,4.8354E-001,2.6008E-001,1.7900E-001,9.1901E-002,8.5888E-002,7.3583E-002,4.2918E-002,2.4559E-002,1.3994E-002,5.6816E-003,1.5674E-002,2.3413E-002,2.6077E-002,2.7253E-002,2.5766E-002,2.3724E-002,1.9457E-002,1.7231E-002,1.9263E-002,2.8289E-002,0.0000E+000,0.0000E+000,0.0000E+000,0.0000E+000,0.0000E+000,0.0000E+000,0.0000E+000,0.0000E+000,0.0000E+000,0.0000E+000,0.0000E+000,0.0000E+000,0.0000E+000,0.0000E+000,0.0000E+000,0.0000E+000,0.0000E+000,0.0000E+000,0.0000E+000,0.0000E+000,0.0000E+000,0.0000E+000,0.0000E+000,0.0000E+000,0.0000E+000,0.0000E+000,0.0000E+000,0.0000E+000,
キビタキ,Unknown,6048.03,0.58,18.20,0.0000E+000,0.0000E+000,0.0000E+000,0.0000E+000,3.4081E-002,1.0081E-001,9.9719E-002,7.3605E-002,2.0487E-001,5.4227E-001,1.0000E+000,1.5277E-001,7.4947E-002,8.2224E-003,0.0000E+000,0.0000E+000,1.0000E+000,7.5152E-001,2.6384E-001,2.4644E-002,7.4706E-002,1.7031E-001,2.1586E-001,1.8235E-001,9.5420E-002,4.2009E-002,2.3151E-002,2.0117E-002,4.2729E-002,4.9517E-002,3.6993E-002,1.3559E-002,2.6487E-003,1.8213E-003,3.7393E-003,6.4848E-003,1.0956E-002,1.3305E-002,0.0000E+000,0.0000E+000,0.0000E+000,0.0000E+000,0.0000E+000,0.0000E+000,0.0000E+000,0.0000E+000,0.0000E+000,0.0000E+000,0.0000E+000,0.0000E+000,0.0000E+000,0.0000E+000,0.0000E+000,0.0000E+000,0.0000E+000,0.0000E+000,0.0000E+000,0.0000E+000,0.0000E+000,0.0000E+000,0.0000E+000,0.0000E+000,0.0000E+000,0.0000E+000,0.0000E+000,0.0000E+000,
キビタキ,Unknown,6091.99,0.33,2.33,0.0000E+000,0.0000E+000,0.0000E+000,0.0000E+000,3.6531E-002,1.5996E-001,1.6362E-001,1.5307E-001,2.4684E-001,9.5919E-001,8.3205E-001,1.0000E+000,8.8453E-001,7.4838E-002,0.0000E+000,0.0000E+000,1.0000E+000,9.0885E-001,6.3722E-001,4.5674E-001,3.2654E-001,1.3923E-001,8.2121E-002,5.7289E-002,2.3722E-002,1.4987E-002,1.7668E-002,2.3972E-002,2.7937E-002,2.8279E-002,2.5985E-002,1.8728E-002,1.3766E-002,8.6136E-003,2.7105E-003,1.9597E-003,6.3042E-003,1.5703E-002,0.0000E+000,0.0000E+000,0.0000E+000,0.0000E+000,0.0000E+000,0.0000E+000,0.0000E+000,0.0000E+000,0.0000E+000,0.0000E+000,0.0000E+000,0.0000E+000,0.0000E+000,0.0000E+000,0.0000E+000,0.0000E+000,0.0000E+000,0.0000E+000,0.0000E+000,0.0000E+000,0.0000E+000,0.0000E+000,0.0000E+000,0.0000E+000,0.0000E+000,0.0000E+000,0.0000E+000,0.0000E+000,
キビタキ,Unknown,6097.10,0.33,0.00,0.0000E+000,0.0000E+000,0.0000E+000,0.0000E+000,7.0246E-003,2.9150E-002,2.2833E-002,1.9086E-002,1.7096E-002,1.8753E-002,6.2010E-001,1.0000E+000,3.2351E-001,1.0263E-002,0.0000E+000,0.0000E+000,1.0000E+000,8.9905E-001,5.9923E-001,4.0035E-001,2.6590E-001,9.0857E-002,5.0260E-002,4.2537E-002,2.7162E-002,1.9510E-002,1.4105E-002,6.4859E-003,2.8845E-003,1.4985E-003,9.7297E-004,8.9029E-004,1.3332E-003,2.1161E-003,3.3700E-003,3.8409E-003,3.7639E-003,3.3781E-003,0.0000E+000,0.0000E+000,0.0000E+000,0.0000E+000,0.0000E+000,0.0000E+000,0.0000E+000,0.0000E+000,0.0000E+000,0.0000E+000,0.0000E+000,0.0000E+000,0.0000E+000,0.0000E+000,0.0000E+000,0.0000E+000,0.0000E+000,0.0000E+000,0.0000E+000,0.0000E+000,0.0000E+000,0.0000E+000,0.0000E+000,0.0000E+000,0.0000E+000,0.0000E+000,0.0000E+000,0.0000E+000,
キビタキ,Unknown,6100.65,0.37,22.52,0.0000E+000,0.0000E+000,0.0000E+000,0.0000E+000,3.7337E-002,1.2027E-001,9.2178E-002,8.2590E-002,1.0833E-001,4.7742E-001,4.3449E-001,7.2917E-001,1.0000E+000,1.4556E-001,0.0000E+000,0.0000E+000,1.0000E+000,9.3955E-001,7.4613E-001,6.1316E-001,4.9230E-001,2.9981E-001,2.2817E-001,1.9616E-001,1.5303E-001,1.4192E-001,1.3620E-001,1.2014E-001,9.4208E-002,7.8634E-002,6.2898E-002,3.5689E-002,2.4216E-002,1.9161E-002,1.4886E-002,1.5666E-002,1.9054E-002,2.5165E-002,0.0000E+000,0.0000E+000,0.0000E+000,0.0000E+000,0.0000E+000,0.0000E+000,0.0000E+000,0.0000E+000,0.0000E+000,0.0000E+000,0.0000E+000,0.0000E+000,0.0000E+000,0.0000E+000,0.0000E+000,0.0000E+000,0.0000E+000,0.0000E+000,0.0000E+000,0.0000E+000,0.0000E+000,0.0000E+000,0.0000E+000,0.0000E+000,0.0000E+000,0.0000E+000,0.0000E+000,0.0000E+000,
キビタキ,Unknown,6103.34,0.53,20.03,0.0000E+000,0.0000E+000,0.0000E+000,0.0000E+000,2.8620E-002,1.2147E-001,9.6710E-002,1.5374E-001,3.8408E-001,6.7872E-001,1.0000E+000,2.0916E-001,3.8154E-002,5.3566E-003,0.0000E+000,0.0000E+000,1.0000E+000,8.2978E-001,4.1150E-001,1.6345E-001,1.4054E-001,2.2318E-001,3.2873E-001,3.4714E-001,2.8034E-001,1.9514E-001,1.4267E-001,1.2244E-001,1.9174E-001,2.2881E-001,2.0554E-001,1.2887E-001,7.5467E-002,5.2972E-002,4.2249E-002,5.4021E-002,6.6512E-002,7.8817E-002,0.0000E+000,0.0000E+000,0.0000E+000,0.0000E+000,0.0000E+000,0.0000E+000,0.0000E+000,0.0000E+000,0.0000E+000,0.0000E+000,0.0000E+000,0.0000E+000,0.0000E+000,0.0000E+000,0.0000E+000,0.0000E+000,0.0000E+000,0.0000E+000,0.0000E+000,0.0000E+000,0.0000E+000,0.0000E+000,0.0000E+000,0.0000E+000,0.0000E+000,0.0000E+000,0.0000E+000,0.0000E+000,
キビタキ,Unknown,6108.59,0.44,27.15,0.0000E+000,0.0000E+000,0.0000E+000,0.0000E+000,1.6889E-002,5.9524E-002,5.6931E-002,4.2003E-002,1.3188E-001,9.0090E-001,7.1171E-001,1.0000E+000,9.4848E-001,1.5970E-001,0.0000E+000,0.0000E+000,1.0000E+000,9.4805E-001,7.8139E-001,6.6667E-001,5.5797E-001,3.7468E-001,3.0010E-001,2.5280E-001,1.7221E-001,1.3893E-001,1.1196E-001,6.4057E-002,3.0366E-002,1.7613E-002,1.2029E-002,4.5616E-003,2.6793E-003,2.0088E-003,1.0907E-003,8.4303E-004,1.0867E-003,2.0248E-003,0.0000E+000,0.0000E+000,0.0000E+000,0.0000E+000,0.0000E+000,0.0000E+000,0.0000E+000,0.0000E+000,0.0000E+000,0.0000E+000,0.0000E+000,0.0000E+000,0.0000E+000,0.0000E+000,0.0000E+000,0.0000E+000,0.0000E+000,0.0000E+000,0.0000E+000,0.0000E+000,0.0000E+000,0.0000E+000,0.0000E+000,0.0000E+000,0.0000E+000,0.0000E+000,0.0000E+000,0.0000E+000,
キビタキ,キビタキ,6109.52,0.53,22.39,0.0000E+000,0.0000E+000,0.0000E+000,0.0000E+000,1.8728E-002,7.0566E-002,5.5499E-002,6.2712E-002,2.9322E-001,8.1743E-001,1.0000E+000,7.6937E-002,2.4170E-002,3.7093E-003,0.0000E+000,0.0000E+000,1.0000E+000,7.5102E-001,2.7424E-001,4.6439E-002,1.4750E-001,2.7172E-001,2.9488E-001,1.9473E-001,5.7289E-002,1.9990E-002,6.2314E-002,1.4949E-001,1.4352E-001,9.2688E-002,5.6643E-002,1.1804E-001,2.1549E-001,2.4970E-001,1.8327E-001,8.2612E-002,4.3479E-002,3.2309E-002,0.0000E+000,0.0000E+000,0.0000E+000,0.0000E+000,0.0000E+000,0.0000E+000,0.0000E+000,0.0000E+000,0.0000E+000,0.0000E+000,0.0000E+000,0.0000E+000,0.0000E+000,0.0000E+000,0.0000E+000,0.0000E+000,0.0000E+000,0.0000E+000,0.0000E+000,0.0000E+000,0.0000E+000,0.0000E+000,0.0000E+000,0.0000E+000,0.0000E+000,0.0000E+000,0.0000E+000,0.0000E+000,
キビタキ,Unknown,6114.32,0.74,22.89,0.0000E+000,0.0000E+000,0.0000E+000,0.0000E+000,2.6614E-002,1.0082E-001,7.8991E-002,8.1536E-002,2.2498E-001,8.6801E-001,1.0000E+000,1.0333E-001,3.6941E-002,6.6366E-003,0.0000E+000,0.0000E+000,1.0000E+000,6.4163E-001,1.5104E-001,1.8823E-002,5.4184E-002,2.2922E-001,3.6889E-001,2.6013E-001,9.0919E-002,3.0463E-002,4.1054E-002,8.2600E-002,1.0716E-001,1.0077E-001,6.1091E-002,4.2318E-002,6.3228E-002,5.9216E-002,8.7145E-002,1.1909E-001,6.0105E-002,4.7358E-002,0.0000E+000,0.0000E+000,0.0000E+000,0.0000E+000,0.0000E+000,0.0000E+000,0.0000E+000,0.0000E+000,0.0000E+000,0.0000E+000,0.0000E+000,0.0000E+000,0.0000E+000,0.0000E+000,0.0000E+000,0.0000E+000,0.0000E+000,0.0000E+000,0.0000E+000,0.0000E+000,0.0000E+000,0.0000E+000,0.0000E+000,0.0000E+000,0.0000E+000,0.0000E+000,0.0000E+000,0.0000E+000,
キビタキ,Unknown,6123.98,0.42,19.55,0.0000E+000,0.0000E+000,0.0000E+000,0.0000E+000,3.3778E-002,1.2092E-001,1.1207E-001,8.9720E-002,2.0720E-001,8.2159E-001,6.6680E-001,1.0000E+000,9.2927E-001,1.3754E-001,0.0000E+000,0.0000E+000,1.0000E+000,9.4636E-001,7.7379E-001,6.5487E-001,5.3999E-001,3.4121E-001,2.5730E-001,1.9926E-001,1.0297E-001,6.4724E-002,4.3667E-002,1.4986E-002,7.6401E-003,7.9177E-003,1.1473E-002,1.9399E-002,2.3770E-002,2.7216E-002,3.1559E-002,3.2455E-002,3.0531E-002,2.5810E-002,0.0000E+000,0.0000E+000,0.0000E+000,0.0000E+000,0.0000E+000,0.0000E+000,0.0000E+000,0.0000E+000,0.0000E+000,0.0000E+000,0.0000E+000,0.0000E+000,0.0000E+000,0.0000E+000,0.0000E+000,0.0000E+000,0.0000E+000,0.0000E+000,0.0000E+000,0.0000E+000,0.0000E+000,0.0000E+000,0.0000E+000,0.0000E+000,0.0000E+000,0.0000E+000,0.0000E+000,0.0000E+000,
キビタキ,Unknown,6128.26,0.65,21.17,0.0000E+000,0.0000E+000,0.0000E+000,0.0000E+000,3.4269E-002,1.2292E-001,1.1811E-001,1.1272E-001,4.6358E-001,9.5509E-001,1.0000E+000,1.3488E-001,3.9474E-002,6.2719E-003,0.0000E+000,0.0000E+000,1.0000E+000,7.2924E-001,2.3071E-001,2.9470E-003,9.0257E-002,2.2651E-001,2.7545E-001,1.9688E-001,6.1865E-002,5.4239E-003,9.2717E-003,2.1385E-002,2.8266E-002,2.6881E-002,2.6006E-002,3.5139E-002,4.5148E-002,3.8143E-002,1.6351E-002,1.5637E-003,5.5718E-003,1.0509E-002,0.0000E+000,0.0000E+000,0.0000E+000,0.0000E+000,0.0000E+000,0.0000E+000,0.0000E+000,0.0000E+000,0.0000E+000,0.0000E+000,0.0000E+000,0.0000E+000,0.0000E+000,0.0000E+000,0.0000E+000,0.0000E+000,0.0000E+000,0.0000E+000,0.0000E+000,0.0000E+000,0.0000E+000,0.0000E+000,0.0000E+000,0.0000E+000,0.0000E+000,0.0000E+000,0.0000E+000,0.0000E+000,
キビタキ,Unknown,6137.61,0.65,16.18,0.0000E+000,0.0000E+000,0.0000E+000,0.0000E+000,5.6125E-002,2.0356E-001,1.5098E-001,1.3077E-001,4.1492E-001,1.0000E+000,9.1827E-001,1.1663E-001,5.9375E-002,8.8041E-003,0.0000E+000,0.0000E+000,1.0000E+000,7.2207E-001,2.4080E-001,3.7456E-002,6.6523E-002,8.6173E-002,7.6756E-002,4.5358E-002,8.0709E-003,2.1811E-003,3.5891E-003,5.4599E-003,6.3265E-003,6.7303E-003,4.0701E-003,4.2959E-003,7.1820E-003,1.3851E-002,2.0276E-002,2.0032E-002,1.8252E-002,2.0382E-002,0.0000E+000,0.0000E+000,0.0000E+000,0.0000E+000,0.0000E+000,0.0000E+000,0.0000E+000,0.0000E+000,0.0000E+000,0.0000E+000,0.0000E+000,0.0000E+000,0.0000E+000,0.0000E+000,0.0000E+000,0.0000E+000,0.0000E+000,0.0000E+000,0.0000E+000,0.0000E+000,0.0000E+000,0.0000E+000,0.0000E+000,0.0000E+000,0.0000E+000,0.0000E+000,0.0000E+000,0.0000E+000,
キビタキ,Unknown,6154.45,0.58,23.64,0.0000E+000,0.0000E+000,0.0000E+000,0.0000E+000,3.4599E-002,1.1918E-001,9.9700E-002,1.1503E-001,2.9938E-001,7.3853E-001,1.0000E+000,1.1182E-001,3.7245E-002,5.6399E-003,0.0000E+000,0.0000E+000,1.0000E+000,7.9962E-001,3.9221E-001,1.8516E-001,2.3210E-001,3.2930E-001,3.7957E-001,3.1810E-001,1.8800E-001,1.1937E-001,1.0566E-001,9.4726E-002,1.0284E-001,1.0816E-001,1.0069E-001,7.6448E-002,5.9682E-002,5.1721E-002,4.4908E-002,4.6056E-002,4.5752E-002,4.3935E-002,0.0000E+000,0.0000E+000,0.0000E+000,0.0000E+000,0.0000E+000,0.0000E+000,0.0000E+000,0.0000E+000,0.0000E+000,0.0000E+000,0.0000E+000,0.0000E+000,0.0000E+000,0.0000E+000,0.0000E+000,0.0000E+000,0.0000E+000,0.0000E+000,0.0000E+000,0.0000E+000,0.0000E+000,0.0000E+000,0.0000E+000,0.0000E+000,0.0000E+000,0.0000E+000,0.0000E+000,0.0000E+000,
キビタキ,Unknown,6158.26,0.65,23.91,0.0000E+000,0.0000E+000,0.0000E+000,0.0000E+000,5.3288E-002,1.7567E-001,1.4885E-001,1.1408E-001,1.9138E-001,7.5285E-001,6.5302E-001,5.8692E-001,1.0000E+000,1.3693E-001,0.0000E+000,0.0000E+000,1.0000E+000,8.7228E-001,5.9724E-001,4.4992E-001,3.5019E-001,2.0258E-001,1.5469E-001,1.3254E-001,9.1323E-002,7.2246E-002,6.2298E-002,4.5717E-002,3.4015E-002,2.8944E-002,2.0574E-002,7.5233E-003,2.8426E-003,1.5509E-003,1.3140E-004,3.5889E-006,6.2642E-005,5.5300E-004,0.0000E+000,0.0000E+000,0.0000E+000,0.0000E+000,0.0000E+000,0.0000E+000,0.0000E+000,0.0000E+000,0.0000E+000,0.0000E+000,0.0000E+000,0.0000E+000,0.0000E+000,0.0000E+000,0.0000E+000,0.0000E+000,0.0000E+000,0.0000E+000,0.0000E+000,0.0000E+000,0.0000E+000,0.0000E+000,0.0000E+000,0.0000E+000,0.0000E+000,0.0000E+000,0.0000E+000,0.0000E+000,
キビタキ,Unknown,6161.62,0.42,14.52,0.0000E+000,0.0000E+000,0.0000E+000,0.0000E+000,4.6749E-002,1.6666E-001,9.5701E-002,9.1585E-002,2.4512E-001,8.0846E-001,1.0000E+000,1.2132E-001,4.5050E-002,7.7370E-003,0.0000E+000,0.0000E+000,1.0000E+000,8.7406E-001,5.4169E-001,3.3525E-001,2.3912E-001,1.2647E-001,1.0995E-001,1.0904E-001,1.0075E-001,9.3378E-002,7.5846E-002,4.4013E-002,2.4810E-002,1.9909E-002,1.6756E-002,1.0424E-002,7.2444E-003,7.3934E-003,1.2660E-002,1.7777E-002,2.6165E-002,3.8227E-002,0.0000E+000,0.0000E+000,0.0000E+000,0.0000E+000,0.0000E+000,0.0000E+000,0.0000E+000,0.0000E+000,0.0000E+000,0.0000E+000,0.0000E+000,0.0000E+000,0.0000E+000,0.0000E+000,0.0000E+000,0.0000E+000,0.0000E+000,0.0000E+000,0.0000E+000,0.0000E+000,0.0000E+000,0.0000E+000,0.0000E+000,0.0000E+000,0.0000E+000,0.0000E+000,0.0000E+000,0.0000E+000,
キビタキ,Unknown,6164.92,0.33,15.47,0.0000E+000,0.0000E+000,0.0000E+000,0.0000E+000,2.7685E-002,8.6416E-002,8.2548E-002,6.2661E-002,2.2094E-001,8.8136E-001,1.0000E+000,6.7097E-001,6.8690E-001,1.0441E-001,0.0000E+000,0.0000E+000,1.0000E+000,9.5721E-001,8.0997E-001,7.0551E-001,5.8905E-001,3.8071E-001,2.8884E-001,2.3040E-001,1.3913E-001,1.0631E-001,8.8786E-002,6.1787E-002,4.6708E-002,4.1104E-002,3.7235E-002,3.0353E-002,2.7340E-002,2.4692E-002,1.9148E-002,1.6252E-002,1.2840E-002,6.3079E-003,0.0000E+000,0.0000E+000,0.0000E+000,0.0000E+000,0.0000E+000,0.0000E+000,0.0000E+000,0.0000E+000,0.0000E+000,0.0000E+000,0.0000E+000,0.0000E+000,0.0000E+000,0.0000E+000,0.0000E+000,0.0000E+000,0.0000E+000,0.0000E+000,0.0000E+000,0.0000E+000,0.0000E+000,0.0000E+000,0.0000E+000,0.0000E+000,0.0000E+000,0.0000E+000,0.0000E+000,0.0000E+000,
キビタキ,Unknown,6176.88,0.39,23.08,0.0000E+000,0.0000E+000,0.0000E+000,0.0000E+000,1.8438E-002,6.1500E-002,5.2731E-002,4.6015E-002,1.3073E-001,3.8524E-001,4.7311E-001,1.0000E+000,7.6415E-001,6.4043E-002,0.0000E+000,0.0000E+000,1.0000E+000,9.4133E-001,7.4746E-001,6.1225E-001,4.7658E-001,2.4767E-001,1.5443E-001,1.0559E-001,3.9559E-002,2.2363E-002,2.2962E-002,3.0679E-002,4.5495E-002,5.3192E-002,5.9362E-002,6.8132E-002,7.0733E-002,6.7388E-002,5.4867E-002,4.5690E-002,3.4462E-002,1.4695E-002,0.0000E+000,0.0000E+000,0.0000E+000,0.0000E+000,0.0000E+000,0.0000E+000,0.0000E+000,0.0000E+000,0.0000E+000,0.0000E+000,0.0000E+000,0.0000E+000,0.0000E+000,0.0000E+000,0.0000E+000,0.0000E+000,0.0000E+000,0.0000E+000,0.0000E+000,0.0000E+000,0.0000E+000,0.0000E+000,0.0000E+000,0.0000E+000,0.0000E+000,0.0000E+000,0.0000E+000,0.0000E+000,
キビタキ,Unknown,6177.72,0.53,20.88,0.0000E+000,0.0000E+000,0.0000E+000,0.0000E+000,2.1561E-002,8.4597E-002,7.2916E-002,6.2383E-002,1.5925E-001,4.7693E-001,1.0000E+000,9.9884E-002,2.8771E-002,4.7033E-003,0.0000E+000,0.0000E+000,1.0000E+000,8.2033E-001,4.2103E-001,2.0140E-001,1.6208E-001,1.4461E-001,1.6646E-001,1.4287E-001,8.3158E-002,4.7028E-002,3.6036E-002,2.7966E-002,4.3744E-002,5.6600E-002,6.6266E-002,6.9835E-002,6.3738E-002,5.2451E-002,3.7763E-002,3.4361E-002,3.5774E-002,3.5332E-002,0.0000E+000,0.0000E+000,0.0000E+000,0.0000E+000,0.0000E+000,0.0000E+000,0.0000E+000,0.0000E+000,0.0000E+000,0.0000E+000,0.0000E+000,0.0000E+000,0.0000E+000,0.0000E+000,0.0000E+000,0.0000E+000,0.0000E+000,0.0000E+000,0.0000E+000,0.0000E+000,0.0000E+000,0.0000E+000,0.0000E+000,0.0000E+000,0.0000E+000,0.0000E+000,0.0000E+000,0.0000E+000,
キビタキ,Unknown,6187.58,0.53,21.33,0.0000E+000,0.0000E+000,0.0000E+000,0.0000E+000,4.0212E-002,1.1682E-001,9.1850E-002,1.5040E-001,5.8191E-001,7.6662E-001,1.0000E+000,5.6324E-002,2.5784E-002,3.6997E-003,0.0000E+000,0.0000E+000,1.0000E+000,8.4169E-001,4.5534E-001,2.2730E-001,2.0503E-001,2.5869E-001,3.3463E-001,3.2589E-001,2.3500E-001,1.5285E-001,1.0243E-001,6.3991E-002,9.7731E-002,1.1950E-001,1.0795E-001,6.4437E-002,3.2483E-002,1.8896E-002,1.6655E-002,2.8001E-002,3.4382E-002,2.9263E-002,0.0000E+000,0.0000E+000,0.0000E+000,0.0000E+000,0.0000E+000,0.0000E+000,0.0000E+000,0.0000E+000,0.0000E+000,0.0000E+000,0.0000E+000,0.0000E+000,0.0000E+000,0.0000E+000,0.0000E+000,0.0000E+000,0.0000E+000,0.0000E+000,0.0000E+000,0.0000E+000,0.0000E+000,0.0000E+000,0.0000E+000,0.0000E+000,0.0000E+000,0.0000E+000,0.0000E+000,0.0000E+000,
キビタキ,ヤマガラ,6196.15,0.35,0.00,0.0000E+000,0.0000E+000,0.0000E+000,0.0000E+000,4.1231E-003,1.2399E-002,1.2183E-002,1.2874E-002,8.8506E-003,7.9656E-003,1.8817E-001,1.0000E+000,2.2640E-001,6.0959E-003,0.0000E+000,0.0000E+000,1.0000E+000,9.0738E-001,6.2396E-001,4.3316E-001,2.8691E-001,8.2422E-002,2.4180E-002,1.6083E-002,1.2579E-002,1.7174E-002,1.9297E-002,1.9076E-002,1.3169E-002,9.6064E-003,7.0004E-003,3.3615E-003,2.3285E-003,3.2888E-003,6.3473E-003,8.4455E-003,1.0506E-002,1.4450E-002,0.0000E+000,0.0000E+000,0.0000E+000,0.0000E+000,0.0000E+000,0.0000E+000,0.0000E+000,0.0000E+000,0.0000E+000,0.0000E+000,0.0000E+000,0.0000E+000,0.0000E+000,0.0000E+000,0.0000E+000,0.0000E+000,0.0000E+000,0.0000E+000,0.0000E+000,0.0000E+000,0.0000E+000,0.0000E+000,0.0000E+000,0.0000E+000,0.0000E+000,0.0000E+000,0.0000E+000,0.0000E+000,
キビタキ,Unknown,6200.73,0.44,24.18,0.0000E+000,0.0000E+000,0.0000E+000,0.0000E+000,1.8327E-002,5.8296E-002,5.1328E-002,4.5906E-002,8.7918E-002,4.0464E-001,5.3205E-001,6.0917E-001,1.0000E+000,2.0978E-001,0.0000E+000,0.0000E+000,1.0000E+000,9.4667E-001,7.7705E-001,6.6075E-001,5.5097E-001,3.6402E-001,2.8685E-001,2.3752E-001,1.5649E-001,1.2479E-001,1.0299E-001,6.6361E-002,4.2959E-002,3.4395E-002,3.0740E-002,2.5843E-002,2.4600E-002,2.3337E-002,2.0191E-002,1.8308E-002,1.6932E-002,1.5387E-002,0.0000E+000,0.0000E+000,0.0000E+000,0.0000E+000,0.0000E+000,0.0000E+000,0.0000E+000,0.0000E+000,0.0000E+000,0.0000E+000,0.0000E+000,0.0000E+000,0.0000E+000,0.0000E+000,0.0000E+000,0.0000E+000,0.0000E+000,0.0000E+000,0.0000E+000,0.0000E+000,0.0000E+000,0.0000E+000,0.0000E+000,0.0000E+000,0.0000E+000,0.0000E+000,0.0000E+000,0.0000E+000,
キビタキ,Unknown,6201.52,0.63,20.89,0.0000E+000,0.0000E+000,0.0000E+000,0.0000E+000,3.2737E-002,1.3089E-001,1.1548E-001,1.2120E-001,6.1066E-001,8.5491E-001,1.0000E+000,1.2361E-001,4.7857E-002,7.1677E-003,0.0000E+000,0.0000E+000,1.0000E+000,6.7599E-001,1.7873E-001,5.4649E-003,1.0423E-001,2.5516E-001,3.0732E-001,1.9246E-001,4.4289E-002,1.0980E-002,4.9465E-002,1.3922E-001,1.3310E-001,7.5721E-002,4.5153E-002,4.0533E-002,6.6480E-002,1.2169E-001,1.3351E-001,9.0129E-002,4.7595E-002,3.0041E-002,0.0000E+000,0.0000E+000,0.0000E+000,0.0000E+000,0.0000E+000,0.0000E+000,0.0000E+000,0.0000E+000,0.0000E+000,0.0000E+000,0.0000E+000,0.0000E+000,0.0000E+000,0.0000E+000,0.0000E+000,0.0000E+000,0.0000E+000,0.0000E+000,0.0000E+000,0.0000E+000,0.0000E+000,0.0000E+000,0.0000E+000,0.0000E+000,0.0000E+000,0.0000E+000,0.0000E+000,0.0000E+000,
キビタキ,Unknown,6205.93,0.37,20.97,0.0000E+000,0.0000E+000,0.0000E+000,0.0000E+000,8.3601E-003,3.0950E-002,3.0524E-002,3.7713E-002,1.4018E-001,4.5920E-001,1.0000E+000,6.5317E-002,1.3227E-002,2.2732E-003,0.0000E+000,0.0000E+000,1.0000E+000,9.1484E-001,6.7480E-001,5.1992E-001,4.2585E-001,2.9344E-001,2.5508E-001,2.2646E-001,1.7484E-001,1.5184E-001,1.4116E-001,1.2304E-001,9.8465E-002,8.1326E-002,6.0455E-002,2.8730E-002,1.7878E-002,1.3958E-002,6.9055E-003,3.7721E-003,3.5688E-003,3.7295E-003,0.0000E+000,0.0000E+000,0.0000E+000,0.0000E+000,0.0000E+000,0.0000E+000,0.0000E+000,0.0000E+000,0.0000E+000,0.0000E+000,0.0000E+000,0.0000E+000,0.0000E+000,0.0000E+000,0.0000E+000,0.0000E+000,0.0000E+000,0.0000E+000,0.0000E+000,0.0000E+000,0.0000E+000,0.0000E+000,0.0000E+000,0.0000E+000,0.0000E+000,0.0000E+000,0.0000E+000,0.0000E+000,
キビタキ,Unknown,6211.66,0.35,25.42,0.0000E+000,0.0000E+000,0.0000E+000,0.0000E+000,1.0658E-002,3.1516E-002,2.5506E-002,2.1580E-002,6.9753E-002,4.5699E-001,5.4373E-001,4.6923E-001,1.0000E+000,1.8193E-001,0.0000E+000,0.0000E+000,1.0000E+000,9.5918E-001,8.1775E-001,7.1714E-001,6.0152E-001,3.8800E-001,2.9012E-001,2.2002E-001,1.0573E-001,6.1526E-002,3.8631E-002,8.6678E-003,4.2000E-003,6.8004E-003,1.3065E-002,2.4456E-002,2.9582E-002,3.1099E-002,3.0658E-002,2.8699E-002,2.5017E-002,1.8039E-002,0.0000E+000,0.0000E+000,0.0000E+000,0.0000E+000,0.0000E+000,0.0000E+000,0.0000E+000,0.0000E+000,0.0000E+000,0.0000E+000,0.0000E+000,0.0000E+000,0.0000E+000,0.0000E+000,0.0000E+000,0.0000E+000,0.0000E+000,0.0000E+000,0.0000E+000,0.0000E+000,0.0000E+000,0.0000E+000,0.0000E+000,0.0000E+000,0.0000E+000,0.0000E+000,0.0000E+000,0.0000E+000,
キビタキ,Unknown,6216.79,0.44,27.24,0.0000E+000,0.0000E+000,0.0000E+000,0.0000E+000,1.0373E-002,3.3770E-002,3.2269E-002,2.6612E-002,7.1165E-002,3.9142E-001,3.4576E-001,5.6406E-001,1.0000E+000,1.4146E-001,0.0000E+000,0.0000E+000,1.0000E+000,9.4805E-001,7.8581E-001,6.7552E-001,5.7427E-001,3.9830E-001,3.2359E-001,2.6737E-001,1.6946E-001,1.2775E-001,9.9581E-002,5.4128E-002,2.7095E-002,1.7349E-002,1.2649E-002,6.2482E-003,4.5470E-003,4.3977E-003,4.6438E-003,5.0393E-003,5.4274E-003,6.1544E-003,0.0000E+000,0.0000E+000,0.0000E+000,0.0000E+000,0.0000E+000,0.0000E+000,0.0000E+000,0.0000E+000,0.0000E+000,0.0000E+000,0.0000E+000,0.0000E+000,0.0000E+000,0.0000E+000,0.0000E+000,0.0000E+000,0.0000E+000,0.0000E+000,0.0000E+000,0.0000E+000,0.0000E+000,0.0000E+000,0.0000E+000,0.0000E+000,0.0000E+000,0.0000E+000,0.0000E+000,0.0000E+000,
キビタキ,Unknown,6217.72,0.72,15.62,0.0000E+000,0.0000E+000,0.0000E+000,0.0000E+000,4.3836E-002,1.4571E-001,1.2340E-001,1.5781E-001,7.4820E-001,1.0000E+000,8.9147E-001,1.6440E-001,5.0169E-002,7.1757E-003,0.0000E+000,0.0000E+000,1.0000E+000,6.5174E-001,1.6257E-001,2.1657E-002,2.5273E-002,4.2446E-002,5.6004E-002,6.8774E-002,6.1649E-002,4.1753E-002,2.1459E-002,3.1751E-003,2.8733E-003,5.6067E-004,2.4160E-003,1.0044E-002,1.5816E-002,2.3359E-002,2.6739E-002,2.2576E-002,2.5645E-002,4.0234E-002,0.0000E+000,0.0000E+000,0.0000E+000,0.0000E+000,0.0000E+000,0.0000E+000,0.0000E+000,0.0000E+000,0.0000E+000,0.0000E+000,0.0000E+000,0.0000E+000,0.0000E+000,0.0000E+000,0.0000E+000,0.0000E+000,0.0000E+000,0.0000E+000,0.0000E+000,0.0000E+000,0.0000E+000,0.0000E+000,0.0000E+000,0.0000E+000,0.0000E+000,0.0000E+000,0.0000E+000,0.0000E+000,
キビタキ,Unknown,6220.88,0.42,24.24,0.0000E+000,0.0000E+000,0.0000E+000,0.0000E+000,1.4043E-002,5.4908E-002,4.7802E-002,3.2669E-002,1.9928E-001,7.0078E-001,4.1532E-001,4.4366E-001,1.0000E+000,1.5055E-001,0.0000E+000,0.0000E+000,1.0000E+000,9.4416E-001,7.6491E-001,6.4150E-001,5.2266E-001,3.1736E-001,2.3090E-001,1.7201E-001,7.6496E-002,3.9864E-002,2.3665E-002,6.1227E-003,1.0214E-002,1.5648E-002,2.1447E-002,2.8471E-002,2.9697E-002,2.5467E-002,1.5748E-002,1.0259E-002,6.9823E-003,2.3098E-003,0.0000E+000,0.0000E+000,0.0000E+000,0.0000E+000,0.0000E+000,0.0000E+000,0.0000E+000,0.0000E+000,0.0000E+000,0.0000E+000,0.0000E+000,0.0000E+000,0.0000E+000,0.0000E+000,0.0000E+000,0.0000E+000,0.0000E+000,0.0000E+000,0.0000E+000,0.0000E+000,0.0000E+000,0.0000E+000,0.0000E+000,0.0000E+000,0.0000E+000,0.0000E+000,0.0000E+000,0.0000E+000,
キビタキ,Unknown,6224.20,0.39,24.23,0.0000E+000,0.0000E+000,0.0000E+000,0.0000E+000,7.6948E-003,3.2622E-002,2.4567E-002,1.9555E-002,6.5211E-002,3.2251E-001,3.2336E-001,6.4129E-001,1.0000E+000,9.9622E-002,0.0000E+000,0.0000E+000,1.0000E+000,9.4403E-001,7.6098E-001,6.3390E-001,5.0731E-001,2.9042E-001,2.0011E-001,1.4769E-001,7.1141E-002,4.7019E-002,3.7612E-002,2.2476E-002,1.1525E-002,6.3032E-003,3.4454E-003,1.7316E-003,2.8758E-003,6.7264E-003,1.3988E-002,1.7399E-002,1.8736E-002,2.0156E-002,0.0000E+000,0.0000E+000,0.0000E+000,0.0000E+000,0.0000E+000,0.0000E+000,0.0000E+000,0.0000E+000,0.0000E+000,0.0000E+000,0.0000E+000,0.0000E+000,0.0000E+000,0.0000E+000,0.0000E+000,0.0000E+000,0.0000E+000,0.0000E+000,0.0000E+000,0.0000E+000,0.0000E+000,0.0000E+000,0.0000E+000,0.0000E+000,0.0000E+000,0.0000E+000,0.0000E+000,0.0000E+000,
キビタキ,Unknown,6224.92,0.70,23.49,0.0000E+000,0.0000E+000,0.0000E+000,0.0000E+000,2.2404E-002,8.1965E-002,7.6955E-002,8.3982E-002,4.5829E-001,7.2110E-001,1.0000E+000,9.1318E-002,2.5931E-002,3.6454E-003,0.0000E+000,0.0000E+000,1.0000E+000,8.5535E-001,5.0937E-001,3.0802E-001,2.3211E-001,1.4394E-001,1.3169E-001,1.2598E-001,9.8181E-002,7.6084E-002,4.9481E-002,1.5066E-002,1.1533E-002,1.5813E-002,2.3114E-002,3.1978E-002,3.3541E-002,3.0491E-002,2.5489E-002,2.3537E-002,2.2408E-002,1.9376E-002,0.0000E+000,0.0000E+000,0.0000E+000,0.0000E+000,0.0000E+000,0.0000E+000,0.0000E+000,0.0000E+000,0.0000E+000,0.0000E+000,0.0000E+000,0.0000E+000,0.0000E+000,0.0000E+000,0.0000E+000,0.0000E+000,0.0000E+000,0.0000E+000,0.0000E+000,0.0000E+000,0.0000E+000,0.0000E+000,0.0000E+000,0.0000E+000,0.0000E+000,0.0000E+000,0.0000E+000,0.0000E+000,
キビタキ,Unknown,6228.61,0.44,23.59,0.0000E+000,0.0000E+000,0.0000E+000,0.0000E+000,2.2741E-002,8.9059E-002,7.1152E-002,6.5710E-002,1.3995E-001,7.9700E-001,4.4074E-001,1.0000E+000,8.0971E-001,5.1156E-002,0.0000E+000,0.0000E+000,1.0000E+000,9.3160E-001,7.1229E-001,5.6138E-001,4.2304E-001,2.0623E-001,1.2777E-001,1.0552E-001,9.2367E-002,1.0145E-001,1.1743E-001,1.4234E-001,1.4642E-001,1.4157E-001,1.2271E-001,7.9779E-002,5.5701E-002,3.8270E-002,1.6815E-002,1.2790E-002,2.0777E-002,4.0437E-002,0.0000E+000,0.0000E+000,0.0000E+000,0.0000E+000,0.0000E+000,0.0000E+000,0.0000E+000,0.0000E+000,0.0000E+000,0.0000E+000,0.0000E+000,0.0000E+000,0.0000E+000,0.0000E+000,0.0000E+000,0.0000E+000,0.0000E+000,0.0000E+000,0.0000E+000,0.0000E+000,0.0000E+000,0.0000E+000,0.0000E+000,0.0000E+000,0.0000E+000,0.0000E+000,0.0000E+000,0.0000E+000,
キビタキ,Unknown,6251.95,0.46,13.99,0.0000E+000,0.0000E+000,0.0000E+000,0.0000E+000,5.6275E-002,1.9220E-001,1.7493E-001,1.5674E-001,4.3077E-001,1.0000E+000,9.1744E-001,1.8148E-001,6.6886E-002,8.2841E-003,0.0000E+000,0.0000E+000,1.0000E+000,8.4380E-001,4.5647E-001,2.2533E-001,1.4899E-001,7.8133E-002,8.3612E-002,8.0997E-002,5.8350E-002,3.8316E-002,2.2096E-002,5.9844E-003,1.3923E-002,2.1752E-002,2.0769E-002,1.1089E-002,2.3929E-003,6.4728E-003,3.2753E-002,5.4954E-002,6.3387E-002,5.2574E-002,0.0000E+000,0.0000E+000,0.0000E+000,0.0000E+000,0.0000E+000,0.0000E+000,0.0000E+000,0.0000E+000,0.0000E+000,0.0000E+000,0.0000E+000,0.0000E+000,0.0000E+000,0.0000E+000,0.0000E+000,0.0000E+000,0.0000E+000,0.0000E+000,0.0000E+000,0.0000E+000,0.0000E+000,0.0000E+000,0.0000E+000,0.0000E+000,0.0000E+000,0.0000E+000,0.0000E+000,0.0000E+000,
キビタキ,Unknown,6261.03,0.37,22.51,0.0000E+000,0.0000E+000,0.0000E+000,0.0000E+000,3.0259E-002,9.8603E-002,9.9151E-002,7.0088E-002,9.6795E-002,3.5140E-001,3.0740E-001,1.0000E+000,9.8487E-001,4.3729E-002,0.0000E+000,0.0000E+000,1.0000E+000,9.3746E-001,7.3974E-001,6.0456E-001,4.8675E-001,3.0156E-001,2.3419E-001,1.9670E-001,1.3059E-001,1.0199E-001,8.0088E-002,4.6975E-002,3.3463E-002,3.1163E-002,3.0829E-002,2.7755E-002,2.5015E-002,2.1388E-002,1.6230E-002,1.4701E-002,1.5497E-002,1.7680E-002,0.0000E+000,0.0000E+000,0.0000E+000,0.0000E+000,0.0000E+000,0.0000E+000,0.0000E+000,0.0000E+000,0.0000E+000,0.0000E+000,0.0000E+000,0.0000E+000,0.0000E+000,0.0000E+000,0.0000E+000,0.0000E+000,0.0000E+000,0.0000E+000,0.0000E+000,0.0000E+000,0.0000E+000,0.0000E+000,0.0000E+000,0.0000E+000,0.0000E+000,0.0000E+000,0.0000E+000,0.0000E+000,
キビタキ,Unknown,6265.05,0.42,24.70,0.0000E+000,0.0000E+000,0.0000E+000,0.0000E+000,1.8371E-002,5.4037E-002,4.1698E-002,3.7196E-002,1.0689E-001,3.3498E-001,2.4718E-001,1.0000E+000,8.3390E-001,4.6433E-002,0.0000E+000,0.0000E+000,1.0000E+000,9.5665E-001,8.2051E-001,7.2772E-001,6.4361E-001,5.0093E-001,4.4235E-001,3.9948E-001,3.2107E-001,2.8553E-001,2.5455E-001,1.9801E-001,1.5282E-001,1.3320E-001,1.1714E-001,8.6708E-002,7.2329E-002,6.0543E-002,4.0351E-002,3.1945E-002,2.5620E-002,1.4430E-002,0.0000E+000,0.0000E+000,0.0000E+000,0.0000E+000,0.0000E+000,0.0000E+000,0.0000E+000,0.0000E+000,0.0000E+000,0.0000E+000,0.0000E+000,0.0000E+000,0.0000E+000,0.0000E+000,0.0000E+000,0.0000E+000,0.0000E+000,0.0000E+000,0.0000E+000,0.0000E+000,0.0000E+000,0.0000E+000,0.0000E+000,0.0000E+000,0.0000E+000,0.0000E+000,0.0000E+000,0.0000E+000,
キビタキ,Unknown,6267.04,0.49,18.72,0.0000E+000,0.0000E+000,0.0000E+000,0.0000E+000,3.2877E-002,1.6265E-001,1.3319E-001,1.1158E-001,3.1463E-001,6.4478E-001,1.0000E+000,9.5810E-002,5.6391E-002,8.8128E-003,0.0000E+000,0.0000E+000,1.0000E+000,8.3635E-001,4.4368E-001,2.1467E-001,1.8473E-001,1.9767E-001,2.4055E-001,2.2496E-001,1.6414E-001,1.1890E-001,8.3194E-002,3.4285E-002,2.1660E-002,2.2236E-002,2.1915E-002,2.2429E-002,2.3266E-002,2.2706E-002,1.5793E-002,9.4391E-003,5.3424E-003,2.4614E-003,0.0000E+000,0.0000E+000,0.0000E+000,0.0000E+000,0.0000E+000,0.0000E+000,0.0000E+000,0.0000E+000,0.0000E+000,0.0000E+000,0.0000E+000,0.0000E+000,0.0000E+000,0.0000E+000,0.0000E+000,0.0000E+000,0.0000E+000,0.0000E+000,0.0000E+000,0.0000E+000,0.0000E+000,0.0000E+000,0.0000E+000,0.0000E+000,0.0000E+000,0.0000E+000,0.0000E+000,0.0000E+000,
キビタキ,Unknown,6272.62,0.35,14.48,0.0000E+000,0.0000E+000,0.0000E+000,0.0000E+000,8.5061E-002,3.4740E-001,3.4173E-001,3.6841E-001,1.0000E+000,7.6908E-001,3.8735E-001,1.1906E-001,1.0861E-001,1.7557E-002,0.0000E+000,0.0000E+000,1.0000E+000,8.4797E-001,4.3889E-001,1.8183E-001,9.1247E-002,4.4540E-002,8.8419E-002,1.0354E-001,8.3567E-002,4.8482E-002,2.5553E-002,4.5641E-003,1.0744E-002,1.4985E-002,1.2696E-002,7.0434E-003,3.6807E-003,4.4757E-003,9.5737E-003,1.3877E-002,1.8438E-002,2.6252E-002,0.0000E+000,0.0000E+000,0.0000E+000,0.0000E+000,0.0000E+000,0.0000E+000,0.0000E+000,0.0000E+000,0.0000E+000,0.0000E+000,0.0000E+000,0.0000E+000,0.0000E+000,0.0000E+000,0.0000E+000,0.0000E+000,0.0000E+000,0.0000E+000,0.0000E+000,0.0000E+000,0.0000E+000,0.0000E+000,0.0000E+000,0.0000E+000,0.0000E+000,0.0000E+000,0.0000E+000,0.0000E+000,
キビタキ,Unknown,6283.04,0.44,23.77,0.0000E+000,0.0000E+000,0.0000E+000,0.0000E+000,1.6271E-002,6.2831E-002,4.8317E-002,3.9293E-002,8.0725E-002,3.4188E-001,3.8911E-001,8.0821E-001,1.0000E+000,1.3628E-001,0.0000E+000,0.0000E+000,1.0000E+000,9.4565E-001,7.7688E-001,6.6246E-001,5.6056E-001,3.8784E-001,3.1703E-001,2.6776E-001,1.8503E-001,1.5157E-001,1.2981E-001,9.3771E-002,6.9622E-002,5.9750E-002,5.1664E-002,3.5754E-002,2.7930E-002,2.0875E-002,9.0431E-003,4.2656E-003,2.3544E-003,3.1781E-004,0.0000E+000,0.0000E+000,0.0000E+000,0.0000E+000,0.0000E+000,0.0000E+000,0.0000E+000,0.0000E+000,0.0000E+000,0.0000E+000,0.0000E+000,0.0000E+000,0.0000E+000,0.0000E+000,0.0000E+000,0.0000E+000,0.0000E+000,0.0000E+000,0.0000E+000,0.0000E+000,0.0000E+000,0.0000E+000,0.0000E+000,0.0000E+000,0.0000E+000,0.0000E+000,0.0000E+000,0.0000E+000,
キビタキ,Unknown,6292.86,0.35,20.66,0.0000E+000,0.0000E+000,0.0000E+000,0.0000E+000,4.6928E-002,1.7333E-001,1.6024E-001,1.1656E-001,2.3980E-001,9.7398E-001,6.5559E-001,4.9706E-001,1.0000E+000,2.2728E-001,0.0000E+000,0.0000E+000,1.0000E+000,9.3186E-001,7.1195E-001,5.6019E-001,4.2228E-001,2.0876E-001,1.3317E-001,1.0620E-001,7.0178E-002,6.1119E-002,5.3084E-002,3.6389E-002,2.1855E-002,1.5980E-002,1.3488E-002,9.8723E-003,8.7495E-003,7.9953E-003,7.2797E-003,7.3183E-003,8.2766E-003,1.0398E-002,0.0000E+000,0.0000E+000,0.0000E+000,0.0000E+000,0.0000E+000,0.0000E+000,0.0000E+000,0.0000E+000,0.0000E+000,0.0000E+000,0.0000E+000,0.0000E+000,0.0000E+000,0.0000E+000,0.0000E+000,0.0000E+000,0.0000E+000,0.0000E+000,0.0000E+000,0.0000E+000,0.0000E+000,0.0000E+000,0.0000E+000,0.0000E+000,0.0000E+000,0.0000E+000,0.0000E+000,0.0000E+000,
キビタキ,キビタキ,6295.37,0.58,23.11,0.0000E+000,0.0000E+000,0.0000E+000,0.0000E+000,1.7893E-002,5.3302E-002,4.4391E-002,5.8514E-002,1.9638E-001,4.9724E-001,1.0000E+000,1.5846E-001,2.0451E-002,2.3017E-003,0.0000E+000,0.0000E+000,1.0000E+000,8.0010E-001,3.3822E-001,7.6225E-002,7.7180E-002,1.8220E-001,2.8626E-001,2.9522E-001,2.2604E-001,1.4789E-001,8.4348E-002,2.6909E-002,7.8379E-002,1.2374E-001,1.3287E-001,1.0066E-001,5.9341E-002,3.0124E-002,1.5602E-002,3.0299E-002,4.6029E-002,5.1626E-002,0.0000E+000,0.0000E+000,0.0000E+000,0.0000E+000,0.0000E+000,0.0000E+000,0.0000E+000,0.0000E+000,0.0000E+000,0.0000E+000,0.0000E+000,0.0000E+000,0.0000E+000,0.0000E+000,0.0000E+000,0.0000E+000,0.0000E+000,0.0000E+000,0.0000E+000,0.0000E+000,0.0000E+000,0.0000E+000,0.0000E+000,0.0000E+000,0.0000E+000,0.0000E+000,0.0000E+000,0.0000E+000,
キビタキ,Unknown,6303.89,0.33,25.40,0.0000E+000,0.0000E+000,0.0000E+000,0.0000E+000,2.0488E-002,5.9137E-002,4.9221E-002,4.2752E-002,1.1057E-001,4.9056E-001,4.0917E-001,4.8354E-001,1.0000E+000,1.4914E-001,0.0000E+000,0.0000E+000,1.0000E+000,9.6017E-001,8.2287E-001,7.2540E-001,6.1641E-001,4.2120E-001,3.3498E-001,2.7934E-001,1.9039E-001,1.5709E-001,1.3585E-001,9.8880E-002,7.0302E-002,5.7463E-002,4.7569E-002,3.1348E-002,2.5020E-002,2.1916E-002,1.7722E-002,1.6631E-002,1.6383E-002,1.6102E-002,0.0000E+000,0.0000E+000,0.0000E+000,0.0000E+000,0.0000E+000,0.0000E+000,0.0000E+000,0.0000E+000,0.0000E+000,0.0000E+000,0.0000E+000,0.0000E+000,0.0000E+000,0.0000E+000,0.0000E+000,0.0000E+000,0.0000E+000,0.0000E+000,0.0000E+000,0.0000E+000,0.0000E+000,0.0000E+000,0.0000E+000,0.0000E+000,0.0000E+000,0.0000E+000,0.0000E+000,0.0000E+000,
キビタキ,Unknown,6304.94,0.39,17.17,0.0000E+000,0.0000E+000,0.0000E+000,0.0000E+000,3.5985E-002,1.1066E-001,9.8164E-002,1.0076E-001,2.9281E-001,6.5123E-001,1.0000E+000,8.8480E-002,3.7899E-002,6.2296E-003,0.0000E+000,0.0000E+000,1.0000E+000,9.1396E-001,6.6522E-001,5.0253E-001,3.9838E-001,2.5954E-001,2.2485E-001,2.0612E-001,1.5913E-001,1.3087E-001,1.0169E-001,5.4677E-002,2.9437E-002,2.2030E-002,1.7914E-002,9.6796E-003,5.5623E-003,3.1160E-003,4.5461E-004,2.3957E-004,2.3403E-004,1.3851E-004,0.0000E+000,0.0000E+000,0.0000E+000,0.0000E+000,0.0000E+000,0.0000E+000,0.0000E+000,0.0000E+000,0.0000E+000,0.0000E+000,0.0000E+000,0.0000E+000,0.0000E+000,0.0000E+000,0.0000E+000,0.0000E+000,0.0000E+000,0.0000E+000,0.0000E+000,0.0000E+000,0.0000E+000,0.0000E+000,0.0000E+000,0.0000E+000,0.0000E+000,0.0000E+000,0.0000E+000,0.0000E+000,
キビタキ,Unknown,6313.30,0.67,22.82,0.0000E+000,0.0000E+000,0.0000E+000,0.0000E+000,3.1012E-002,1.2064E-001,9.7961E-002,1.3613E-001,4.0974E-001,7.4260E-001,1.0000E+000,1.2131E-001,3.8268E-002,5.7075E-003,0.0000E+000,0.0000E+000,1.0000E+000,7.8726E-001,3.1956E-001,6.4606E-002,4.5845E-002,5.2340E-002,7.7596E-002,6.1033E-002,2.9798E-002,1.5127E-002,2.4049E-002,4.8301E-002,5.9484E-002,5.5339E-002,4.0595E-002,1.5403E-002,4.9558E-003,5.9641E-003,1.5515E-002,2.4058E-002,2.2871E-002,1.3924E-002,0.0000E+000,0.0000E+000,0.0000E+000,0.0000E+000,0.0000E+000,0.0000E+000,0.0000E+000,0.0000E+000,0.0000E+000,0.0000E+000,0.0000E+000,0.0000E+000,0.0000E+000,0.0000E+000,0.0000E+000,0.0000E+000,0.0000E+000,0.0000E+000,0.0000E+000,0.0000E+000,0.0000E+000,0.0000E+000,0.0000E+000,0.0000E+000,0.0000E+000,0.0000E+000,0.0000E+000,0.0000E+000,
キビタキ,雑音,6346.41,0.56,14.03,0.0000E+000,0.0000E+000,0.0000E+000,0.0000E+000,9.9222E-002,3.1525E-001,2.7793E-001,2.5850E-001,4.3881E-001,6.9398E-001,1.0000E+000,2.5931E-001,1.1110E-001,1.7841E-002,0.0000E+000,0.0000E+000,1.0000E+000,7.3902E-001,2.4579E-001,1.3531E-002,1.1826E-001,2.4996E-001,2.7692E-001,1.6967E-001,3.9632E-002,1.6857E-002,7.9669E-002,1.3838E-001,7.9148E-002,2.4014E-002,1.8109E-002,3.0425E-002,4.8646E-002,4.9310E-002,3.6499E-002,2.3025E-002,1.3715E-002,1.7705E-002,0.0000E+000,0.0000E+000,0.0000E+000,0.0000E+000,0.0000E+000,0.0000E+000,0.0000E+000,0.0000E+000,0.0000E+000,0.0000E+000,0.0000E+000,0.0000E+000,0.0000E+000,0.0000E+000,0.0000E+000,0.0000E+000,0.0000E+000,0.0000E+000,0.0000E+000,0.0000E+000,0.0000E+000,0.0000E+000,0.0000E+000,0.0000E+000,0.0000E+000,0.0000E+000,0.0000E+000,0.0000E+000,
キビタキ,Unknown,6354.58,0.65,18.27,0.0000E+000,0.0000E+000,0.0000E+000,0.0000E+000,4.8130E-002,1.8522E-001,1.8320E-001,1.7402E-001,2.9864E-001,5.8261E-001,1.0000E+000,1.3611E-001,6.0085E-002,1.0383E-002,0.0000E+000,0.0000E+000,1.0000E+000,7.4546E-001,2.7679E-001,6.2660E-002,8.1402E-002,1.6992E-001,2.3970E-001,2.0106E-001,9.2207E-002,2.1987E-002,1.9310E-002,4.5584E-002,6.5772E-002,5.7008E-002,3.2062E-002,2.1592E-002,3.6068E-002,4.7273E-002,4.0043E-002,2.1607E-002,1.1904E-002,1.4714E-002,0.0000E+000,0.0000E+000,0.0000E+000,0.0000E+000,0.0000E+000,0.0000E+000,0.0000E+000,0.0000E+000,0.0000E+000,0.0000E+000,0.0000E+000,0.0000E+000,0.0000E+000,0.0000E+000,0.0000E+000,0.0000E+000,0.0000E+000,0.0000E+000,0.0000E+000,0.0000E+000,0.0000E+000,0.0000E+000,0.0000E+000,0.0000E+000,0.0000E+000,0.0000E+000,0.0000E+000,0.0000E+000,
キビタキ,Unknown,6366.87,0.35,17.59,0.0000E+000,0.0000E+000,0.0000E+000,0.0000E+000,4.5058E-002,1.3337E-001,1.0596E-001,1.1925E-001,1.6367E-001,4.1979E-001,1.0000E+000,1.3258E-001,4.9782E-002,7.6686E-003,0.0000E+000,0.0000E+000,1.0000E+000,9.0781E-001,6.4267E-001,4.6972E-001,3.6910E-001,2.4947E-001,2.3046E-001,2.1940E-001,1.8040E-001,1.5246E-001,1.3034E-001,1.0531E-001,1.0992E-001,1.1742E-001,1.2110E-001,1.1923E-001,1.1368E-001,1.0436E-001,8.8856E-002,8.2662E-002,8.0076E-002,7.5957E-002,0.0000E+000,0.0000E+000,0.0000E+000,0.0000E+000,0.0000E+000,0.0000E+000,0.0000E+000,0.0000E+000,0.0000E+000,0.0000E+000,0.0000E+000,0.0000E+000,0.0000E+000,0.0000E+000,0.0000E+000,0.0000E+000,0.0000E+000,0.0000E+000,0.0000E+000,0.0000E+000,0.0000E+000,0.0000E+000,0.0000E+000,0.0000E+000,0.0000E+000,0.0000E+000,0.0000E+000,0.0000E+000,
キビタキ,Unknown,6371.74,0.33,10.65,0.0000E+000,0.0000E+000,0.0000E+000,0.0000E+000,1.6521E-001,6.4244E-001,5.7396E-001,1.0000E+000,6.4894E-001,1.9577E-001,1.5400E-001,1.4209E-001,9.2250E-002,1.3608E-002,0.0000E+000,0.0000E+000,1.0000E+000,9.3016E-001,7.0420E-001,5.4809E-001,4.0487E-001,1.8090E-001,1.0015E-001,6.8812E-002,2.7292E-002,1.7113E-002,1.3449E-002,8.5278E-003,6.9093E-003,6.5487E-003,5.9673E-003,4.3298E-003,3.2736E-003,2.5661E-003,2.5630E-003,3.2674E-003,5.7501E-003,1.1412E-002,0.0000E+000,0.0000E+000,0.0000E+000,0.0000E+000,0.0000E+000,0.0000E+000,0.0000E+000,0.0000E+000,0.0000E+000,0.0000E+000,0.0000E+000,0.0000E+000,0.0000E+000,0.0000E+000,0.0000E+000,0.0000E+000,0.0000E+000,0.0000E+000,0.0000E+000,0.0000E+000,0.0000E+000,0.0000E+000,0.0000E+000,0.0000E+000,0.0000E+000,0.0000E+000,0.0000E+000,0.0000E+000,
キビタキ,Unknown,6396.45,0.53,20.01,0.0000E+000,0.0000E+000,0.0000E+000,0.0000E+000,2.7661E-002,1.2428E-001,1.2829E-001,1.4340E-001,2.1436E-001,4.5107E-001,1.0000E+000,9.0717E-002,4.3389E-002,7.0492E-003,0.0000E+000,0.0000E+000,1.0000E+000,7.6471E-001,2.6948E-001,9.5348E-003,1.2916E-001,3.9834E-001,5.4789E-001,4.3274E-001,1.6674E-001,1.5887E-002,5.4703E-002,1.7244E-001,2.0092E-001,1.5047E-001,7.8075E-002,3.4989E-002,6.4296E-002,1.1373E-001,1.3191E-001,1.0064E-001,5.7846E-002,5.2575E-002,0.0000E+000,0.0000E+000,0.0000E+000,0.0000E+000,0.0000E+000,0.0000E+000,0.0000E+000,0.0000E+000,0.0000E+000,0.0000E+000,0.0000E+000,0.0000E+000,0.0000E+000,0.0000E+000,0.0000E+000,0.0000E+000,0.0000E+000,0.0000E+000,0.0000E+000,0.0000E+000,0.0000E+000,0.0000E+000,0.0000E+000,0.0000E+000,0.0000E+000,0.0000E+000,0.0000E+000,0.0000E+000,
キビタキ,Unknown,6428.24,0.33,15.80,0.0000E+000,0.0000E+000,0.0000E+000,0.0000E+000,6.6154E-002,4.5810E-001,2.4899E-001,1.0000E+000,5.9590E-001,1.5558E-001,9.7593E-002,7.4084E-002,5.4675E-002,8.9990E-003,0.0000E+000,0.0000E+000,1.0000E+000,9.5109E-001,7.8317E-001,6.6416E-001,5.3506E-001,3.1443E-001,2.2289E-001,1.8029E-001,1.2848E-001,1.1928E-001,1.2353E-001,1.3434E-001,1.4664E-001,1.5239E-001,1.5642E-001,1.6188E-001,1.6332E-001,1.6270E-001,1.6159E-001,1.6109E-001,1.6233E-001,1.6583E-001,0.0000E+000,0.0000E+000,0.0000E+000,0.0000E+000,0.0000E+000,0.0000E+000,0.0000E+000,0.0000E+000,0.0000E+000,0.0000E+000,0.0000E+000,0.0000E+000,0.0000E+000,0.0000E+000,0.0000E+000,0.0000E+000,0.0000E+000,0.0000E+000,0.0000E+000,0.0000E+000,0.0000E+000,0.0000E+000,0.0000E+000,0.0000E+000,0.0000E+000,0.0000E+000,0.0000E+000,0.0000E+000,
キビタキ,Unknown,6785.43,0.42,2.81,0.0000E+000,0.0000E+000,0.0000E+000,0.0000E+000,1.9493E-001,1.0000E+000,7.5088E-001,6.1766E-001,5.4961E-001,5.0857E-001,3.8544E-001,3.4088E-001,2.3653E-001,3.7542E-002,0.0000E+000,0.0000E+000,1.0000E+000,8.8899E-001,5.7655E-001,3.7513E-001,2.5108E-001,8.4395E-002,4.1751E-002,3.1756E-002,2.2025E-002,2.2289E-002,2.2974E-002,2.0377E-002,1.1533E-002,5.9700E-003,3.4749E-003,3.8633E-003,6.7468E-003,1.2908E-002,2.6043E-002,3.3019E-002,3.5881E-002,3.5945E-002,0.0000E+000,0.0000E+000,0.0000E+000,0.0000E+000,0.0000E+000,0.0000E+000,0.0000E+000,0.0000E+000,0.0000E+000,0.0000E+000,0.0000E+000,0.0000E+000,0.0000E+000,0.0000E+000,0.0000E+000,0.0000E+000,0.0000E+000,0.0000E+000,0.0000E+000,0.0000E+000,0.0000E+000,0.0000E+000,0.0000E+000,0.0000E+000,0.0000E+000,0.0000E+000,0.0000E+000,0.0000E+000,
キビタキ,Unknown,6842.13,0.42,2.29,0.0000E+000,0.0000E+000,0.0000E+000,0.0000E+000,2.9976E-001,1.0000E+000,9.1438E-001,7.4728E-001,5.4403E-001,4.3105E-001,4.8617E-001,3.7671E-001,3.2562E-001,5.7822E-002,0.0000E+000,0.0000E+000,1.0000E+000,8.5049E-001,4.6028E-001,2.1956E-001,1.2951E-001,5.1600E-002,6.3735E-002,7.1362E-002,6.5709E-002,5.2429E-002,3.3407E-002,7.6017E-003,1.3962E-002,2.7104E-002,3.9591E-002,4.4837E-002,3.7595E-002,2.3028E-002,4.6864E-003,9.1289E-004,6.0241E-003,1.5083E-002,0.0000E+000,0.0000E+000,0.0000E+000,0.0000E+000,0.0000E+000,0.0000E+000,0.0000E+000,0.0000E+000,0.0000E+000,0.0000E+000,0.0000E+000,0.0000E+000,0.0000E+000,0.0000E+000,0.0000E+000,0.0000E+000,0.0000E+000,0.0000E+000,0.0000E+000,0.0000E+000,0.0000E+000,0.0000E+000,0.0000E+000,0.0000E+000,0.0000E+000,0.0000E+000,0.0000E+000,0.0000E+000,
キビタキ,Unknown,7075.00,0.56,11.45,0.0000E+000,0.0000E+000,0.0000E+000,0.0000E+000,1.4325E-001,4.2374E-001,3.1898E-001,2.7640E-001,2.8253E-001,3.1809E-001,1.0000E+000,9.2046E-001,4.9380E-001,9.3488E-002,0.0000E+000,0.0000E+000,1.0000E+000,7.8193E-001,3.3280E-001,1.0175E-001,7.4197E-002,4.7295E-002,4.7945E-002,3.2341E-002,9.6094E-003,2.4819E-003,2.7849E-003,3.4136E-003,4.9652E-003,6.1911E-003,6.5579E-003,8.3547E-003,9.7848E-003,1.4374E-002,2.6641E-002,3.4319E-002,3.8159E-002,3.4861E-002,0.0000E+000,0.0000E+000,0.0000E+000,0.0000E+000,0.0000E+000,0.0000E+000,0.0000E+000,0.0000E+000,0.0000E+000,0.0000E+000,0.0000E+000,0.0000E+000,0.0000E+000,0.0000E+000,0.0000E+000,0.0000E+000,0.0000E+000,0.0000E+000,0.0000E+000,0.0000E+000,0.0000E+000,0.0000E+000,0.0000E+000,0.0000E+000,0.0000E+000,0.0000E+000,0.0000E+000,0.0000E+000,
キビタキ,Unknown,7075.54,0.39,13.32,0.0000E+000,0.0000E+000,0.0000E+000,0.0000E+000,1.0198E-001,3.2388E-001,2.7566E-001,2.2024E-001,2.1132E-001,2.4186E-001,1.0000E+000,9.5763E-001,5.0110E-001,8.1249E-002,0.0000E+000,0.0000E+000,1.0000E+000,8.7620E-001,5.2795E-001,3.0349E-001,1.7967E-001,3.3299E-002,1.0750E-002,8.7373E-003,4.0114E-003,1.2984E-003,2.0995E-003,3.0274E-003,1.9765E-003,7.9870E-004,8.6542E-004,2.3167E-003,3.7012E-003,6.5945E-003,1.6483E-002,2.3477E-002,3.7328E-002,6.8185E-002,0.0000E+000,0.0000E+000,0.0000E+000,0.0000E+000,0.0000E+000,0.0000E+000,0.0000E+000,0.0000E+000,0.0000E+000,0.0000E+000,0.0000E+000,0.0000E+000,0.0000E+000,0.0000E+000,0.0000E+000,0.0000E+000,0.0000E+000,0.0000E+000,0.0000E+000,0.0000E+000,0.0000E+000,0.0000E+000,0.0000E+000,0.0000E+000,0.0000E+000,0.0000E+000,0.0000E+000,0.0000E+000,
キビタキ,Unknown,7077.16,0.46,12.59,0.0000E+000,0.0000E+000,0.0000E+000,0.0000E+000,5.2419E-002,1.7601E-001,1.5259E-001,1.1200E-001,1.0675E-001,1.1659E-001,8.0814E-001,1.0000E+000,4.3618E-001,5.7278E-002,0.0000E+000,0.0000E+000,1.0000E+000,8.1632E-001,3.7878E-001,1.2492E-001,6.3095E-002,1.2948E-002,2.4628E-002,2.2192E-002,1.3435E-002,7.1140E-003,8.0147E-003,1.2035E-002,1.0934E-002,6.7139E-003,4.8591E-003,1.2433E-002,2.1862E-002,2.8929E-002,3.1082E-002,2.6169E-002,1.6769E-002,3.7662E-003,0.0000E+000,0.0000E+000,0.0000E+000,0.0000E+000,0.0000E+000,0.0000E+000,0.0000E+000,0.0000E+000,0.0000E+000,0.0000E+000,0.0000E+000,0.0000E+000,0.0000E+000,0.0000E+000,0.0000E+000,0.0000E+000,0.0000E+000,0.0000E+000,0.0000E+000,0.0000E+000,0.0000E+000,0.0000E+000,0.0000E+000,0.0000E+000,0.0000E+000,0.0000E+000,0.0000E+000,0.0000E+000,
キビタキ,Unknown,7077.65,0.44,10.98,0.0000E+000,0.0000E+000,0.0000E+000,0.0000E+000,4.3953E-002,1.7110E-001,1.3947E-001,1.1720E-001,1.0246E-001,1.2593E-001,6.3667E-001,1.0000E+000,4.2894E-001,5.3129E-002,0.0000E+000,0.0000E+000,1.0000E+000,8.3991E-001,4.3651E-001,1.9320E-001,1.0543E-001,1.4243E-002,1.0821E-002,1.1433E-002,1.2534E-002,1.3023E-002,1.5228E-002,1.7484E-002,1.5094E-002,1.2652E-002,9.8199E-003,4.9530E-003,2.9186E-003,2.1386E-003,1.6367E-003,1.9148E-003,2.7799E-003,3.0914E-003,0.0000E+000,0.0000E+000,0.0000E+000,0.0000E+000,0.0000E+000,0.0000E+000,0.0000E+000,0.0000E+000,0.0000E+000,0.0000E+000,0.0000E+000,0.0000E+000,0.0000E+000,0.0000E+000,0.0000E+000,0.0000E+000,0.0000E+000,0.0000E+000,0.0000E+000,0.0000E+000,0.0000E+000,0.0000E+000,0.0000E+000,0.0000E+000,0.0000E+000,0.0000E+000,0.0000E+000,0.0000E+000,
キビタキ,Unknown,7079.62,0.46,13.31,0.0000E+000,0.0000E+000,0.0000E+000,0.0000E+000,4.0984E-002,1.2963E-001,1.1090E-001,8.6296E-002,8.2517E-002,8.1088E-002,5.0667E-001,1.0000E+000,4.4154E-001,4.3762E-002,0.0000E+000,0.0000E+000,1.0000E+000,8.2447E-001,4.0140E-001,1.5386E-001,8.1537E-002,1.1359E-002,1.3502E-002,1.8506E-002,2.4785E-002,2.6061E-002,2.0525E-002,1.0201E-002,4.3989E-003,3.3845E-003,5.3142E-003,1.2185E-002,1.7125E-002,2.0616E-002,2.3170E-002,2.2232E-002,2.2903E-002,2.9062E-002,0.0000E+000,0.0000E+000,0.0000E+000,0.0000E+000,0.0000E+000,0.0000E+000,0.0000E+000,0.0000E+000,0.0000E+000,0.0000E+000,0.0000E+000,0.0000E+000,0.0000E+000,0.0000E+000,0.0000E+000,0.0000E+000,0.0000E+000,0.0000E+000,0.0000E+000,0.0000E+000,0.0000E+000,0.0000E+000,0.0000E+000,0.0000E+000,0.0000E+000,0.0000E+000,0.0000E+000,0.0000E+000,
キビタキ,Unknown,7081.92,0.49,11.23,0.0000E+000,0.0000E+000,0.0000E+000,0.0000E+000,3.6095E-002,1.2844E-001,1.0835E-001,9.3217E-002,8.1625E-002,8.8046E-002,5.1644E-001,1.0000E+000,4.2031E-001,3.5321E-002,0.0000E+000,0.0000E+000,1.0000E+000,8.1934E-001,3.9401E-001,1.4934E-001,8.4303E-002,2.2043E-002,2.4824E-002,2.5298E-002,2.4063E-002,2.2355E-002,1.9409E-002,1.4555E-002,1.1575E-002,1.0503E-002,1.0756E-002,1.0607E-002,1.0204E-002,8.7566E-003,6.0483E-003,4.7880E-003,3.7342E-003,1.8624E-003,0.0000E+000,0.0000E+000,0.0000E+000,0.0000E+000,0.0000E+000,0.0000E+000,0.0000E+000,0.0000E+000,0.0000E+000,0.0000E+000,0.0000E+000,0.0000E+000,0.0000E+000,0.0000E+000,0.0000E+000,0.0000E+000,0.0000E+000,0.0000E+000,0.0000E+000,0.0000E+000,0.0000E+000,0.0000E+000,0.0000E+000,0.0000E+000,0.0000E+000,0.0000E+000,0.0000E+000,0.0000E+000,
キビタキ,Unknown,7082.43,0.39,12.21,0.0000E+000,0.0000E+000,0.0000E+000,0.0000E+000,2.5614E-002,1.3155E-001,1.0917E-001,9.0831E-002,9.1759E-002,9.5320E-002,7.2227E-001,1.0000E+000,4.1521E-001,3.0296E-002,0.0000E+000,0.0000E+000,1.0000E+000,8.8919E-001,5.7751E-001,3.7663E-001,2.5807E-001,1.0271E-001,6.5905E-002,5.2441E-002,3.2105E-002,2.5234E-002,2.3921E-002,2.2045E-002,1.7457E-002,1.3431E-002,8.9229E-003,3.3037E-003,2.1924E-003,2.8176E-003,3.7557E-003,4.0687E-003,4.0497E-003,4.0958E-003,0.0000E+000,0.0000E+000,0.0000E+000,0.0000E+000,0.0000E+000,0.0000E+000,0.0000E+000,0.0000E+000,0.0000E+000,0.0000E+000,0.0000E+000,0.0000E+000,0.0000E+000,0.0000E+000,0.0000E+000,0.0000E+000,0.0000E+000,0.0000E+000,0.0000E+000,0.0000E+000,0.0000E+000,0.0000E+000,0.0000E+000,0.0000E+000,0.0000E+000,0.0000E+000,0.0000E+000,0.0000E+000,
キビタキ,Unknown,7085.55,0.51,13.29,0.0000E+000,0.0000E+000,0.0000E+000,0.0000E+000,3.2828E-002,1.0739E-001,8.8892E-002,8.8566E-002,8.4149E-002,8.5175E-002,4.9532E-001,1.0000E+000,4.1896E-001,3.7195E-002,0.0000E+000,0.0000E+000,1.0000E+000,7.8306E-001,3.1971E-001,7.3298E-002,3.7691E-002,7.9156E-003,1.3747E-002,1.9493E-002,2.8058E-002,3.0877E-002,2.5160E-002,1.2564E-002,7.1776E-003,8.6719E-003,9.7665E-003,9.1666E-003,7.4723E-003,5.6146E-003,2.0969E-003,4.3691E-004,9.0957E-004,2.8098E-003,0.0000E+000,0.0000E+000,0.0000E+000,0.0000E+000,0.0000E+000,0.0000E+000,0.0000E+000,0.0000E+000,0.0000E+000,0.0000E+000,0.0000E+000,0.0000E+000,0.0000E+000,0.0000E+000,0.0000E+000,0.0000E+000,0.0000E+000,0.0000E+000,0.0000E+000,0.0000E+000,0.0000E+000,0.0000E+000,0.0000E+000,0.0000E+000,0.0000E+000,0.0000E+000,0.0000E+000,0.0000E+000,
キビタキ,Unknown,7093.60,0.51,11.57,0.0000E+000,0.0000E+000,0.0000E+000,0.0000E+000,5.0128E-002,1.3965E-001,1.2592E-001,1.0414E-001,9.0278E-002,9.8029E-002,4.8552E-001,1.0000E+000,3.7861E-001,3.2495E-002,0.0000E+000,0.0000E+000,1.0000E+000,7.9399E-001,3.4789E-001,1.0780E-001,6.1699E-002,1.2404E-002,9.2117E-003,6.3805E-003,3.0205E-003,2.4919E-003,4.7439E-003,7.8733E-003,7.0457E-003,5.3408E-003,6.8471E-003,9.6074E-003,1.0861E-002,1.0397E-002,1.1883E-002,1.3833E-002,1.6664E-002,1.6519E-002,0.0000E+000,0.0000E+000,0.0000E+000,0.0000E+000,0.0000E+000,0.0000E+000,0.0000E+000,0.0000E+000,0.0000E+000,0.0000E+000,0.0000E+000,0.0000E+000,0.0000E+000,0.0000E+000,0.0000E+000,0.0000E+000,0.0000E+000,0.0000E+000,0.0000E+000,0.0000E+000,0.0000E+000,0.0000E+000,0.0000E+000,0.0000E+000,0.0000E+000,0.0000E+000,0.0000E+000,0.0000E+000,
