File Path,C:\Users\multi\Desktop\test2012キビタキ\20120401_0500_0700_DS710174_0.wav
キビタキ,雑音,226.23,0.67,2.32,0.0000E+000,0.0000E+000,0.0000E+000,0.0000E+000,2.9759E-001,1.0000E+000,9.7886E-001,9.9056E-001,7.9822E-001,7.3209E-001,6.7102E-001,6.0100E-001,5.1368E-001,8.1413E-002,0.0000E+000,0.0000E+000,1.0000E+000,7.0763E-001,2.1961E-001,2.3952E-002,1.4844E-002,1.3555E-002,2.1375E-002,1.9162E-002,9.5383E-003,2.1289E-003,7.2383E-003,1.1421E-002,6.1873E-003,1.8813E-003,4.3051E-003,9.5632E-003,1.2397E-002,1.1428E-002,1.0094E-002,9.7282E-003,7.7874E-003,2.9979E-003,0.0000E+000,0.0000E+000,0.0000E+000,0.0000E+000,0.0000E+000,0.0000E+000,0.0000E+000,0.0000E+000,0.0000E+000,0.0000E+000,0.0000E+000,0.0000E+000,0.0000E+000,0.0000E+000,0.0000E+000,0.0000E+000,0.0000E+000,0.0000E+000,0.0000E+000,0.0000E+000,0.0000E+000,0.0000E+000,0.0000E+000,0.0000E+000,0.0000E+000,0.0000E+000,0.0000E+000,0.0000E+000,
キビタキ,雑音,226.88,0.37,0.83,0.0000E+000,0.0000E+000,0.0000E+000,0.0000E+000,2.8154E-001,1.0000E+000,9.5206E-001,8.2998E-001,7.2332E-001,6.6763E-001,6.6786E-001,5.5942E-001,4.8834E-001,6.1017E-002,0.0000E+000,0.0000E+000,1.0000E+000,8.7846E-001,5.3451E-001,3.1208E-001,1.8653E-001,3.9893E-002,1.8812E-002,2.3477E-002,2.8425E-002,2.8708E-002,2.6862E-002,2.1528E-002,1.3132E-002,8.2253E-003,5.3305E-003,2.8602E-003,3.2849E-003,4.2905E-003,5.0928E-003,4.8894E-003,5.2020E-003,7.3132E-003,0.0000E+000,0.0000E+000,0.0000E+000,0.0000E+000,0.0000E+000,0.0000E+000,0.0000E+000,0.0000E+000,0.0000E+000,0.0000E+000,0.0000E+000,0.0000E+000,0.0000E+000,0.0000E+000,0.0000E+000,0.0000E+000,0.0000E+000,0.0000E+000,0.0000E+000,0.0000E+000,0.0000E+000,0.0000E+000,0.0000E+000,0.0000E+000,0.0000E+000,0.0000E+000,0.0000E+000,0.0000E+000,
キビタキ,雑音,228.02,0.35,4.08,0.0000E+000,0.0000E+000,0.0000E+000,0.0000E+000,2.4860E-001,1.0000E+000,9.0708E-001,8.5212E-001,8.5532E-001,6.9610E-001,7.4061E-001,5.4187E-001,4.7767E-001,6.9090E-002,0.0000E+000,0.0000E+000,1.0000E+000,8.7904E-001,5.3259E-001,3.0708E-001,1.7750E-001,2.9957E-002,1.1996E-002,2.0816E-002,3.0099E-002,3.0563E-002,3.0242E-002,3.3681E-002,4.3168E-002,4.8895E-002,5.2311E-002,5.2368E-002,4.9009E-002,3.8727E-002,1.9609E-002,1.0774E-002,1.5442E-002,3.7340E-002,0.0000E+000,0.0000E+000,0.0000E+000,0.0000E+000,0.0000E+000,0.0000E+000,0.0000E+000,0.0000E+000,0.0000E+000,0.0000E+000,0.0000E+000,0.0000E+000,0.0000E+000,0.0000E+000,0.0000E+000,0.0000E+000,0.0000E+000,0.0000E+000,0.0000E+000,0.0000E+000,0.0000E+000,0.0000E+000,0.0000E+000,0.0000E+000,0.0000E+000,0.0000E+000,0.0000E+000,0.0000E+000,
キビタキ,雑音,635.18,0.35,1.94,0.0000E+000,0.0000E+000,0.0000E+000,0.0000E+000,3.1758E-001,1.0000E+000,8.6611E-001,8.4223E-001,7.8480E-001,6.7277E-001,7.2077E-001,6.0841E-001,4.6031E-001,7.2709E-002,0.0000E+000,0.0000E+000,1.0000E+000,8.9728E-001,5.9571E-001,3.9686E-001,2.6611E-001,9.5336E-002,5.5319E-002,4.5400E-002,2.7715E-002,1.9949E-002,1.6524E-002,1.3599E-002,1.4886E-002,1.5673E-002,1.4449E-002,1.0138E-002,7.0502E-003,5.5689E-003,6.1777E-003,8.2678E-003,9.7536E-003,8.6766E-003,0.0000E+000,0.0000E+000,0.0000E+000,0.0000E+000,0.0000E+000,0.0000E+000,0.0000E+000,0.0000E+000,0.0000E+000,0.0000E+000,0.0000E+000,0.0000E+000,0.0000E+000,0.0000E+000,0.0000E+000,0.0000E+000,0.0000E+000,0.0000E+000,0.0000E+000,0.0000E+000,0.0000E+000,0.0000E+000,0.0000E+000,0.0000E+000,0.0000E+000,0.0000E+000,0.0000E+000,0.0000E+000,
キビタキ,雑音,900.10,0.33,4.17,0.0000E+000,0.0000E+000,0.0000E+000,0.0000E+000,2.5195E-001,9.7917E-001,1.0000E+000,9.9080E-001,8.8124E-001,9.0245E-001,8.5808E-001,6.9830E-001,6.5585E-001,7.6883E-002,0.0000E+000,0.0000E+000,1.0000E+000,9.0612E-001,6.1711E-001,4.2198E-001,2.7345E-001,7.1451E-002,1.7975E-002,1.3224E-002,8.6794E-003,8.8857E-003,6.4710E-003,2.7619E-003,1.5558E-003,1.6440E-003,2.1522E-003,3.0656E-003,3.4710E-003,3.4292E-003,2.9850E-003,2.5826E-003,2.2276E-003,1.7671E-003,0.0000E+000,0.0000E+000,0.0000E+000,0.0000E+000,0.0000E+000,0.0000E+000,0.0000E+000,0.0000E+000,0.0000E+000,0.0000E+000,0.0000E+000,0.0000E+000,0.0000E+000,0.0000E+000,0.0000E+000,0.0000E+000,0.0000E+000,0.0000E+000,0.0000E+000,0.0000E+000,0.0000E+000,0.0000E+000,0.0000E+000,0.0000E+000,0.0000E+000,0.0000E+000,0.0000E+000,0.0000E+000,
キビタキ,雑音,1051.82,0.33,3.49,0.0000E+000,0.0000E+000,0.0000E+000,0.0000E+000,2.9894E-001,1.0000E+000,7.2039E-001,7.2592E-001,7.3642E-001,7.0462E-001,6.7194E-001,6.1621E-001,4.9839E-001,6.8102E-002,0.0000E+000,0.0000E+000,1.0000E+000,9.1682E-001,6.5603E-001,4.7841E-001,3.3112E-001,1.1485E-001,4.5871E-002,2.7646E-002,8.4516E-003,7.4824E-003,9.8255E-003,1.3557E-002,1.4666E-002,1.4388E-002,1.3075E-002,9.4036E-003,7.0455E-003,5.0863E-003,6.4057E-003,9.6843E-003,2.1170E-002,4.6896E-002,0.0000E+000,0.0000E+000,0.0000E+000,0.0000E+000,0.0000E+000,0.0000E+000,0.0000E+000,0.0000E+000,0.0000E+000,0.0000E+000,0.0000E+000,0.0000E+000,0.0000E+000,0.0000E+000,0.0000E+000,0.0000E+000,0.0000E+000,0.0000E+000,0.0000E+000,0.0000E+000,0.0000E+000,0.0000E+000,0.0000E+000,0.0000E+000,0.0000E+000,0.0000E+000,0.0000E+000,0.0000E+000,
キビタキ,雑音,1052.12,0.56,3.33,0.0000E+000,0.0000E+000,0.0000E+000,0.0000E+000,2.6723E-001,1.0000E+000,7.5629E-001,7.4551E-001,7.2864E-001,6.0298E-001,5.9609E-001,4.7837E-001,3.8779E-001,5.7090E-002,0.0000E+000,0.0000E+000,1.0000E+000,7.1559E-001,2.2017E-001,9.1659E-003,9.1271E-003,6.2425E-003,3.3967E-003,4.4183E-003,7.6573E-003,9.8746E-003,2.2237E-002,2.8869E-002,1.1618E-002,9.7650E-005,7.2754E-003,9.0796E-003,3.7062E-003,5.9220E-003,5.9935E-003,3.8492E-003,4.2243E-003,1.3249E-002,0.0000E+000,0.0000E+000,0.0000E+000,0.0000E+000,0.0000E+000,0.0000E+000,0.0000E+000,0.0000E+000,0.0000E+000,0.0000E+000,0.0000E+000,0.0000E+000,0.0000E+000,0.0000E+000,0.0000E+000,0.0000E+000,0.0000E+000,0.0000E+000,0.0000E+000,0.0000E+000,0.0000E+000,0.0000E+000,0.0000E+000,0.0000E+000,0.0000E+000,0.0000E+000,0.0000E+000,0.0000E+000,
キビタキ,Unknown,1053.07,0.84,3.62,0.0000E+000,0.0000E+000,0.0000E+000,0.0000E+000,2.6193E-001,1.0000E+000,9.5252E-001,8.2373E-001,7.7206E-001,6.5453E-001,7.2954E-001,6.2805E-001,5.5100E-001,8.8285E-002,0.0000E+000,0.0000E+000,1.0000E+000,5.5605E-001,1.0719E-001,4.9624E-003,7.3638E-003,4.7500E-003,8.2804E-003,1.3908E-002,1.5492E-002,2.2389E-002,2.7030E-002,1.9300E-002,9.7826E-003,3.3603E-003,2.8922E-004,3.8603E-003,1.3411E-002,1.9598E-002,1.6174E-002,1.2955E-002,1.7518E-002,2.2375E-002,0.0000E+000,0.0000E+000,0.0000E+000,0.0000E+000,0.0000E+000,0.0000E+000,0.0000E+000,0.0000E+000,0.0000E+000,0.0000E+000,0.0000E+000,0.0000E+000,0.0000E+000,0.0000E+000,0.0000E+000,0.0000E+000,0.0000E+000,0.0000E+000,0.0000E+000,0.0000E+000,0.0000E+000,0.0000E+000,0.0000E+000,0.0000E+000,0.0000E+000,0.0000E+000,0.0000E+000,0.0000E+000,
キビタキ,雑音,1054.35,0.42,5.31,0.0000E+000,0.0000E+000,0.0000E+000,0.0000E+000,2.7028E-001,1.0000E+000,9.2713E-001,8.3493E-001,7.1416E-001,5.8818E-001,5.9352E-001,5.2097E-001,5.3494E-001,8.3918E-002,0.0000E+000,0.0000E+000,1.0000E+000,8.6839E-001,5.1920E-001,3.0162E-001,1.9889E-001,7.5129E-002,5.4092E-002,4.5275E-002,3.0362E-002,2.4264E-002,2.3858E-002,2.6102E-002,3.0333E-002,3.1913E-002,3.0541E-002,2.6268E-002,2.3368E-002,2.3271E-002,2.5126E-002,2.7077E-002,2.4086E-002,1.4136E-002,0.0000E+000,0.0000E+000,0.0000E+000,0.0000E+000,0.0000E+000,0.0000E+000,0.0000E+000,0.0000E+000,0.0000E+000,0.0000E+000,0.0000E+000,0.0000E+000,0.0000E+000,0.0000E+000,0.0000E+000,0.0000E+000,0.0000E+000,0.0000E+000,0.0000E+000,0.0000E+000,0.0000E+000,0.0000E+000,0.0000E+000,0.0000E+000,0.0000E+000,0.0000E+000,0.0000E+000,0.0000E+000,
キビタキ,雑音,1054.86,0.33,3.02,0.0000E+000,0.0000E+000,0.0000E+000,0.0000E+000,2.7561E-001,1.0000E+000,9.1743E-001,8.6318E-001,8.3539E-001,7.4082E-001,7.5793E-001,6.9409E-001,5.6835E-001,7.8046E-002,0.0000E+000,0.0000E+000,1.0000E+000,9.0091E-001,5.9903E-001,3.9624E-001,2.4812E-001,5.3412E-002,6.8277E-003,8.6167E-003,1.3557E-002,1.6708E-002,1.3808E-002,7.7692E-003,3.9196E-003,3.2097E-003,5.0457E-003,1.0389E-002,1.3897E-002,1.7158E-002,2.1255E-002,2.2091E-002,1.9387E-002,1.1964E-002,0.0000E+000,0.0000E+000,0.0000E+000,0.0000E+000,0.0000E+000,0.0000E+000,0.0000E+000,0.0000E+000,0.0000E+000,0.0000E+000,0.0000E+000,0.0000E+000,0.0000E+000,0.0000E+000,0.0000E+000,0.0000E+000,0.0000E+000,0.0000E+000,0.0000E+000,0.0000E+000,0.0000E+000,0.0000E+000,0.0000E+000,0.0000E+000,0.0000E+000,0.0000E+000,0.0000E+000,0.0000E+000,
キビタキ,Unknown,1055.60,1.83,3.41,0.0000E+000,0.0000E+000,0.0000E+000,0.0000E+000,2.7051E-001,9.6992E-001,9.7925E-001,1.0000E+000,8.0966E-001,7.4411E-001,7.4091E-001,6.0099E-001,5.2849E-001,8.5225E-002,0.0000E+000,0.0000E+000,1.0000E+000,5.2705E-002,5.4059E-004,2.4991E-003,1.5622E-003,1.7773E-003,2.2105E-003,2.0517E-003,1.2737E-003,5.9380E-004,6.8925E-004,7.1232E-004,1.1602E-003,7.4800E-003,5.2998E-003,2.1484E-003,1.4592E-003,1.5267E-003,8.0771E-003,1.5815E-002,1.1520E-002,4.8274E-003,0.0000E+000,0.0000E+000,0.0000E+000,0.0000E+000,0.0000E+000,0.0000E+000,0.0000E+000,0.0000E+000,0.0000E+000,0.0000E+000,0.0000E+000,0.0000E+000,0.0000E+000,0.0000E+000,0.0000E+000,0.0000E+000,0.0000E+000,0.0000E+000,0.0000E+000,0.0000E+000,0.0000E+000,0.0000E+000,0.0000E+000,0.0000E+000,0.0000E+000,0.0000E+000,0.0000E+000,0.0000E+000,
キビタキ,雑音,1082.19,0.39,0.16,0.0000E+000,0.0000E+000,0.0000E+000,0.0000E+000,2.7377E-001,1.0000E+000,9.3299E-001,9.0766E-001,8.1854E-001,8.0228E-001,7.2319E-001,6.1500E-001,4.7703E-001,8.9862E-002,0.0000E+000,0.0000E+000,1.0000E+000,8.7666E-001,5.3774E-001,3.2216E-001,2.0449E-001,5.7940E-002,2.9062E-002,2.6908E-002,2.3897E-002,2.3041E-002,1.7905E-002,9.3269E-003,6.5658E-003,7.2466E-003,9.1210E-003,9.5538E-003,8.1122E-003,4.9978E-003,3.5649E-003,5.2465E-003,9.5111E-003,1.5000E-002,0.0000E+000,0.0000E+000,0.0000E+000,0.0000E+000,0.0000E+000,0.0000E+000,0.0000E+000,0.0000E+000,0.0000E+000,0.0000E+000,0.0000E+000,0.0000E+000,0.0000E+000,0.0000E+000,0.0000E+000,0.0000E+000,0.0000E+000,0.0000E+000,0.0000E+000,0.0000E+000,0.0000E+000,0.0000E+000,0.0000E+000,0.0000E+000,0.0000E+000,0.0000E+000,0.0000E+000,0.0000E+000,
キビタキ,雑音,1083.16,0.44,4.33,0.0000E+000,0.0000E+000,0.0000E+000,0.0000E+000,2.6949E-001,1.0000E+000,8.3208E-001,8.1628E-001,7.4950E-001,6.2821E-001,6.3972E-001,5.9537E-001,5.0336E-001,9.1625E-002,0.0000E+000,0.0000E+000,1.0000E+000,8.0896E-001,3.6850E-001,1.1907E-001,6.1461E-002,4.9434E-003,6.0369E-003,1.5987E-002,3.0942E-002,3.5947E-002,2.5857E-002,1.0452E-002,3.6744E-003,2.2115E-003,1.8086E-003,7.8763E-003,1.4347E-002,2.2625E-002,2.8557E-002,2.6212E-002,1.7270E-002,5.0745E-003,0.0000E+000,0.0000E+000,0.0000E+000,0.0000E+000,0.0000E+000,0.0000E+000,0.0000E+000,0.0000E+000,0.0000E+000,0.0000E+000,0.0000E+000,0.0000E+000,0.0000E+000,0.0000E+000,0.0000E+000,0.0000E+000,0.0000E+000,0.0000E+000,0.0000E+000,0.0000E+000,0.0000E+000,0.0000E+000,0.0000E+000,0.0000E+000,0.0000E+000,0.0000E+000,0.0000E+000,0.0000E+000,
キビタキ,雑音,1084.02,0.39,0.92,0.0000E+000,0.0000E+000,0.0000E+000,0.0000E+000,2.1672E-001,1.0000E+000,9.1559E-001,9.7984E-001,8.4133E-001,6.5504E-001,6.9513E-001,6.2057E-001,4.9611E-001,6.8016E-002,0.0000E+000,0.0000E+000,1.0000E+000,8.5644E-001,4.7346E-001,2.3404E-001,1.2922E-001,2.3340E-002,2.2277E-002,3.2031E-002,4.1886E-002,4.1987E-002,3.8418E-002,3.2434E-002,2.8840E-002,2.7661E-002,2.6439E-002,2.4841E-002,2.4466E-002,2.5506E-002,2.6373E-002,2.6199E-002,2.2248E-002,1.3120E-002,0.0000E+000,0.0000E+000,0.0000E+000,0.0000E+000,0.0000E+000,0.0000E+000,0.0000E+000,0.0000E+000,0.0000E+000,0.0000E+000,0.0000E+000,0.0000E+000,0.0000E+000,0.0000E+000,0.0000E+000,0.0000E+000,0.0000E+000,0.0000E+000,0.0000E+000,0.0000E+000,0.0000E+000,0.0000E+000,0.0000E+000,0.0000E+000,0.0000E+000,0.0000E+000,0.0000E+000,0.0000E+000,
キビタキ,雑音,1669.26,0.42,0.21,0.0000E+000,0.0000E+000,0.0000E+000,0.0000E+000,2.5244E-001,1.0000E+000,8.4693E-001,8.8284E-001,7.0370E-001,6.4551E-001,6.7503E-001,5.0213E-001,5.3171E-001,7.9456E-002,0.0000E+000,0.0000E+000,1.0000E+000,8.5615E-001,4.7584E-001,2.3938E-001,1.3281E-001,1.3457E-002,6.6827E-004,1.7003E-003,2.2237E-003,1.7152E-003,2.0820E-003,4.3652E-003,9.1922E-003,1.2103E-002,1.4426E-002,1.7049E-002,1.7348E-002,1.7551E-002,1.8753E-002,1.9752E-002,2.0173E-002,2.0485E-002,0.0000E+000,0.0000E+000,0.0000E+000,0.0000E+000,0.0000E+000,0.0000E+000,0.0000E+000,0.0000E+000,0.0000E+000,0.0000E+000,0.0000E+000,0.0000E+000,0.0000E+000,0.0000E+000,0.0000E+000,0.0000E+000,0.0000E+000,0.0000E+000,0.0000E+000,0.0000E+000,0.0000E+000,0.0000E+000,0.0000E+000,0.0000E+000,0.0000E+000,0.0000E+000,0.0000E+000,0.0000E+000,
キビタキ,雑音,2546.11,1.21,4.24,0.0000E+000,0.0000E+000,0.0000E+000,0.0000E+000,4.3731E-001,1.0000E+000,8.3946E-001,7.9887E-001,7.8602E-001,7.8053E-001,7.5415E-001,6.4743E-001,5.5947E-001,8.5448E-002,0.0000E+000,0.0000E+000,1.0000E+000,4.1242E-001,6.3869E-002,2.8614E-002,2.9192E-002,2.0501E-002,1.7409E-002,1.5001E-002,1.2988E-002,1.0378E-002,8.7591E-003,8.9080E-003,1.4257E-002,2.2637E-002,2.4973E-002,1.4956E-002,1.4420E-002,1.5765E-002,1.0799E-002,3.4738E-003,9.1582E-004,2.0842E-003,0.0000E+000,0.0000E+000,0.0000E+000,0.0000E+000,0.0000E+000,0.0000E+000,0.0000E+000,0.0000E+000,0.0000E+000,0.0000E+000,0.0000E+000,0.0000E+000,0.0000E+000,0.0000E+000,0.0000E+000,0.0000E+000,0.0000E+000,0.0000E+000,0.0000E+000,0.0000E+000,0.0000E+000,0.0000E+000,0.0000E+000,0.0000E+000,0.0000E+000,0.0000E+000,0.0000E+000,0.0000E+000,
キビタキ,雑音,2547.30,0.37,9.63,0.0000E+000,0.0000E+000,0.0000E+000,0.0000E+000,2.6451E-001,8.6452E-001,7.2012E-001,6.5080E-001,6.3822E-001,7.9246E-001,8.7239E-001,1.0000E+000,5.5836E-001,8.7412E-002,0.0000E+000,0.0000E+000,1.0000E+000,8.5807E-001,4.7694E-001,2.3774E-001,1.2832E-001,1.2809E-002,6.7091E-003,2.1899E-002,4.9008E-002,6.0926E-002,5.3713E-002,3.0684E-002,1.1283E-002,7.6971E-003,1.3833E-002,2.5561E-002,3.1154E-002,2.9867E-002,2.1586E-002,1.4592E-002,9.2803E-003,2.6343E-003,0.0000E+000,0.0000E+000,0.0000E+000,0.0000E+000,0.0000E+000,0.0000E+000,0.0000E+000,0.0000E+000,0.0000E+000,0.0000E+000,0.0000E+000,0.0000E+000,0.0000E+000,0.0000E+000,0.0000E+000,0.0000E+000,0.0000E+000,0.0000E+000,0.0000E+000,0.0000E+000,0.0000E+000,0.0000E+000,0.0000E+000,0.0000E+000,0.0000E+000,0.0000E+000,0.0000E+000,0.0000E+000,
キビタキ,雑音,2547.65,0.33,1.27,0.0000E+000,0.0000E+000,0.0000E+000,0.0000E+000,3.5883E-001,1.0000E+000,8.1949E-001,7.8578E-001,6.6953E-001,6.2900E-001,6.6343E-001,5.4622E-001,4.5774E-001,6.3030E-002,0.0000E+000,0.0000E+000,1.0000E+000,8.8464E-001,5.4538E-001,3.2149E-001,1.8283E-001,2.4807E-002,5.4510E-003,2.0540E-002,3.6454E-002,3.7277E-002,3.2958E-002,2.8081E-002,2.6160E-002,2.4795E-002,2.0822E-002,1.2290E-002,7.7304E-003,4.5491E-003,4.8350E-003,8.3022E-003,2.3718E-002,6.0259E-002,0.0000E+000,0.0000E+000,0.0000E+000,0.0000E+000,0.0000E+000,0.0000E+000,0.0000E+000,0.0000E+000,0.0000E+000,0.0000E+000,0.0000E+000,0.0000E+000,0.0000E+000,0.0000E+000,0.0000E+000,0.0000E+000,0.0000E+000,0.0000E+000,0.0000E+000,0.0000E+000,0.0000E+000,0.0000E+000,0.0000E+000,0.0000E+000,0.0000E+000,0.0000E+000,0.0000E+000,0.0000E+000,
キビタキ,雑音,2548.60,0.35,3.57,0.0000E+000,0.0000E+000,0.0000E+000,0.0000E+000,2.8671E-001,8.4311E-001,1.0000E+000,7.8681E-001,7.8901E-001,7.3987E-001,7.3307E-001,5.6537E-001,5.4271E-001,1.1448E-001,0.0000E+000,0.0000E+000,1.0000E+000,8.7803E-001,5.3157E-001,3.0709E-001,1.7869E-001,2.5421E-002,5.5339E-004,6.9966E-004,8.2314E-004,8.0034E-004,3.4466E-003,8.7040E-003,1.2160E-002,1.3006E-002,1.3793E-002,1.9345E-002,2.4109E-002,3.3929E-002,5.1364E-002,5.8980E-002,5.4508E-002,3.5121E-002,0.0000E+000,0.0000E+000,0.0000E+000,0.0000E+000,0.0000E+000,0.0000E+000,0.0000E+000,0.0000E+000,0.0000E+000,0.0000E+000,0.0000E+000,0.0000E+000,0.0000E+000,0.0000E+000,0.0000E+000,0.0000E+000,0.0000E+000,0.0000E+000,0.0000E+000,0.0000E+000,0.0000E+000,0.0000E+000,0.0000E+000,0.0000E+000,0.0000E+000,0.0000E+000,0.0000E+000,0.0000E+000,
キビタキ,雑音,2654.02,0.39,0.43,0.0000E+000,0.0000E+000,0.0000E+000,0.0000E+000,1.9547E-001,8.8450E-001,1.0000E+000,8.8412E-001,7.4941E-001,7.5391E-001,9.1050E-001,7.1083E-001,5.4599E-001,7.4225E-002,0.0000E+000,0.0000E+000,1.0000E+000,8.5802E-001,4.8004E-001,2.4404E-001,1.3614E-001,1.4784E-002,1.3277E-003,3.6769E-003,1.0307E-002,1.4589E-002,1.7477E-002,2.0982E-002,2.0789E-002,1.9980E-002,1.7793E-002,1.3736E-002,1.1866E-002,1.1319E-002,1.0724E-002,1.0675E-002,1.0156E-002,8.8774E-003,0.0000E+000,0.0000E+000,0.0000E+000,0.0000E+000,0.0000E+000,0.0000E+000,0.0000E+000,0.0000E+000,0.0000E+000,0.0000E+000,0.0000E+000,0.0000E+000,0.0000E+000,0.0000E+000,0.0000E+000,0.0000E+000,0.0000E+000,0.0000E+000,0.0000E+000,0.0000E+000,0.0000E+000,0.0000E+000,0.0000E+000,0.0000E+000,0.0000E+000,0.0000E+000,0.0000E+000,0.0000E+000,
キビタキ,雑音,2654.74,0.44,4.74,0.0000E+000,0.0000E+000,0.0000E+000,0.0000E+000,2.1495E-001,1.0000E+000,8.2895E-001,8.5399E-001,6.7869E-001,6.6324E-001,8.7718E-001,8.1627E-001,5.3378E-001,7.7647E-002,0.0000E+000,0.0000E+000,1.0000E+000,8.2272E-001,3.9460E-001,1.4375E-001,7.2633E-002,6.5501E-003,1.1585E-002,1.3885E-002,1.7552E-002,1.8919E-002,1.8931E-002,1.6209E-002,1.3806E-002,1.4138E-002,1.9695E-002,2.9584E-002,3.3915E-002,2.9471E-002,1.6162E-002,7.2965E-003,1.3136E-002,4.2329E-002,0.0000E+000,0.0000E+000,0.0000E+000,0.0000E+000,0.0000E+000,0.0000E+000,0.0000E+000,0.0000E+000,0.0000E+000,0.0000E+000,0.0000E+000,0.0000E+000,0.0000E+000,0.0000E+000,0.0000E+000,0.0000E+000,0.0000E+000,0.0000E+000,0.0000E+000,0.0000E+000,0.0000E+000,0.0000E+000,0.0000E+000,0.0000E+000,0.0000E+000,0.0000E+000,0.0000E+000,0.0000E+000,
キビタキ,雑音,2655.46,0.35,4.73,0.0000E+000,0.0000E+000,0.0000E+000,0.0000E+000,2.8693E-001,9.4548E-001,8.9356E-001,9.7129E-001,9.1968E-001,9.7742E-001,1.0000E+000,7.6072E-001,6.8882E-001,7.9956E-002,0.0000E+000,0.0000E+000,1.0000E+000,8.8307E-001,5.4750E-001,3.2887E-001,1.9755E-001,3.5455E-002,4.6904E-003,2.8171E-003,1.4794E-003,2.0151E-003,4.5979E-003,7.9965E-003,7.7378E-003,6.6631E-003,5.7127E-003,3.8327E-003,2.9031E-003,1.9980E-003,6.4443E-004,1.9609E-004,1.9389E-004,6.7256E-004,0.0000E+000,0.0000E+000,0.0000E+000,0.0000E+000,0.0000E+000,0.0000E+000,0.0000E+000,0.0000E+000,0.0000E+000,0.0000E+000,0.0000E+000,0.0000E+000,0.0000E+000,0.0000E+000,0.0000E+000,0.0000E+000,0.0000E+000,0.0000E+000,0.0000E+000,0.0000E+000,0.0000E+000,0.0000E+000,0.0000E+000,0.0000E+000,0.0000E+000,0.0000E+000,0.0000E+000,0.0000E+000,
キビタキ,雑音,2707.40,0.37,3.87,0.0000E+000,0.0000E+000,0.0000E+000,0.0000E+000,2.7508E-001,1.0000E+000,8.2079E-001,9.8205E-001,8.5544E-001,7.6050E-001,8.0126E-001,8.0611E-001,6.5395E-001,8.1118E-002,0.0000E+000,0.0000E+000,1.0000E+000,8.8686E-001,5.6111E-001,3.4850E-001,2.1594E-001,4.7094E-002,1.0801E-002,9.4535E-003,1.2272E-002,1.6438E-002,1.8790E-002,1.9714E-002,1.5689E-002,1.3091E-002,1.1464E-002,8.6108E-003,7.3849E-003,6.5327E-003,6.6395E-003,7.5985E-003,9.2646E-003,1.0971E-002,0.0000E+000,0.0000E+000,0.0000E+000,0.0000E+000,0.0000E+000,0.0000E+000,0.0000E+000,0.0000E+000,0.0000E+000,0.0000E+000,0.0000E+000,0.0000E+000,0.0000E+000,0.0000E+000,0.0000E+000,0.0000E+000,0.0000E+000,0.0000E+000,0.0000E+000,0.0000E+000,0.0000E+000,0.0000E+000,0.0000E+000,0.0000E+000,0.0000E+000,0.0000E+000,0.0000E+000,0.0000E+000,
キビタキ,雑音,2730.62,0.35,6.24,0.0000E+000,0.0000E+000,0.0000E+000,0.0000E+000,2.1902E-001,9.3111E-001,8.3559E-001,1.0000E+000,8.0426E-001,6.4700E-001,7.3882E-001,7.1532E-001,5.3102E-001,8.2821E-002,0.0000E+000,0.0000E+000,1.0000E+000,9.0895E-001,6.3399E-001,4.5008E-001,3.1237E-001,1.1680E-001,5.8948E-002,4.3569E-002,2.6148E-002,2.4105E-002,2.5183E-002,2.8930E-002,3.7079E-002,4.2559E-002,5.0726E-002,6.7482E-002,7.6070E-002,8.1345E-002,8.6047E-002,8.5474E-002,7.9987E-002,6.8095E-002,0.0000E+000,0.0000E+000,0.0000E+000,0.0000E+000,0.0000E+000,0.0000E+000,0.0000E+000,0.0000E+000,0.0000E+000,0.0000E+000,0.0000E+000,0.0000E+000,0.0000E+000,0.0000E+000,0.0000E+000,0.0000E+000,0.0000E+000,0.0000E+000,0.0000E+000,0.0000E+000,0.0000E+000,0.0000E+000,0.0000E+000,0.0000E+000,0.0000E+000,0.0000E+000,0.0000E+000,0.0000E+000,
キビタキ,Unknown,3104.37,0.51,14.71,0.0000E+000,0.0000E+000,0.0000E+000,0.0000E+000,1.3154E-001,5.3643E-001,3.9498E-001,3.8867E-001,3.6313E-001,3.6859E-001,3.7834E-001,1.0000E+000,4.2164E-001,4.9168E-002,0.0000E+000,0.0000E+000,1.0000E+000,7.7430E-001,3.0810E-001,6.7600E-002,4.9259E-002,7.4071E-002,1.1722E-001,1.0695E-001,5.6653E-002,1.6634E-002,9.7411E-003,8.2942E-003,1.6932E-002,2.0125E-002,1.3861E-002,4.6702E-003,1.7434E-003,1.1902E-002,3.9132E-002,5.6203E-002,6.1160E-002,5.3477E-002,0.0000E+000,0.0000E+000,0.0000E+000,0.0000E+000,0.0000E+000,0.0000E+000,0.0000E+000,0.0000E+000,0.0000E+000,0.0000E+000,0.0000E+000,0.0000E+000,0.0000E+000,0.0000E+000,0.0000E+000,0.0000E+000,0.0000E+000,0.0000E+000,0.0000E+000,0.0000E+000,0.0000E+000,0.0000E+000,0.0000E+000,0.0000E+000,0.0000E+000,0.0000E+000,0.0000E+000,0.0000E+000,
キビタキ,雑音,3104.86,0.39,11.33,0.0000E+000,0.0000E+000,0.0000E+000,0.0000E+000,1.9639E-001,6.3928E-001,5.3887E-001,5.4155E-001,4.9944E-001,4.6529E-001,6.6185E-001,1.0000E+000,5.4524E-001,6.7814E-002,0.0000E+000,0.0000E+000,1.0000E+000,8.5231E-001,4.7816E-001,2.5170E-001,1.7027E-001,7.5327E-002,6.1820E-002,5.9769E-002,8.4078E-002,1.1044E-001,1.1260E-001,8.2587E-002,3.4858E-002,1.9311E-002,1.8747E-002,1.8448E-002,1.8712E-002,2.8389E-002,3.9947E-002,4.1829E-002,2.8971E-002,1.4042E-002,0.0000E+000,0.0000E+000,0.0000E+000,0.0000E+000,0.0000E+000,0.0000E+000,0.0000E+000,0.0000E+000,0.0000E+000,0.0000E+000,0.0000E+000,0.0000E+000,0.0000E+000,0.0000E+000,0.0000E+000,0.0000E+000,0.0000E+000,0.0000E+000,0.0000E+000,0.0000E+000,0.0000E+000,0.0000E+000,0.0000E+000,0.0000E+000,0.0000E+000,0.0000E+000,0.0000E+000,0.0000E+000,
キビタキ,雑音,3106.06,0.46,9.49,0.0000E+000,0.0000E+000,0.0000E+000,0.0000E+000,1.5676E-001,7.0689E-001,6.1624E-001,6.2925E-001,5.1013E-001,4.8707E-001,7.8404E-001,1.0000E+000,4.5779E-001,6.7088E-002,0.0000E+000,0.0000E+000,1.0000E+000,8.1690E-001,3.7984E-001,1.2587E-001,6.6244E-002,1.8395E-002,3.0173E-002,2.1597E-002,7.7648E-003,2.5088E-003,2.4825E-002,7.0972E-002,9.5444E-002,9.6086E-002,8.3994E-002,5.1055E-002,3.0210E-002,1.5254E-002,1.0713E-002,2.1127E-002,3.4982E-002,3.9431E-002,0.0000E+000,0.0000E+000,0.0000E+000,0.0000E+000,0.0000E+000,0.0000E+000,0.0000E+000,0.0000E+000,0.0000E+000,0.0000E+000,0.0000E+000,0.0000E+000,0.0000E+000,0.0000E+000,0.0000E+000,0.0000E+000,0.0000E+000,0.0000E+000,0.0000E+000,0.0000E+000,0.0000E+000,0.0000E+000,0.0000E+000,0.0000E+000,0.0000E+000,0.0000E+000,0.0000E+000,0.0000E+000,
キビタキ,雑音,3106.57,0.35,3.92,0.0000E+000,0.0000E+000,0.0000E+000,0.0000E+000,2.4079E-001,1.0000E+000,9.6990E-001,8.9602E-001,7.8846E-001,6.1147E-001,8.9615E-001,9.9861E-001,5.9407E-001,1.0021E-001,0.0000E+000,0.0000E+000,1.0000E+000,8.8928E-001,5.6364E-001,3.4872E-001,2.0978E-001,3.6396E-002,1.9652E-003,2.9175E-003,5.2172E-003,6.5646E-003,1.0426E-002,1.8690E-002,2.2376E-002,2.1660E-002,1.8109E-002,1.4422E-002,1.4286E-002,1.7078E-002,1.9273E-002,1.8674E-002,1.3952E-002,5.5721E-003,0.0000E+000,0.0000E+000,0.0000E+000,0.0000E+000,0.0000E+000,0.0000E+000,0.0000E+000,0.0000E+000,0.0000E+000,0.0000E+000,0.0000E+000,0.0000E+000,0.0000E+000,0.0000E+000,0.0000E+000,0.0000E+000,0.0000E+000,0.0000E+000,0.0000E+000,0.0000E+000,0.0000E+000,0.0000E+000,0.0000E+000,0.0000E+000,0.0000E+000,0.0000E+000,0.0000E+000,0.0000E+000,
キビタキ,雑音,3877.01,0.42,1.84,0.0000E+000,0.0000E+000,0.0000E+000,0.0000E+000,2.3657E-001,8.4674E-001,6.9251E-001,7.6685E-001,5.7097E-001,5.9765E-001,8.4742E-001,1.0000E+000,4.8454E-001,6.6506E-002,0.0000E+000,0.0000E+000,1.0000E+000,8.1677E-001,3.8607E-001,1.3859E-001,7.2284E-002,4.1793E-003,2.3797E-003,9.4161E-003,1.6538E-002,1.6623E-002,1.1337E-002,6.7462E-003,4.8312E-003,2.2208E-003,4.0663E-003,7.5305E-003,9.1492E-003,5.1836E-003,2.7194E-003,4.2207E-003,7.4915E-003,8.0547E-003,0.0000E+000,0.0000E+000,0.0000E+000,0.0000E+000,0.0000E+000,0.0000E+000,0.0000E+000,0.0000E+000,0.0000E+000,0.0000E+000,0.0000E+000,0.0000E+000,0.0000E+000,0.0000E+000,0.0000E+000,0.0000E+000,0.0000E+000,0.0000E+000,0.0000E+000,0.0000E+000,0.0000E+000,0.0000E+000,0.0000E+000,0.0000E+000,0.0000E+000,0.0000E+000,0.0000E+000,0.0000E+000,
キビタキ,雑音,3884.00,0.35,0.71,0.0000E+000,0.0000E+000,0.0000E+000,0.0000E+000,2.4397E-001,1.0000E+000,9.5554E-001,9.5796E-001,8.0899E-001,7.2691E-001,7.1172E-001,7.1640E-001,5.5886E-001,8.8016E-002,0.0000E+000,0.0000E+000,1.0000E+000,8.7846E-001,5.3215E-001,3.0738E-001,1.7763E-001,2.3939E-002,4.6554E-006,3.3101E-003,7.2570E-003,7.8984E-003,7.1403E-003,4.6450E-003,1.6490E-003,3.9028E-004,1.9871E-004,1.1885E-004,2.3056E-004,1.1737E-003,3.7626E-003,5.4082E-003,6.8082E-003,9.7597E-003,0.0000E+000,0.0000E+000,0.0000E+000,0.0000E+000,0.0000E+000,0.0000E+000,0.0000E+000,0.0000E+000,0.0000E+000,0.0000E+000,0.0000E+000,0.0000E+000,0.0000E+000,0.0000E+000,0.0000E+000,0.0000E+000,0.0000E+000,0.0000E+000,0.0000E+000,0.0000E+000,0.0000E+000,0.0000E+000,0.0000E+000,0.0000E+000,0.0000E+000,0.0000E+000,0.0000E+000,0.0000E+000,
キビタキ,雑音,4275.19,0.53,4.61,0.0000E+000,0.0000E+000,0.0000E+000,0.0000E+000,3.0393E-001,1.0000E+000,9.1310E-001,9.4173E-001,7.9730E-001,6.7672E-001,6.0791E-001,5.5630E-001,4.9796E-001,7.4151E-002,0.0000E+000,0.0000E+000,1.0000E+000,7.4731E-001,2.6171E-001,2.8801E-002,1.7099E-002,3.6892E-003,1.9809E-003,4.3344E-003,3.7218E-003,7.5575E-004,3.8037E-003,1.1337E-002,1.1737E-002,7.6513E-003,5.2157E-003,2.6998E-003,2.6195E-003,5.1498E-003,1.9622E-002,3.1564E-002,2.8233E-002,1.4660E-002,0.0000E+000,0.0000E+000,0.0000E+000,0.0000E+000,0.0000E+000,0.0000E+000,0.0000E+000,0.0000E+000,0.0000E+000,0.0000E+000,0.0000E+000,0.0000E+000,0.0000E+000,0.0000E+000,0.0000E+000,0.0000E+000,0.0000E+000,0.0000E+000,0.0000E+000,0.0000E+000,0.0000E+000,0.0000E+000,0.0000E+000,0.0000E+000,0.0000E+000,0.0000E+000,0.0000E+000,0.0000E+000,
キビタキ,雑音,4276.37,0.42,3.46,0.0000E+000,0.0000E+000,0.0000E+000,0.0000E+000,2.2105E-001,9.0570E-001,8.7033E-001,1.0000E+000,7.8126E-001,7.4721E-001,6.4022E-001,5.7461E-001,4.9880E-001,7.3980E-002,0.0000E+000,0.0000E+000,1.0000E+000,8.4006E-001,4.3882E-001,1.9753E-001,1.1029E-001,1.6245E-002,9.4339E-003,6.9662E-003,2.5213E-003,5.4407E-004,2.9722E-003,8.2433E-003,1.0764E-002,1.0442E-002,1.0720E-002,1.2154E-002,1.3310E-002,1.3960E-002,1.3685E-002,1.2761E-002,1.0566E-002,6.3639E-003,0.0000E+000,0.0000E+000,0.0000E+000,0.0000E+000,0.0000E+000,0.0000E+000,0.0000E+000,0.0000E+000,0.0000E+000,0.0000E+000,0.0000E+000,0.0000E+000,0.0000E+000,0.0000E+000,0.0000E+000,0.0000E+000,0.0000E+000,0.0000E+000,0.0000E+000,0.0000E+000,0.0000E+000,0.0000E+000,0.0000E+000,0.0000E+000,0.0000E+000,0.0000E+000,0.0000E+000,0.0000E+000,
キビタキ,Unknown,4276.77,1.07,8.65,0.0000E+000,0.0000E+000,0.0000E+000,0.0000E+000,2.2457E-001,8.9690E-001,8.0129E-001,1.0000E+000,7.0323E-001,6.5034E-001,6.4416E-001,5.5268E-001,4.3275E-001,6.7861E-002,0.0000E+000,0.0000E+000,1.0000E+000,3.3966E-001,2.5978E-002,1.6381E-002,4.9339E-003,6.2010E-003,7.3404E-003,5.2784E-003,8.2272E-003,9.5975E-003,2.9204E-003,4.1914E-003,7.8682E-003,3.7097E-003,6.2175E-003,1.3081E-002,1.3769E-002,1.0286E-002,7.0031E-003,2.3055E-003,5.7278E-003,9.2118E-003,0.0000E+000,0.0000E+000,0.0000E+000,0.0000E+000,0.0000E+000,0.0000E+000,0.0000E+000,0.0000E+000,0.0000E+000,0.0000E+000,0.0000E+000,0.0000E+000,0.0000E+000,0.0000E+000,0.0000E+000,0.0000E+000,0.0000E+000,0.0000E+000,0.0000E+000,0.0000E+000,0.0000E+000,0.0000E+000,0.0000E+000,0.0000E+000,0.0000E+000,0.0000E+000,0.0000E+000,0.0000E+000,
キビタキ,雑音,4278.02,0.35,1.33,0.0000E+000,0.0000E+000,0.0000E+000,0.0000E+000,2.9072E-001,1.0000E+000,8.6241E-001,8.6275E-001,8.9740E-001,7.2614E-001,6.8020E-001,6.3302E-001,5.7155E-001,9.0363E-002,0.0000E+000,0.0000E+000,1.0000E+000,8.8225E-001,5.4515E-001,3.2580E-001,1.9551E-001,3.6692E-002,8.1587E-003,7.5980E-003,5.4297E-003,3.8222E-003,3.1748E-003,3.7191E-003,7.0421E-003,9.1732E-003,1.1764E-002,1.6378E-002,1.8400E-002,1.7777E-002,1.4153E-002,1.1153E-002,8.4964E-003,4.7127E-003,0.0000E+000,0.0000E+000,0.0000E+000,0.0000E+000,0.0000E+000,0.0000E+000,0.0000E+000,0.0000E+000,0.0000E+000,0.0000E+000,0.0000E+000,0.0000E+000,0.0000E+000,0.0000E+000,0.0000E+000,0.0000E+000,0.0000E+000,0.0000E+000,0.0000E+000,0.0000E+000,0.0000E+000,0.0000E+000,0.0000E+000,0.0000E+000,0.0000E+000,0.0000E+000,0.0000E+000,0.0000E+000,
キビタキ,雑音,4341.81,0.42,3.48,0.0000E+000,0.0000E+000,0.0000E+000,0.0000E+000,2.7929E-001,1.0000E+000,7.9583E-001,9.2564E-001,9.3893E-001,7.0094E-001,6.4386E-001,5.9849E-001,5.4424E-001,1.1001E-001,0.0000E+000,0.0000E+000,1.0000E+000,8.4775E-001,4.5325E-001,2.1100E-001,1.1388E-001,1.3013E-002,9.2702E-003,1.3303E-002,2.0133E-002,2.2930E-002,2.9220E-002,4.1056E-002,4.2567E-002,3.8533E-002,2.6542E-002,8.1041E-003,1.6574E-003,4.7500E-003,9.5568E-003,1.1271E-002,9.0414E-003,5.7292E-003,0.0000E+000,0.0000E+000,0.0000E+000,0.0000E+000,0.0000E+000,0.0000E+000,0.0000E+000,0.0000E+000,0.0000E+000,0.0000E+000,0.0000E+000,0.0000E+000,0.0000E+000,0.0000E+000,0.0000E+000,0.0000E+000,0.0000E+000,0.0000E+000,0.0000E+000,0.0000E+000,0.0000E+000,0.0000E+000,0.0000E+000,0.0000E+000,0.0000E+000,0.0000E+000,0.0000E+000,0.0000E+000,
キビタキ,Unknown,4428.23,0.49,26.95,0.0000E+000,0.0000E+000,0.0000E+000,0.0000E+000,9.3081E-003,3.3861E-002,3.8189E-002,3.0552E-001,1.0000E+000,1.2283E-001,2.4747E-002,2.4282E-002,2.0467E-002,3.2127E-003,0.0000E+000,0.0000E+000,1.0000E+000,8.8840E-001,5.8867E-001,4.0054E-001,2.7386E-001,1.1660E-001,8.6020E-002,1.5493E-001,3.0509E-001,3.8636E-001,4.0166E-001,3.5682E-001,2.1605E-001,1.3540E-001,8.5227E-002,2.8565E-002,2.2079E-002,3.9182E-002,6.8824E-002,8.1364E-002,7.4147E-002,5.1432E-002,0.0000E+000,0.0000E+000,0.0000E+000,0.0000E+000,0.0000E+000,0.0000E+000,0.0000E+000,0.0000E+000,0.0000E+000,0.0000E+000,0.0000E+000,0.0000E+000,0.0000E+000,0.0000E+000,0.0000E+000,0.0000E+000,0.0000E+000,0.0000E+000,0.0000E+000,0.0000E+000,0.0000E+000,0.0000E+000,0.0000E+000,0.0000E+000,0.0000E+000,0.0000E+000,0.0000E+000,0.0000E+000,
キビタキ,Unknown,4433.85,1.28,20.02,0.0000E+000,0.0000E+000,0.0000E+000,0.0000E+000,8.4356E-002,3.3733E-001,3.3806E-001,1.0000E+000,6.2392E-001,2.7515E-001,2.6208E-001,2.1706E-001,1.7764E-001,2.7194E-002,0.0000E+000,0.0000E+000,1.0000E+000,6.3082E-001,4.7213E-001,4.4398E-001,3.7083E-001,3.1534E-001,2.5912E-001,1.9114E-001,1.8653E-001,1.5448E-001,1.1519E-001,9.9318E-002,8.2868E-002,6.1028E-002,4.4112E-002,2.9897E-002,1.9035E-002,1.4876E-002,1.5611E-002,1.8836E-002,2.4047E-002,2.7173E-002,0.0000E+000,0.0000E+000,0.0000E+000,0.0000E+000,0.0000E+000,0.0000E+000,0.0000E+000,0.0000E+000,0.0000E+000,0.0000E+000,0.0000E+000,0.0000E+000,0.0000E+000,0.0000E+000,0.0000E+000,0.0000E+000,0.0000E+000,0.0000E+000,0.0000E+000,0.0000E+000,0.0000E+000,0.0000E+000,0.0000E+000,0.0000E+000,0.0000E+000,0.0000E+000,0.0000E+000,0.0000E+000,
キビタキ,Unknown,4435.10,2.65,17.99,0.0000E+000,0.0000E+000,0.0000E+000,0.0000E+000,7.6689E-002,2.9728E-001,2.9240E-001,1.0000E+000,9.3762E-001,2.5359E-001,1.8581E-001,1.6060E-001,1.3529E-001,2.1331E-002,0.0000E+000,0.0000E+000,1.0000E+000,1.2104E-001,4.8502E-002,6.2226E-002,1.3333E-001,1.0868E-001,3.3347E-002,1.2193E-002,2.2582E-002,1.9136E-002,2.2327E-002,1.5562E-002,7.7004E-003,4.7801E-003,3.9406E-003,8.1363E-003,7.0477E-003,1.1414E-002,7.0468E-003,1.4984E-002,2.6889E-002,1.4110E-002,0.0000E+000,0.0000E+000,0.0000E+000,0.0000E+000,0.0000E+000,0.0000E+000,0.0000E+000,0.0000E+000,0.0000E+000,0.0000E+000,0.0000E+000,0.0000E+000,0.0000E+000,0.0000E+000,0.0000E+000,0.0000E+000,0.0000E+000,0.0000E+000,0.0000E+000,0.0000E+000,0.0000E+000,0.0000E+000,0.0000E+000,0.0000E+000,0.0000E+000,0.0000E+000,0.0000E+000,0.0000E+000,
キビタキ,Unknown,4437.73,0.53,9.81,0.0000E+000,0.0000E+000,0.0000E+000,0.0000E+000,8.0292E-002,3.2710E-001,4.4296E-001,1.0000E+000,5.8652E-001,2.7132E-001,2.7334E-001,2.4765E-001,1.9862E-001,3.2431E-002,0.0000E+000,0.0000E+000,1.0000E+000,8.5610E-001,5.0092E-001,2.8964E-001,1.9729E-001,7.3832E-002,4.2721E-002,2.9737E-002,1.2058E-002,7.3619E-003,5.5597E-003,3.7255E-003,4.7722E-003,5.8511E-003,5.6391E-003,4.0187E-003,2.6102E-003,2.5747E-003,3.5391E-003,4.5390E-003,3.6821E-003,3.6613E-003,0.0000E+000,0.0000E+000,0.0000E+000,0.0000E+000,0.0000E+000,0.0000E+000,0.0000E+000,0.0000E+000,0.0000E+000,0.0000E+000,0.0000E+000,0.0000E+000,0.0000E+000,0.0000E+000,0.0000E+000,0.0000E+000,0.0000E+000,0.0000E+000,0.0000E+000,0.0000E+000,0.0000E+000,0.0000E+000,0.0000E+000,0.0000E+000,0.0000E+000,0.0000E+000,0.0000E+000,0.0000E+000,
キビタキ,Unknown,4477.95,0.39,18.79,0.0000E+000,0.0000E+000,0.0000E+000,0.0000E+000,2.3113E-002,1.0747E-001,1.0957E-001,1.0000E+000,7.2497E-001,1.1346E-001,7.2933E-002,6.8371E-002,5.1971E-002,8.2052E-003,0.0000E+000,0.0000E+000,1.0000E+000,8.0707E-001,3.5268E-001,9.1227E-002,7.1929E-002,9.3123E-002,1.3362E-001,9.9571E-002,5.9831E-002,5.4137E-002,9.3687E-002,1.4960E-001,1.4410E-001,1.2222E-001,8.6878E-002,3.9208E-002,2.6882E-002,4.0323E-002,5.1113E-002,4.8462E-002,3.2291E-002,2.6491E-002,0.0000E+000,0.0000E+000,0.0000E+000,0.0000E+000,0.0000E+000,0.0000E+000,0.0000E+000,0.0000E+000,0.0000E+000,0.0000E+000,0.0000E+000,0.0000E+000,0.0000E+000,0.0000E+000,0.0000E+000,0.0000E+000,0.0000E+000,0.0000E+000,0.0000E+000,0.0000E+000,0.0000E+000,0.0000E+000,0.0000E+000,0.0000E+000,0.0000E+000,0.0000E+000,0.0000E+000,0.0000E+000,
キビタキ,Unknown,4500.72,0.33,13.75,0.0000E+000,0.0000E+000,0.0000E+000,0.0000E+000,5.5142E-002,2.0290E-001,1.7213E-001,1.0000E+000,6.1925E-001,1.4919E-001,1.6155E-001,1.4095E-001,8.2921E-002,1.2864E-002,0.0000E+000,0.0000E+000,1.0000E+000,9.3311E-001,7.1258E-001,5.5894E-001,4.0994E-001,1.7179E-001,8.2655E-002,5.4500E-002,3.7409E-002,4.8473E-002,7.5534E-002,1.2489E-001,1.5194E-001,1.5668E-001,1.4394E-001,1.0971E-001,8.8234E-002,6.7619E-002,3.3184E-002,1.9365E-002,1.3410E-002,6.5216E-003,0.0000E+000,0.0000E+000,0.0000E+000,0.0000E+000,0.0000E+000,0.0000E+000,0.0000E+000,0.0000E+000,0.0000E+000,0.0000E+000,0.0000E+000,0.0000E+000,0.0000E+000,0.0000E+000,0.0000E+000,0.0000E+000,0.0000E+000,0.0000E+000,0.0000E+000,0.0000E+000,0.0000E+000,0.0000E+000,0.0000E+000,0.0000E+000,0.0000E+000,0.0000E+000,0.0000E+000,0.0000E+000,
キビタキ,Unknown,4799.29,0.33,12.88,0.0000E+000,0.0000E+000,0.0000E+000,0.0000E+000,1.4299E-001,4.3276E-001,4.6202E-001,1.0000E+000,3.2965E-001,3.3748E-001,3.4041E-001,2.7101E-001,2.2527E-001,3.2842E-002,0.0000E+000,0.0000E+000,1.0000E+000,9.1360E-001,6.3883E-001,4.5046E-001,2.9209E-001,7.0283E-002,6.8390E-003,1.5052E-002,5.4624E-002,8.5984E-002,1.0883E-001,1.3289E-001,1.1487E-001,9.5660E-002,6.9198E-002,2.6571E-002,1.0405E-002,1.5695E-002,4.3374E-002,6.5762E-002,8.8050E-002,1.2050E-001,0.0000E+000,0.0000E+000,0.0000E+000,0.0000E+000,0.0000E+000,0.0000E+000,0.0000E+000,0.0000E+000,0.0000E+000,0.0000E+000,0.0000E+000,0.0000E+000,0.0000E+000,0.0000E+000,0.0000E+000,0.0000E+000,0.0000E+000,0.0000E+000,0.0000E+000,0.0000E+000,0.0000E+000,0.0000E+000,0.0000E+000,0.0000E+000,0.0000E+000,0.0000E+000,0.0000E+000,0.0000E+000,
キビタキ,Unknown,4800.05,0.88,14.53,0.0000E+000,0.0000E+000,0.0000E+000,0.0000E+000,8.1263E-002,3.1401E-001,3.5974E-001,7.2802E-001,5.7875E-001,3.1894E-001,5.3171E-001,1.0000E+000,5.1527E-001,6.3569E-002,0.0000E+000,0.0000E+000,1.0000E+000,3.6062E-001,3.4533E-001,1.8840E-001,2.6829E-001,1.2919E-001,1.7731E-001,7.2939E-002,1.2303E-001,8.8113E-002,8.3204E-002,5.8256E-002,5.3757E-002,3.1556E-002,2.0622E-002,1.2956E-002,1.0986E-002,5.2193E-003,8.4834E-003,4.3565E-003,5.7153E-003,3.8448E-003,0.0000E+000,0.0000E+000,0.0000E+000,0.0000E+000,0.0000E+000,0.0000E+000,0.0000E+000,0.0000E+000,0.0000E+000,0.0000E+000,0.0000E+000,0.0000E+000,0.0000E+000,0.0000E+000,0.0000E+000,0.0000E+000,0.0000E+000,0.0000E+000,0.0000E+000,0.0000E+000,0.0000E+000,0.0000E+000,0.0000E+000,0.0000E+000,0.0000E+000,0.0000E+000,0.0000E+000,0.0000E+000,
キビタキ,雑音,4887.17,0.42,2.84,0.0000E+000,0.0000E+000,0.0000E+000,0.0000E+000,3.2037E-001,1.0000E+000,9.1548E-001,9.3311E-001,8.7771E-001,7.1560E-001,7.9433E-001,6.3560E-001,5.1441E-001,7.8962E-002,0.0000E+000,0.0000E+000,1.0000E+000,8.5051E-001,4.7204E-001,2.4306E-001,1.4878E-001,4.0736E-002,2.6972E-002,2.8727E-002,2.3110E-002,1.5739E-002,7.9777E-003,3.0695E-003,1.0537E-002,1.5151E-002,1.8785E-002,2.2199E-002,2.1978E-002,1.8216E-002,1.2212E-002,9.9718E-003,1.0821E-002,1.4691E-002,0.0000E+000,0.0000E+000,0.0000E+000,0.0000E+000,0.0000E+000,0.0000E+000,0.0000E+000,0.0000E+000,0.0000E+000,0.0000E+000,0.0000E+000,0.0000E+000,0.0000E+000,0.0000E+000,0.0000E+000,0.0000E+000,0.0000E+000,0.0000E+000,0.0000E+000,0.0000E+000,0.0000E+000,0.0000E+000,0.0000E+000,0.0000E+000,0.0000E+000,0.0000E+000,0.0000E+000,0.0000E+000,
キビタキ,Unknown,5226.70,0.37,14.66,0.0000E+000,0.0000E+000,0.0000E+000,0.0000E+000,4.0800E-002,1.7354E-001,1.5826E-001,1.0000E+000,3.9104E-001,1.1689E-001,1.3327E-001,1.0547E-001,9.0302E-002,1.6976E-002,0.0000E+000,0.0000E+000,1.0000E+000,8.7426E-001,5.1434E-001,2.8017E-001,1.5609E-001,3.9860E-002,4.7710E-002,7.4251E-002,8.7478E-002,7.4164E-002,4.7268E-002,1.5509E-002,2.8564E-002,4.6484E-002,6.2086E-002,7.1693E-002,6.5697E-002,4.5372E-002,1.3101E-002,1.1555E-003,8.3563E-003,3.1502E-002,0.0000E+000,0.0000E+000,0.0000E+000,0.0000E+000,0.0000E+000,0.0000E+000,0.0000E+000,0.0000E+000,0.0000E+000,0.0000E+000,0.0000E+000,0.0000E+000,0.0000E+000,0.0000E+000,0.0000E+000,0.0000E+000,0.0000E+000,0.0000E+000,0.0000E+000,0.0000E+000,0.0000E+000,0.0000E+000,0.0000E+000,0.0000E+000,0.0000E+000,0.0000E+000,0.0000E+000,0.0000E+000,
キビタキ,Unknown,5255.23,0.51,12.68,0.0000E+000,0.0000E+000,0.0000E+000,0.0000E+000,2.3679E-002,9.0181E-002,1.0222E-001,1.0000E+000,5.6776E-001,7.2542E-002,5.7573E-002,5.3727E-002,4.7729E-002,8.4535E-003,0.0000E+000,0.0000E+000,1.0000E+000,7.4024E-001,2.4921E-001,1.7950E-002,3.5224E-002,5.8644E-002,6.4790E-002,5.1912E-002,5.0868E-002,6.2701E-002,6.9914E-002,4.6005E-002,1.1372E-002,7.8622E-003,9.3841E-003,7.2124E-003,3.5189E-003,1.9407E-003,8.0261E-003,1.5690E-002,1.9580E-002,1.2700E-002,0.0000E+000,0.0000E+000,0.0000E+000,0.0000E+000,0.0000E+000,0.0000E+000,0.0000E+000,0.0000E+000,0.0000E+000,0.0000E+000,0.0000E+000,0.0000E+000,0.0000E+000,0.0000E+000,0.0000E+000,0.0000E+000,0.0000E+000,0.0000E+000,0.0000E+000,0.0000E+000,0.0000E+000,0.0000E+000,0.0000E+000,0.0000E+000,0.0000E+000,0.0000E+000,0.0000E+000,0.0000E+000,
キビタキ,Unknown,5280.80,0.33,20.98,0.0000E+000,0.0000E+000,0.0000E+000,0.0000E+000,7.1744E-003,2.6301E-002,1.3213E-001,1.0000E+000,1.8292E-001,2.4275E-002,2.0618E-002,1.8754E-002,1.5589E-002,2.2838E-003,0.0000E+000,0.0000E+000,1.0000E+000,8.8897E-001,5.8838E-001,3.9881E-001,3.2342E-001,2.5386E-001,2.5968E-001,2.2786E-001,1.3552E-001,7.5008E-002,5.1353E-002,3.6803E-002,5.3559E-002,6.1210E-002,6.4078E-002,7.1124E-002,7.5303E-002,7.7162E-002,8.0021E-002,8.1022E-002,8.8239E-002,1.0712E-001,0.0000E+000,0.0000E+000,0.0000E+000,0.0000E+000,0.0000E+000,0.0000E+000,0.0000E+000,0.0000E+000,0.0000E+000,0.0000E+000,0.0000E+000,0.0000E+000,0.0000E+000,0.0000E+000,0.0000E+000,0.0000E+000,0.0000E+000,0.0000E+000,0.0000E+000,0.0000E+000,0.0000E+000,0.0000E+000,0.0000E+000,0.0000E+000,0.0000E+000,0.0000E+000,0.0000E+000,0.0000E+000,
キビタキ,Unknown,5342.89,0.33,19.17,0.0000E+000,0.0000E+000,0.0000E+000,0.0000E+000,9.0869E-003,3.3624E-002,3.0554E-002,1.0000E+000,2.6664E-001,2.3547E-002,2.2384E-002,1.9887E-002,1.5663E-002,2.6968E-003,0.0000E+000,0.0000E+000,1.0000E+000,9.6043E-001,8.2282E-001,7.2478E-001,6.1152E-001,4.0404E-001,3.0983E-001,2.4839E-001,1.5693E-001,1.2691E-001,1.1832E-001,1.0928E-001,1.0599E-001,1.0316E-001,9.3846E-002,7.0724E-002,5.6917E-002,4.3621E-002,2.1652E-002,1.2980E-002,9.9113E-003,7.3155E-003,0.0000E+000,0.0000E+000,0.0000E+000,0.0000E+000,0.0000E+000,0.0000E+000,0.0000E+000,0.0000E+000,0.0000E+000,0.0000E+000,0.0000E+000,0.0000E+000,0.0000E+000,0.0000E+000,0.0000E+000,0.0000E+000,0.0000E+000,0.0000E+000,0.0000E+000,0.0000E+000,0.0000E+000,0.0000E+000,0.0000E+000,0.0000E+000,0.0000E+000,0.0000E+000,0.0000E+000,0.0000E+000,
キビタキ,Unknown,5524.35,0.88,11.84,0.0000E+000,0.0000E+000,0.0000E+000,0.0000E+000,6.4061E-002,2.5482E-001,2.5942E-001,2.5577E-001,2.1153E-001,2.0208E-001,1.0000E+000,7.5191E-001,1.4323E-001,2.2335E-002,0.0000E+000,0.0000E+000,1.0000E+000,4.6920E-001,7.0491E-002,2.8723E-002,3.1296E-002,2.3169E-002,2.0902E-002,3.0863E-002,1.6896E-002,7.8848E-003,2.7943E-002,3.9991E-002,2.2776E-002,6.2959E-003,3.9971E-003,1.0290E-002,1.4785E-002,1.0798E-002,3.2648E-003,7.5289E-004,7.0405E-003,1.2898E-002,0.0000E+000,0.0000E+000,0.0000E+000,0.0000E+000,0.0000E+000,0.0000E+000,0.0000E+000,0.0000E+000,0.0000E+000,0.0000E+000,0.0000E+000,0.0000E+000,0.0000E+000,0.0000E+000,0.0000E+000,0.0000E+000,0.0000E+000,0.0000E+000,0.0000E+000,0.0000E+000,0.0000E+000,0.0000E+000,0.0000E+000,0.0000E+000,0.0000E+000,0.0000E+000,0.0000E+000,0.0000E+000,
キビタキ,Unknown,5533.13,0.58,11.36,0.0000E+000,0.0000E+000,0.0000E+000,0.0000E+000,5.8876E-002,2.1408E-001,1.9022E-001,1.8707E-001,1.4941E-001,2.9385E-001,1.0000E+000,2.3307E-001,1.1308E-001,2.1809E-002,0.0000E+000,0.0000E+000,1.0000E+000,7.8541E-001,3.6553E-001,1.6024E-001,1.4585E-001,1.0632E-001,8.1192E-002,5.9452E-002,3.6392E-002,3.5072E-002,3.1391E-002,2.4144E-002,1.9123E-002,1.7668E-002,1.7512E-002,2.2577E-002,2.7798E-002,3.1139E-002,3.1233E-002,2.7985E-002,3.0161E-002,3.0688E-002,0.0000E+000,0.0000E+000,0.0000E+000,0.0000E+000,0.0000E+000,0.0000E+000,0.0000E+000,0.0000E+000,0.0000E+000,0.0000E+000,0.0000E+000,0.0000E+000,0.0000E+000,0.0000E+000,0.0000E+000,0.0000E+000,0.0000E+000,0.0000E+000,0.0000E+000,0.0000E+000,0.0000E+000,0.0000E+000,0.0000E+000,0.0000E+000,0.0000E+000,0.0000E+000,0.0000E+000,0.0000E+000,
キビタキ,Unknown,5574.83,0.44,15.10,0.0000E+000,0.0000E+000,0.0000E+000,0.0000E+000,4.4821E-002,1.9873E-001,1.8556E-001,2.3411E-001,1.6325E-001,3.0588E-001,1.0000E+000,4.1046E-001,1.9902E-001,3.7119E-002,0.0000E+000,0.0000E+000,1.0000E+000,8.4907E-001,4.5547E-001,2.1280E-001,1.1406E-001,1.1647E-002,7.9841E-003,9.3133E-003,8.8644E-003,7.0862E-003,8.8162E-003,1.1422E-002,9.6563E-003,7.0156E-003,7.0493E-003,1.2633E-002,1.8183E-002,2.1636E-002,2.2003E-002,1.8918E-002,1.3589E-002,5.0256E-003,0.0000E+000,0.0000E+000,0.0000E+000,0.0000E+000,0.0000E+000,0.0000E+000,0.0000E+000,0.0000E+000,0.0000E+000,0.0000E+000,0.0000E+000,0.0000E+000,0.0000E+000,0.0000E+000,0.0000E+000,0.0000E+000,0.0000E+000,0.0000E+000,0.0000E+000,0.0000E+000,0.0000E+000,0.0000E+000,0.0000E+000,0.0000E+000,0.0000E+000,0.0000E+000,0.0000E+000,0.0000E+000,
キビタキ,Unknown,5648.60,0.60,9.04,0.0000E+000,0.0000E+000,0.0000E+000,0.0000E+000,1.1560E-001,4.4421E-001,4.8617E-001,1.0000E+000,5.0673E-001,3.6102E-001,3.5237E-001,3.0250E-001,2.4625E-001,4.0781E-002,0.0000E+000,0.0000E+000,1.0000E+000,7.7533E-001,3.4650E-001,1.4232E-001,1.3347E-001,9.7867E-002,7.1124E-002,4.1346E-002,9.7010E-003,7.8334E-003,1.5457E-002,3.7307E-002,7.1989E-002,9.2445E-002,9.0127E-002,6.9365E-002,5.0920E-002,4.8651E-002,4.9643E-002,5.2904E-002,4.3268E-002,2.1391E-002,0.0000E+000,0.0000E+000,0.0000E+000,0.0000E+000,0.0000E+000,0.0000E+000,0.0000E+000,0.0000E+000,0.0000E+000,0.0000E+000,0.0000E+000,0.0000E+000,0.0000E+000,0.0000E+000,0.0000E+000,0.0000E+000,0.0000E+000,0.0000E+000,0.0000E+000,0.0000E+000,0.0000E+000,0.0000E+000,0.0000E+000,0.0000E+000,0.0000E+000,0.0000E+000,0.0000E+000,0.0000E+000,
キビタキ,雑音,6189.74,0.37,5.90,0.0000E+000,0.0000E+000,0.0000E+000,0.0000E+000,1.6407E-001,6.7375E-001,5.7874E-001,1.0000E+000,7.4064E-001,4.7656E-001,5.8127E-001,4.0496E-001,3.5686E-001,5.5406E-002,0.0000E+000,0.0000E+000,1.0000E+000,9.0137E-001,6.0818E-001,4.1362E-001,2.7606E-001,8.6377E-002,3.4258E-002,2.0803E-002,4.1798E-003,1.0123E-003,2.3094E-003,5.8899E-003,8.5178E-003,8.8621E-003,8.6068E-003,8.5053E-003,8.6591E-003,7.3816E-003,3.9975E-003,1.8909E-003,1.0882E-003,3.7119E-004,0.0000E+000,0.0000E+000,0.0000E+000,0.0000E+000,0.0000E+000,0.0000E+000,0.0000E+000,0.0000E+000,0.0000E+000,0.0000E+000,0.0000E+000,0.0000E+000,0.0000E+000,0.0000E+000,0.0000E+000,0.0000E+000,0.0000E+000,0.0000E+000,0.0000E+000,0.0000E+000,0.0000E+000,0.0000E+000,0.0000E+000,0.0000E+000,0.0000E+000,0.0000E+000,0.0000E+000,0.0000E+000,
キビタキ,雑音,6190.09,0.51,9.46,0.0000E+000,0.0000E+000,0.0000E+000,0.0000E+000,2.2431E-001,8.9616E-001,8.4071E-001,1.0000E+000,7.8404E-001,5.4039E-001,5.7500E-001,5.4111E-001,4.6089E-001,6.6154E-002,0.0000E+000,0.0000E+000,1.0000E+000,8.0912E-001,3.8259E-001,1.4694E-001,9.1342E-002,2.9960E-002,2.4180E-002,2.3474E-002,2.3886E-002,2.5004E-002,2.0210E-002,1.2018E-002,7.1579E-003,5.6962E-003,3.0592E-003,2.9161E-003,5.4100E-003,1.4118E-002,2.9272E-002,3.5718E-002,3.5039E-002,3.2813E-002,0.0000E+000,0.0000E+000,0.0000E+000,0.0000E+000,0.0000E+000,0.0000E+000,0.0000E+000,0.0000E+000,0.0000E+000,0.0000E+000,0.0000E+000,0.0000E+000,0.0000E+000,0.0000E+000,0.0000E+000,0.0000E+000,0.0000E+000,0.0000E+000,0.0000E+000,0.0000E+000,0.0000E+000,0.0000E+000,0.0000E+000,0.0000E+000,0.0000E+000,0.0000E+000,0.0000E+000,0.0000E+000,
キビタキ,雑音,6466.71,0.35,2.33,0.0000E+000,0.0000E+000,0.0000E+000,0.0000E+000,3.6728E-001,1.0000E+000,9.6512E-001,9.4079E-001,8.0867E-001,8.0931E-001,8.0601E-001,7.1530E-001,6.6052E-001,1.0861E-001,0.0000E+000,0.0000E+000,1.0000E+000,9.0927E-001,6.3496E-001,4.5138E-001,3.1356E-001,1.1756E-001,5.9377E-002,4.2778E-002,2.1585E-002,1.6990E-002,1.5857E-002,1.7040E-002,2.4395E-002,2.9434E-002,3.3508E-002,3.9052E-002,4.0521E-002,4.0599E-002,3.9412E-002,3.8148E-002,3.4698E-002,2.7250E-002,0.0000E+000,0.0000E+000,0.0000E+000,0.0000E+000,0.0000E+000,0.0000E+000,0.0000E+000,0.0000E+000,0.0000E+000,0.0000E+000,0.0000E+000,0.0000E+000,0.0000E+000,0.0000E+000,0.0000E+000,0.0000E+000,0.0000E+000,0.0000E+000,0.0000E+000,0.0000E+000,0.0000E+000,0.0000E+000,0.0000E+000,0.0000E+000,0.0000E+000,0.0000E+000,0.0000E+000,0.0000E+000,
