File Path,C:\Users\yano\Desktop\test2011\20110402_0500_0700_DS710093.wav
キビタキ,Unknown,351.32,0.37,3.56,0.0000E+000,0.0000E+000,0.0000E+000,0.0000E+000,2.5977E-001,1.0000E+000,8.6629E-001,9.3882E-001,6.1963E-001,4.9905E-001,5.0464E-001,5.4597E-001,3.5433E-001,5.0172E-002,0.0000E+000,0.0000E+000,1.0000E+000,8.5627E-001,4.6817E-001,2.2380E-001,1.1657E-001,1.2597E-002,1.5849E-002,2.3469E-002,2.5676E-002,2.0264E-002,1.6145E-002,1.1373E-002,1.1162E-002,1.1603E-002,1.2233E-002,1.6749E-002,2.0635E-002,3.1228E-002,5.2463E-002,6.3103E-002,5.9780E-002,4.0091E-002,0.0000E+000,0.0000E+000,0.0000E+000,0.0000E+000,0.0000E+000,0.0000E+000,0.0000E+000,0.0000E+000,0.0000E+000,0.0000E+000,0.0000E+000,0.0000E+000,0.0000E+000,0.0000E+000,0.0000E+000,0.0000E+000,0.0000E+000,0.0000E+000,0.0000E+000,0.0000E+000,0.0000E+000,0.0000E+000,0.0000E+000,0.0000E+000,0.0000E+000,0.0000E+000,0.0000E+000,0.0000E+000,
キビタキ,雑音,1304.43,0.39,4.13,0.0000E+000,0.0000E+000,0.0000E+000,0.0000E+000,3.1559E-001,1.0000E+000,8.3184E-001,6.3421E-001,6.2665E-001,4.9886E-001,5.4401E-001,4.0375E-001,3.3338E-001,4.9785E-002,0.0000E+000,0.0000E+000,1.0000E+000,8.9079E-001,5.7900E-001,3.7643E-001,2.4846E-001,7.7869E-002,3.5255E-002,2.5405E-002,1.2300E-002,9.0444E-003,6.6164E-003,2.8144E-003,1.2443E-003,1.0484E-003,1.2906E-003,1.7855E-003,2.0382E-003,2.9335E-003,5.1496E-003,6.4704E-003,6.9630E-003,7.0430E-003,0.0000E+000,0.0000E+000,0.0000E+000,0.0000E+000,0.0000E+000,0.0000E+000,0.0000E+000,0.0000E+000,0.0000E+000,0.0000E+000,0.0000E+000,0.0000E+000,0.0000E+000,0.0000E+000,0.0000E+000,0.0000E+000,0.0000E+000,0.0000E+000,0.0000E+000,0.0000E+000,0.0000E+000,0.0000E+000,0.0000E+000,0.0000E+000,0.0000E+000,0.0000E+000,0.0000E+000,0.0000E+000,
キビタキ,Unknown,2094.30,0.60,7.24,0.0000E+000,0.0000E+000,0.0000E+000,0.0000E+000,2.7878E-001,1.0000E+000,7.4560E-001,6.2447E-001,4.9038E-001,4.6315E-001,3.9406E-001,3.7089E-001,2.7456E-001,4.0367E-002,0.0000E+000,0.0000E+000,1.0000E+000,7.2852E-001,2.4621E-001,3.5391E-002,2.4134E-002,8.3361E-003,3.7958E-003,1.9329E-003,1.2014E-003,2.3329E-003,2.0779E-003,1.7862E-003,5.4958E-003,9.2421E-003,7.8352E-003,4.8835E-003,3.3387E-003,3.3684E-003,3.2566E-003,3.1149E-003,2.3924E-003,3.3413E-003,0.0000E+000,0.0000E+000,0.0000E+000,0.0000E+000,0.0000E+000,0.0000E+000,0.0000E+000,0.0000E+000,0.0000E+000,0.0000E+000,0.0000E+000,0.0000E+000,0.0000E+000,0.0000E+000,0.0000E+000,0.0000E+000,0.0000E+000,0.0000E+000,0.0000E+000,0.0000E+000,0.0000E+000,0.0000E+000,0.0000E+000,0.0000E+000,0.0000E+000,0.0000E+000,0.0000E+000,0.0000E+000,
キビタキ,ウグイス,2247.99,0.33,14.54,0.0000E+000,0.0000E+000,0.0000E+000,0.0000E+000,4.4310E-001,1.0000E+000,5.6640E-001,7.9719E-001,2.9438E-001,5.1800E-002,4.7362E-002,4.1121E-002,2.4186E-002,2.8980E-003,0.0000E+000,0.0000E+000,1.0000E+000,8.6374E-001,5.0561E-001,2.8375E-001,2.2491E-001,2.1995E-001,2.7383E-001,2.7423E-001,2.2273E-001,1.7084E-001,1.4905E-001,1.3443E-001,1.3793E-001,1.3426E-001,1.2100E-001,1.0130E-001,9.4865E-002,9.2782E-002,8.5412E-002,8.0124E-002,7.2695E-002,5.9831E-002,0.0000E+000,0.0000E+000,0.0000E+000,0.0000E+000,0.0000E+000,0.0000E+000,0.0000E+000,0.0000E+000,0.0000E+000,0.0000E+000,0.0000E+000,0.0000E+000,0.0000E+000,0.0000E+000,0.0000E+000,0.0000E+000,0.0000E+000,0.0000E+000,0.0000E+000,0.0000E+000,0.0000E+000,0.0000E+000,0.0000E+000,0.0000E+000,0.0000E+000,0.0000E+000,0.0000E+000,0.0000E+000,
キビタキ,Unknown,2248.60,0.33,21.80,0.0000E+000,0.0000E+000,0.0000E+000,0.0000E+000,1.2088E-001,2.4370E-001,1.2466E-001,1.0000E+000,1.8767E-001,2.3035E-002,2.0510E-002,3.0525E-002,1.3464E-002,7.2839E-004,0.0000E+000,0.0000E+000,1.0000E+000,9.5182E-001,7.8934E-001,6.7503E-001,5.5666E-001,3.5810E-001,2.7792E-001,2.3809E-001,1.7890E-001,1.5955E-001,1.4355E-001,1.0948E-001,7.3894E-002,5.6367E-002,4.3609E-002,2.4558E-002,1.8266E-002,1.6535E-002,1.3998E-002,1.3192E-002,1.1072E-002,6.1573E-003,0.0000E+000,0.0000E+000,0.0000E+000,0.0000E+000,0.0000E+000,0.0000E+000,0.0000E+000,0.0000E+000,0.0000E+000,0.0000E+000,0.0000E+000,0.0000E+000,0.0000E+000,0.0000E+000,0.0000E+000,0.0000E+000,0.0000E+000,0.0000E+000,0.0000E+000,0.0000E+000,0.0000E+000,0.0000E+000,0.0000E+000,0.0000E+000,0.0000E+000,0.0000E+000,0.0000E+000,0.0000E+000,
キビタキ,Unknown,2249.22,0.42,20.32,0.0000E+000,0.0000E+000,0.0000E+000,0.0000E+000,4.9916E-001,6.9702E-001,3.3778E-001,1.0000E+000,1.4411E-001,3.6211E-002,3.0639E-002,3.0472E-002,1.8798E-002,2.3788E-003,0.0000E+000,0.0000E+000,1.0000E+000,9.2765E-001,6.9683E-001,5.3836E-001,3.9491E-001,1.7012E-001,8.8791E-002,6.2466E-002,3.7715E-002,3.9289E-002,4.4063E-002,4.6991E-002,3.8453E-002,3.1761E-002,2.4311E-002,1.1349E-002,5.8383E-003,3.6691E-003,3.1865E-003,4.8731E-003,9.4562E-003,1.8823E-002,0.0000E+000,0.0000E+000,0.0000E+000,0.0000E+000,0.0000E+000,0.0000E+000,0.0000E+000,0.0000E+000,0.0000E+000,0.0000E+000,0.0000E+000,0.0000E+000,0.0000E+000,0.0000E+000,0.0000E+000,0.0000E+000,0.0000E+000,0.0000E+000,0.0000E+000,0.0000E+000,0.0000E+000,0.0000E+000,0.0000E+000,0.0000E+000,0.0000E+000,0.0000E+000,0.0000E+000,0.0000E+000,
キビタキ,Unknown,2250.04,0.42,18.19,0.0000E+000,0.0000E+000,0.0000E+000,0.0000E+000,7.1225E-001,1.0000E+000,2.8285E-001,6.4242E-001,7.9963E-002,1.7504E-002,1.3489E-002,2.7936E-002,2.9807E-002,2.4447E-003,0.0000E+000,0.0000E+000,1.0000E+000,7.7241E-001,2.8497E-001,2.5137E-002,6.1243E-002,1.2749E-001,1.5763E-001,9.2059E-002,2.0410E-002,1.4333E-002,3.2011E-002,3.3695E-002,9.1410E-003,5.7959E-004,5.6914E-003,1.1530E-002,1.2256E-002,1.4405E-002,1.8353E-002,2.0153E-002,1.6720E-002,9.6954E-003,0.0000E+000,0.0000E+000,0.0000E+000,0.0000E+000,0.0000E+000,0.0000E+000,0.0000E+000,0.0000E+000,0.0000E+000,0.0000E+000,0.0000E+000,0.0000E+000,0.0000E+000,0.0000E+000,0.0000E+000,0.0000E+000,0.0000E+000,0.0000E+000,0.0000E+000,0.0000E+000,0.0000E+000,0.0000E+000,0.0000E+000,0.0000E+000,0.0000E+000,0.0000E+000,0.0000E+000,0.0000E+000,
キビタキ,Unknown,2295.97,0.37,0.77,0.0000E+000,0.0000E+000,0.0000E+000,0.0000E+000,2.9363E-001,1.0000E+000,7.9357E-001,6.1529E-001,5.0923E-001,4.4858E-001,3.8098E-001,3.6785E-001,2.6552E-001,4.4014E-002,0.0000E+000,0.0000E+000,1.0000E+000,8.5596E-001,4.7035E-001,2.2879E-001,1.2230E-001,1.2681E-002,9.5426E-003,1.4679E-002,1.7232E-002,1.4648E-002,1.1741E-002,7.4122E-003,5.2116E-003,4.4322E-003,7.6021E-003,2.0145E-002,2.9519E-002,3.7894E-002,4.6822E-002,4.7374E-002,4.1128E-002,2.7168E-002,0.0000E+000,0.0000E+000,0.0000E+000,0.0000E+000,0.0000E+000,0.0000E+000,0.0000E+000,0.0000E+000,0.0000E+000,0.0000E+000,0.0000E+000,0.0000E+000,0.0000E+000,0.0000E+000,0.0000E+000,0.0000E+000,0.0000E+000,0.0000E+000,0.0000E+000,0.0000E+000,0.0000E+000,0.0000E+000,0.0000E+000,0.0000E+000,0.0000E+000,0.0000E+000,0.0000E+000,0.0000E+000,
キビタキ,雑音,2406.93,0.33,3.16,0.0000E+000,0.0000E+000,0.0000E+000,0.0000E+000,2.7752E-001,1.0000E+000,8.7553E-001,7.0450E-001,7.3702E-001,6.1451E-001,4.8225E-001,3.9764E-001,3.2293E-001,5.4780E-002,0.0000E+000,0.0000E+000,1.0000E+000,9.0710E-001,6.2245E-001,4.3071E-001,2.8454E-001,8.0940E-002,2.3506E-002,1.2490E-002,1.1694E-003,8.6427E-004,3.1345E-003,8.4067E-003,1.3309E-002,1.5209E-002,1.6027E-002,1.7639E-002,1.8432E-002,1.9762E-002,2.2063E-002,2.3034E-002,2.2595E-002,2.0874E-002,0.0000E+000,0.0000E+000,0.0000E+000,0.0000E+000,0.0000E+000,0.0000E+000,0.0000E+000,0.0000E+000,0.0000E+000,0.0000E+000,0.0000E+000,0.0000E+000,0.0000E+000,0.0000E+000,0.0000E+000,0.0000E+000,0.0000E+000,0.0000E+000,0.0000E+000,0.0000E+000,0.0000E+000,0.0000E+000,0.0000E+000,0.0000E+000,0.0000E+000,0.0000E+000,0.0000E+000,0.0000E+000,
キビタキ,雑音,2407.65,0.39,2.63,0.0000E+000,0.0000E+000,0.0000E+000,0.0000E+000,2.4896E-001,1.0000E+000,7.2235E-001,5.9809E-001,5.6188E-001,5.1768E-001,4.4264E-001,3.7778E-001,2.8561E-001,4.1780E-002,0.0000E+000,0.0000E+000,1.0000E+000,8.6472E-001,4.9636E-001,2.6328E-001,1.5200E-001,3.2588E-002,2.4458E-002,2.8711E-002,3.1501E-002,3.0037E-002,3.0287E-002,2.8197E-002,1.8772E-002,1.1688E-002,7.2384E-003,6.6778E-003,1.0567E-002,2.0229E-002,3.6815E-002,4.3737E-002,4.0266E-002,2.5528E-002,0.0000E+000,0.0000E+000,0.0000E+000,0.0000E+000,0.0000E+000,0.0000E+000,0.0000E+000,0.0000E+000,0.0000E+000,0.0000E+000,0.0000E+000,0.0000E+000,0.0000E+000,0.0000E+000,0.0000E+000,0.0000E+000,0.0000E+000,0.0000E+000,0.0000E+000,0.0000E+000,0.0000E+000,0.0000E+000,0.0000E+000,0.0000E+000,0.0000E+000,0.0000E+000,0.0000E+000,0.0000E+000,
キビタキ,雑音,2675.64,0.33,9.17,0.0000E+000,0.0000E+000,0.0000E+000,0.0000E+000,1.8299E-001,6.9806E-001,6.0879E-001,4.5797E-001,4.1193E-001,4.7150E-001,8.0361E-001,1.0000E+000,4.7046E-001,3.3129E-002,0.0000E+000,0.0000E+000,1.0000E+000,9.2212E-001,6.7375E-001,5.0326E-001,3.5732E-001,1.4495E-001,7.8520E-002,6.5825E-002,5.0935E-002,4.8740E-002,4.0464E-002,2.2402E-002,7.9939E-003,3.3717E-003,4.8249E-003,1.0150E-002,1.4022E-002,1.5988E-002,1.6539E-002,1.5124E-002,1.2177E-002,7.1157E-003,0.0000E+000,0.0000E+000,0.0000E+000,0.0000E+000,0.0000E+000,0.0000E+000,0.0000E+000,0.0000E+000,0.0000E+000,0.0000E+000,0.0000E+000,0.0000E+000,0.0000E+000,0.0000E+000,0.0000E+000,0.0000E+000,0.0000E+000,0.0000E+000,0.0000E+000,0.0000E+000,0.0000E+000,0.0000E+000,0.0000E+000,0.0000E+000,0.0000E+000,0.0000E+000,0.0000E+000,0.0000E+000,
キビタキ,雑音,2771.23,0.33,6.62,0.0000E+000,0.0000E+000,0.0000E+000,0.0000E+000,2.2422E-001,7.2988E-001,5.9978E-001,4.9675E-001,4.9892E-001,6.5439E-001,1.0000E+000,8.1726E-001,5.0732E-001,4.1547E-002,0.0000E+000,0.0000E+000,1.0000E+000,8.9878E-001,5.9342E-001,3.8927E-001,2.4400E-001,5.3432E-002,8.1210E-003,7.0458E-003,6.8521E-003,7.7336E-003,5.6023E-003,2.1524E-003,1.2397E-003,1.6457E-003,3.7102E-003,8.7618E-003,1.1749E-002,1.3870E-002,1.6296E-002,1.6601E-002,1.5589E-002,1.2958E-002,0.0000E+000,0.0000E+000,0.0000E+000,0.0000E+000,0.0000E+000,0.0000E+000,0.0000E+000,0.0000E+000,0.0000E+000,0.0000E+000,0.0000E+000,0.0000E+000,0.0000E+000,0.0000E+000,0.0000E+000,0.0000E+000,0.0000E+000,0.0000E+000,0.0000E+000,0.0000E+000,0.0000E+000,0.0000E+000,0.0000E+000,0.0000E+000,0.0000E+000,0.0000E+000,0.0000E+000,0.0000E+000,
キビタキ,Unknown,2931.29,0.33,24.50,0.0000E+000,0.0000E+000,0.0000E+000,0.0000E+000,8.4362E-003,2.9575E-002,2.0351E-002,3.6591E-002,8.0474E-002,5.3824E-002,1.8990E-001,1.0000E+000,4.0688E-001,2.9427E-003,0.0000E+000,0.0000E+000,1.0000E+000,8.9346E-001,5.6550E-001,3.4409E-001,1.9928E-001,8.0634E-002,1.0679E-001,2.3048E-001,4.3436E-001,5.1455E-001,4.8061E-001,3.3920E-001,1.4113E-001,5.0526E-002,3.5869E-002,7.4503E-002,1.2780E-001,1.9205E-001,2.7349E-001,2.9068E-001,2.4611E-001,1.3403E-001,0.0000E+000,0.0000E+000,0.0000E+000,0.0000E+000,0.0000E+000,0.0000E+000,0.0000E+000,0.0000E+000,0.0000E+000,0.0000E+000,0.0000E+000,0.0000E+000,0.0000E+000,0.0000E+000,0.0000E+000,0.0000E+000,0.0000E+000,0.0000E+000,0.0000E+000,0.0000E+000,0.0000E+000,0.0000E+000,0.0000E+000,0.0000E+000,0.0000E+000,0.0000E+000,0.0000E+000,0.0000E+000,
キビタキ,Unknown,2951.07,0.37,14.73,0.0000E+000,0.0000E+000,0.0000E+000,0.0000E+000,7.0001E-002,2.2764E-001,1.6418E-001,1.8924E-001,2.7570E-001,1.4649E-001,2.3794E-001,1.0000E+000,8.6945E-001,2.0003E-002,0.0000E+000,0.0000E+000,1.0000E+000,9.7138E-001,8.7093E-001,7.9909E-001,7.1327E-001,5.5033E-001,4.7320E-001,4.1288E-001,3.0785E-001,2.6314E-001,2.3069E-001,1.7557E-001,1.3791E-001,1.2292E-001,1.1281E-001,9.4233E-002,8.5765E-002,7.6522E-002,5.6687E-002,4.6096E-002,3.5496E-002,1.6822E-002,0.0000E+000,0.0000E+000,0.0000E+000,0.0000E+000,0.0000E+000,0.0000E+000,0.0000E+000,0.0000E+000,0.0000E+000,0.0000E+000,0.0000E+000,0.0000E+000,0.0000E+000,0.0000E+000,0.0000E+000,0.0000E+000,0.0000E+000,0.0000E+000,0.0000E+000,0.0000E+000,0.0000E+000,0.0000E+000,0.0000E+000,0.0000E+000,0.0000E+000,0.0000E+000,0.0000E+000,0.0000E+000,
キビタキ,Unknown,2951.42,0.33,7.89,0.0000E+000,0.0000E+000,0.0000E+000,0.0000E+000,1.0574E-001,4.8666E-001,4.1538E-001,3.3736E-001,2.6814E-001,2.4994E-001,9.4041E-001,1.0000E+000,4.3889E-001,3.2398E-002,0.0000E+000,0.0000E+000,1.0000E+000,8.9936E-001,5.9598E-001,3.9323E-001,2.5507E-001,8.9548E-002,6.2185E-002,7.9397E-002,1.0003E-001,1.0346E-001,8.7774E-002,5.2940E-002,2.0981E-002,8.1734E-003,4.3705E-003,5.4169E-003,1.0266E-002,1.9411E-002,3.3535E-002,3.8514E-002,3.4096E-002,2.0288E-002,0.0000E+000,0.0000E+000,0.0000E+000,0.0000E+000,0.0000E+000,0.0000E+000,0.0000E+000,0.0000E+000,0.0000E+000,0.0000E+000,0.0000E+000,0.0000E+000,0.0000E+000,0.0000E+000,0.0000E+000,0.0000E+000,0.0000E+000,0.0000E+000,0.0000E+000,0.0000E+000,0.0000E+000,0.0000E+000,0.0000E+000,0.0000E+000,0.0000E+000,0.0000E+000,0.0000E+000,0.0000E+000,
キビタキ,雑音,2951.81,0.37,8.92,0.0000E+000,0.0000E+000,0.0000E+000,0.0000E+000,1.9898E-001,1.0000E+000,8.7919E-001,4.7669E-001,3.4814E-001,3.2764E-001,8.5472E-001,6.1843E-001,3.7421E-001,2.7751E-002,0.0000E+000,0.0000E+000,1.0000E+000,8.6356E-001,4.8907E-001,2.5102E-001,1.3626E-001,1.8118E-002,1.4743E-002,2.5559E-002,3.3941E-002,3.1506E-002,2.4101E-002,1.0443E-002,2.3171E-003,4.4373E-004,4.3621E-003,1.6247E-002,2.4214E-002,3.0384E-002,3.5251E-002,3.3948E-002,2.6925E-002,1.4070E-002,0.0000E+000,0.0000E+000,0.0000E+000,0.0000E+000,0.0000E+000,0.0000E+000,0.0000E+000,0.0000E+000,0.0000E+000,0.0000E+000,0.0000E+000,0.0000E+000,0.0000E+000,0.0000E+000,0.0000E+000,0.0000E+000,0.0000E+000,0.0000E+000,0.0000E+000,0.0000E+000,0.0000E+000,0.0000E+000,0.0000E+000,0.0000E+000,0.0000E+000,0.0000E+000,0.0000E+000,0.0000E+000,
キビタキ,雑音,2952.21,0.33,3.45,0.0000E+000,0.0000E+000,0.0000E+000,0.0000E+000,2.6437E-001,1.0000E+000,7.4704E-001,5.5690E-001,5.6364E-001,5.8157E-001,8.0710E-001,9.4661E-001,4.5296E-001,4.4236E-002,0.0000E+000,0.0000E+000,1.0000E+000,9.2057E-001,6.6891E-001,4.9669E-001,3.4914E-001,1.2831E-001,5.5028E-002,3.2699E-002,6.1433E-003,1.9174E-003,2.4494E-003,6.3543E-003,1.4854E-002,1.9980E-002,2.2709E-002,2.2415E-002,1.9391E-002,1.3454E-002,4.2634E-003,1.0099E-003,1.7553E-003,4.4830E-003,0.0000E+000,0.0000E+000,0.0000E+000,0.0000E+000,0.0000E+000,0.0000E+000,0.0000E+000,0.0000E+000,0.0000E+000,0.0000E+000,0.0000E+000,0.0000E+000,0.0000E+000,0.0000E+000,0.0000E+000,0.0000E+000,0.0000E+000,0.0000E+000,0.0000E+000,0.0000E+000,0.0000E+000,0.0000E+000,0.0000E+000,0.0000E+000,0.0000E+000,0.0000E+000,0.0000E+000,0.0000E+000,
キビタキ,雑音,2952.60,0.37,10.01,0.0000E+000,0.0000E+000,0.0000E+000,0.0000E+000,1.9838E-001,7.4861E-001,4.9504E-001,3.3690E-001,3.2225E-001,4.5200E-001,1.0000E+000,5.9381E-001,3.5199E-001,3.2759E-002,0.0000E+000,0.0000E+000,1.0000E+000,8.5382E-001,4.5937E-001,2.1109E-001,1.0882E-001,1.9287E-002,3.2033E-002,3.6265E-002,2.5437E-002,1.0375E-002,5.9084E-003,8.2044E-003,2.6017E-002,3.7068E-002,4.5212E-002,4.9736E-002,4.6116E-002,3.3775E-002,1.2569E-002,3.7040E-003,2.3506E-003,2.3415E-003,0.0000E+000,0.0000E+000,0.0000E+000,0.0000E+000,0.0000E+000,0.0000E+000,0.0000E+000,0.0000E+000,0.0000E+000,0.0000E+000,0.0000E+000,0.0000E+000,0.0000E+000,0.0000E+000,0.0000E+000,0.0000E+000,0.0000E+000,0.0000E+000,0.0000E+000,0.0000E+000,0.0000E+000,0.0000E+000,0.0000E+000,0.0000E+000,0.0000E+000,0.0000E+000,0.0000E+000,0.0000E+000,
キビタキ,Unknown,2953.02,0.42,4.44,0.0000E+000,0.0000E+000,0.0000E+000,0.0000E+000,1.2241E-001,4.1787E-001,3.3043E-001,3.0439E-001,2.5283E-001,3.1817E-001,4.8867E-001,1.0000E+000,4.7870E-001,3.2492E-002,0.0000E+000,0.0000E+000,1.0000E+000,8.9501E-001,6.0054E-001,4.1105E-001,2.9822E-001,1.4540E-001,1.0541E-001,8.2971E-002,4.3248E-002,2.5959E-002,1.7588E-002,7.5230E-003,6.7839E-003,7.7388E-003,8.7124E-003,9.4651E-003,9.2442E-003,8.3660E-003,6.2903E-003,5.0929E-003,3.7451E-003,1.6184E-003,0.0000E+000,0.0000E+000,0.0000E+000,0.0000E+000,0.0000E+000,0.0000E+000,0.0000E+000,0.0000E+000,0.0000E+000,0.0000E+000,0.0000E+000,0.0000E+000,0.0000E+000,0.0000E+000,0.0000E+000,0.0000E+000,0.0000E+000,0.0000E+000,0.0000E+000,0.0000E+000,0.0000E+000,0.0000E+000,0.0000E+000,0.0000E+000,0.0000E+000,0.0000E+000,0.0000E+000,0.0000E+000,
キビタキ,雑音,2953.53,0.53,7.41,0.0000E+000,0.0000E+000,0.0000E+000,0.0000E+000,1.6218E-001,6.8373E-001,6.2707E-001,4.5759E-001,4.3361E-001,4.8456E-001,9.4802E-001,1.0000E+000,5.3438E-001,4.7472E-002,0.0000E+000,0.0000E+000,1.0000E+000,8.0636E-001,3.7698E-001,1.4125E-001,7.9989E-002,1.4625E-002,1.0520E-002,7.7351E-003,4.4720E-003,3.9934E-003,5.8755E-003,8.2445E-003,6.8993E-003,5.0671E-003,3.6752E-003,1.5780E-003,8.7271E-004,6.0234E-004,3.3072E-004,3.2948E-004,1.2914E-003,2.6431E-003,0.0000E+000,0.0000E+000,0.0000E+000,0.0000E+000,0.0000E+000,0.0000E+000,0.0000E+000,0.0000E+000,0.0000E+000,0.0000E+000,0.0000E+000,0.0000E+000,0.0000E+000,0.0000E+000,0.0000E+000,0.0000E+000,0.0000E+000,0.0000E+000,0.0000E+000,0.0000E+000,0.0000E+000,0.0000E+000,0.0000E+000,0.0000E+000,0.0000E+000,0.0000E+000,0.0000E+000,0.0000E+000,
キビタキ,雑音,2954.21,0.51,11.25,0.0000E+000,0.0000E+000,0.0000E+000,0.0000E+000,1.0459E-001,4.9012E-001,4.4954E-001,3.4144E-001,3.3120E-001,3.1761E-001,1.0000E+000,7.9398E-001,3.2681E-001,2.4792E-002,0.0000E+000,0.0000E+000,1.0000E+000,8.1583E-001,3.9004E-001,1.4841E-001,8.0512E-002,9.0123E-003,5.4106E-003,9.5735E-003,1.7825E-002,2.1913E-002,2.3111E-002,2.2441E-002,1.5047E-002,9.5202E-003,5.4789E-003,4.5189E-003,7.6004E-003,1.1350E-002,1.8224E-002,2.1350E-002,2.6396E-002,3.6613E-002,0.0000E+000,0.0000E+000,0.0000E+000,0.0000E+000,0.0000E+000,0.0000E+000,0.0000E+000,0.0000E+000,0.0000E+000,0.0000E+000,0.0000E+000,0.0000E+000,0.0000E+000,0.0000E+000,0.0000E+000,0.0000E+000,0.0000E+000,0.0000E+000,0.0000E+000,0.0000E+000,0.0000E+000,0.0000E+000,0.0000E+000,0.0000E+000,0.0000E+000,0.0000E+000,0.0000E+000,0.0000E+000,
キビタキ,Unknown,2992.77,0.33,6.85,0.0000E+000,0.0000E+000,0.0000E+000,0.0000E+000,3.8602E-002,1.5453E-001,1.3068E-001,8.9020E-002,7.1784E-002,1.0816E-001,4.6993E-001,1.0000E+000,9.4314E-001,2.4922E-002,0.0000E+000,0.0000E+000,1.0000E+000,8.7910E-001,5.4652E-001,3.3484E-001,2.3199E-001,1.1240E-001,9.5667E-002,7.2580E-002,2.7216E-002,4.9385E-003,6.8015E-003,1.3928E-002,1.7131E-002,1.5070E-002,1.4414E-002,1.4176E-002,1.4593E-002,1.2212E-002,7.1301E-003,4.4297E-003,3.3242E-003,1.6462E-003,0.0000E+000,0.0000E+000,0.0000E+000,0.0000E+000,0.0000E+000,0.0000E+000,0.0000E+000,0.0000E+000,0.0000E+000,0.0000E+000,0.0000E+000,0.0000E+000,0.0000E+000,0.0000E+000,0.0000E+000,0.0000E+000,0.0000E+000,0.0000E+000,0.0000E+000,0.0000E+000,0.0000E+000,0.0000E+000,0.0000E+000,0.0000E+000,0.0000E+000,0.0000E+000,0.0000E+000,0.0000E+000,
キビタキ,Unknown,2993.08,0.56,7.23,0.0000E+000,0.0000E+000,0.0000E+000,0.0000E+000,4.6630E-002,1.7930E-001,1.2890E-001,1.1678E-001,1.2280E-001,2.9331E-001,8.6030E-001,1.0000E+000,4.6953E-001,1.5239E-002,0.0000E+000,0.0000E+000,1.0000E+000,8.8088E-001,6.1570E-001,4.6964E-001,3.9403E-001,2.4272E-001,1.6703E-001,1.2027E-001,5.3789E-002,3.4063E-002,2.4294E-002,1.4792E-002,2.2579E-002,3.0101E-002,3.8911E-002,5.1729E-002,5.5738E-002,6.3659E-002,8.3236E-002,9.4893E-002,1.0404E-001,1.2779E-001,0.0000E+000,0.0000E+000,0.0000E+000,0.0000E+000,0.0000E+000,0.0000E+000,0.0000E+000,0.0000E+000,0.0000E+000,0.0000E+000,0.0000E+000,0.0000E+000,0.0000E+000,0.0000E+000,0.0000E+000,0.0000E+000,0.0000E+000,0.0000E+000,0.0000E+000,0.0000E+000,0.0000E+000,0.0000E+000,0.0000E+000,0.0000E+000,0.0000E+000,0.0000E+000,0.0000E+000,0.0000E+000,
キビタキ,Unknown,2994.14,0.53,7.40,0.0000E+000,0.0000E+000,0.0000E+000,0.0000E+000,4.5876E-002,1.6326E-001,1.0960E-001,9.4397E-002,1.2012E-001,1.1553E-001,4.8876E-001,1.0000E+000,2.7942E-001,1.2726E-002,0.0000E+000,0.0000E+000,1.0000E+000,7.7638E-001,3.2733E-001,1.0190E-001,5.5657E-002,5.5069E-003,1.6030E-003,2.1859E-003,2.3399E-003,1.9110E-003,2.3214E-003,1.9949E-003,7.1465E-004,1.7131E-004,8.0530E-004,1.1520E-003,8.6474E-004,6.6785E-004,2.6319E-003,4.7928E-003,1.0403E-002,1.9789E-002,0.0000E+000,0.0000E+000,0.0000E+000,0.0000E+000,0.0000E+000,0.0000E+000,0.0000E+000,0.0000E+000,0.0000E+000,0.0000E+000,0.0000E+000,0.0000E+000,0.0000E+000,0.0000E+000,0.0000E+000,0.0000E+000,0.0000E+000,0.0000E+000,0.0000E+000,0.0000E+000,0.0000E+000,0.0000E+000,0.0000E+000,0.0000E+000,0.0000E+000,0.0000E+000,0.0000E+000,0.0000E+000,
キビタキ,Unknown,3014.72,0.33,0.00,0.0000E+000,0.0000E+000,0.0000E+000,0.0000E+000,1.8703E-002,6.2821E-002,5.4814E-002,4.4281E-002,4.6631E-002,8.4367E-002,2.7641E-001,1.0000E+000,3.1313E-001,7.6122E-003,0.0000E+000,0.0000E+000,1.0000E+000,9.1117E-001,6.3276E-001,4.4319E-001,2.9361E-001,9.7516E-002,5.0991E-002,7.2074E-002,1.2137E-001,1.4959E-001,1.5396E-001,1.4177E-001,1.0522E-001,8.5228E-002,7.3795E-002,5.9243E-002,5.6124E-002,5.5717E-002,5.4543E-002,5.3776E-002,5.2998E-002,5.2119E-002,0.0000E+000,0.0000E+000,0.0000E+000,0.0000E+000,0.0000E+000,0.0000E+000,0.0000E+000,0.0000E+000,0.0000E+000,0.0000E+000,0.0000E+000,0.0000E+000,0.0000E+000,0.0000E+000,0.0000E+000,0.0000E+000,0.0000E+000,0.0000E+000,0.0000E+000,0.0000E+000,0.0000E+000,0.0000E+000,0.0000E+000,0.0000E+000,0.0000E+000,0.0000E+000,0.0000E+000,0.0000E+000,
キビタキ,Unknown,3058.11,0.44,20.66,0.0000E+000,0.0000E+000,0.0000E+000,0.0000E+000,1.6271E-002,3.5328E-002,3.4919E-002,2.8870E-002,5.1463E-002,9.4737E-002,2.9097E-001,1.0000E+000,5.2670E-001,5.4398E-003,0.0000E+000,0.0000E+000,1.0000E+000,9.1978E-001,7.0926E-001,5.7897E-001,5.2354E-001,4.5951E-001,4.5091E-001,4.3409E-001,3.8231E-001,3.4734E-001,3.0209E-001,2.1818E-001,1.6190E-001,1.4429E-001,1.4048E-001,1.2698E-001,1.1728E-001,9.6488E-002,5.7133E-002,3.8570E-002,3.1019E-002,2.1798E-002,0.0000E+000,0.0000E+000,0.0000E+000,0.0000E+000,0.0000E+000,0.0000E+000,0.0000E+000,0.0000E+000,0.0000E+000,0.0000E+000,0.0000E+000,0.0000E+000,0.0000E+000,0.0000E+000,0.0000E+000,0.0000E+000,0.0000E+000,0.0000E+000,0.0000E+000,0.0000E+000,0.0000E+000,0.0000E+000,0.0000E+000,0.0000E+000,0.0000E+000,0.0000E+000,0.0000E+000,0.0000E+000,
キビタキ,Unknown,3061.88,1.02,11.89,0.0000E+000,0.0000E+000,0.0000E+000,0.0000E+000,1.3585E-002,4.2236E-002,2.9994E-002,3.9512E-002,6.3529E-002,1.8987E-001,5.2234E-001,1.0000E+000,3.0532E-001,4.1937E-003,0.0000E+000,0.0000E+000,1.0000E+000,5.9134E-001,1.6616E-001,1.0240E-002,2.1225E-002,1.0256E-001,2.5645E-001,3.1780E-001,2.5037E-001,1.2861E-001,3.3793E-002,1.7573E-002,5.4188E-002,9.2620E-002,1.0592E-001,1.1395E-001,9.5393E-002,5.3955E-002,1.5163E-002,2.8055E-002,6.7728E-002,9.1250E-002,0.0000E+000,0.0000E+000,0.0000E+000,0.0000E+000,0.0000E+000,0.0000E+000,0.0000E+000,0.0000E+000,0.0000E+000,0.0000E+000,0.0000E+000,0.0000E+000,0.0000E+000,0.0000E+000,0.0000E+000,0.0000E+000,0.0000E+000,0.0000E+000,0.0000E+000,0.0000E+000,0.0000E+000,0.0000E+000,0.0000E+000,0.0000E+000,0.0000E+000,0.0000E+000,0.0000E+000,0.0000E+000,
キビタキ,Unknown,3138.66,0.58,21.46,0.0000E+000,0.0000E+000,0.0000E+000,0.0000E+000,7.6602E-003,3.1396E-002,2.6362E-002,6.8983E-002,1.2430E-001,5.7714E-002,2.1764E-001,1.0000E+000,4.4861E-001,8.2436E-003,0.0000E+000,0.0000E+000,1.0000E+000,8.6836E-001,5.4945E-001,3.6217E-001,3.4402E-001,3.8025E-001,4.3462E-001,4.1624E-001,3.4740E-001,2.9694E-001,3.1353E-001,3.8362E-001,4.3683E-001,4.3654E-001,3.9132E-001,3.2575E-001,3.0539E-001,3.1740E-001,3.3675E-001,3.4408E-001,3.5541E-001,4.0811E-001,0.0000E+000,0.0000E+000,0.0000E+000,0.0000E+000,0.0000E+000,0.0000E+000,0.0000E+000,0.0000E+000,0.0000E+000,0.0000E+000,0.0000E+000,0.0000E+000,0.0000E+000,0.0000E+000,0.0000E+000,0.0000E+000,0.0000E+000,0.0000E+000,0.0000E+000,0.0000E+000,0.0000E+000,0.0000E+000,0.0000E+000,0.0000E+000,0.0000E+000,0.0000E+000,0.0000E+000,0.0000E+000,
キビタキ,Unknown,3139.24,0.56,19.48,0.0000E+000,0.0000E+000,0.0000E+000,0.0000E+000,1.9719E-002,8.5844E-002,9.1389E-002,7.0464E-002,6.5339E-002,5.1266E-002,3.4010E-001,1.0000E+000,4.6205E-001,5.0467E-003,0.0000E+000,0.0000E+000,1.0000E+000,8.4530E-001,4.4671E-001,2.0283E-001,1.1413E-001,4.8347E-002,7.1268E-002,9.4537E-002,1.0811E-001,9.8420E-002,7.1366E-002,2.4449E-002,5.5922E-003,6.5983E-003,1.8435E-002,3.8277E-002,4.6282E-002,5.0175E-002,5.3607E-002,5.3146E-002,5.0882E-002,5.3025E-002,0.0000E+000,0.0000E+000,0.0000E+000,0.0000E+000,0.0000E+000,0.0000E+000,0.0000E+000,0.0000E+000,0.0000E+000,0.0000E+000,0.0000E+000,0.0000E+000,0.0000E+000,0.0000E+000,0.0000E+000,0.0000E+000,0.0000E+000,0.0000E+000,0.0000E+000,0.0000E+000,0.0000E+000,0.0000E+000,0.0000E+000,0.0000E+000,0.0000E+000,0.0000E+000,0.0000E+000,0.0000E+000,
キビタキ,Unknown,3140.03,1.21,15.56,0.0000E+000,0.0000E+000,0.0000E+000,0.0000E+000,1.3667E-002,5.0166E-002,3.5299E-002,4.0211E-002,6.8708E-002,7.1708E-002,4.2701E-001,1.0000E+000,3.4723E-001,6.0236E-003,0.0000E+000,0.0000E+000,1.0000E+000,3.4871E-001,2.2815E-001,4.6806E-001,1.8403E-001,5.8561E-002,1.4774E-001,7.6388E-002,2.8880E-002,1.1416E-001,1.1861E-001,4.2236E-002,7.0700E-002,6.0624E-002,9.2854E-003,3.0698E-002,3.9028E-002,1.3429E-002,4.4413E-002,1.1616E-001,5.6817E-002,7.4391E-002,0.0000E+000,0.0000E+000,0.0000E+000,0.0000E+000,0.0000E+000,0.0000E+000,0.0000E+000,0.0000E+000,0.0000E+000,0.0000E+000,0.0000E+000,0.0000E+000,0.0000E+000,0.0000E+000,0.0000E+000,0.0000E+000,0.0000E+000,0.0000E+000,0.0000E+000,0.0000E+000,0.0000E+000,0.0000E+000,0.0000E+000,0.0000E+000,0.0000E+000,0.0000E+000,0.0000E+000,0.0000E+000,
キビタキ,Unknown,3179.90,0.44,20.24,0.0000E+000,0.0000E+000,0.0000E+000,0.0000E+000,1.8215E-002,6.6157E-002,4.9649E-002,4.7138E-002,5.0908E-002,8.8475E-002,4.7647E-001,1.0000E+000,3.6562E-001,1.4633E-002,0.0000E+000,0.0000E+000,1.0000E+000,8.3169E-001,4.1699E-001,1.7059E-001,9.8378E-002,4.7237E-002,6.8311E-002,8.1769E-002,8.3671E-002,7.2115E-002,5.9946E-002,5.0140E-002,5.9718E-002,6.6931E-002,6.9513E-002,7.3136E-002,7.4178E-002,7.5637E-002,7.4686E-002,7.2275E-002,6.8279E-002,6.3749E-002,0.0000E+000,0.0000E+000,0.0000E+000,0.0000E+000,0.0000E+000,0.0000E+000,0.0000E+000,0.0000E+000,0.0000E+000,0.0000E+000,0.0000E+000,0.0000E+000,0.0000E+000,0.0000E+000,0.0000E+000,0.0000E+000,0.0000E+000,0.0000E+000,0.0000E+000,0.0000E+000,0.0000E+000,0.0000E+000,0.0000E+000,0.0000E+000,0.0000E+000,0.0000E+000,0.0000E+000,0.0000E+000,
キビタキ,Unknown,3180.55,0.42,13.47,0.0000E+000,0.0000E+000,0.0000E+000,0.0000E+000,1.1093E-002,4.8664E-002,4.2431E-002,4.0829E-002,4.1923E-002,3.7648E-002,1.4061E-001,1.0000E+000,5.3021E-001,1.4761E-002,0.0000E+000,0.0000E+000,1.0000E+000,9.3498E-001,7.2640E-001,5.8283E-001,4.4926E-001,2.3125E-001,1.4682E-001,1.0453E-001,4.5498E-002,2.8751E-002,2.5778E-002,2.7965E-002,4.1942E-002,5.0757E-002,5.6002E-002,5.9691E-002,5.8133E-002,5.3895E-002,4.6906E-002,4.4155E-002,4.3189E-002,4.1989E-002,0.0000E+000,0.0000E+000,0.0000E+000,0.0000E+000,0.0000E+000,0.0000E+000,0.0000E+000,0.0000E+000,0.0000E+000,0.0000E+000,0.0000E+000,0.0000E+000,0.0000E+000,0.0000E+000,0.0000E+000,0.0000E+000,0.0000E+000,0.0000E+000,0.0000E+000,0.0000E+000,0.0000E+000,0.0000E+000,0.0000E+000,0.0000E+000,0.0000E+000,0.0000E+000,0.0000E+000,0.0000E+000,
キビタキ,Unknown,3180.95,0.49,10.24,0.0000E+000,0.0000E+000,0.0000E+000,0.0000E+000,3.1006E-002,8.3190E-002,6.9183E-002,6.6352E-002,2.0860E-001,3.2655E-001,3.0685E-001,1.0000E+000,5.3342E-001,1.6931E-002,0.0000E+000,0.0000E+000,1.0000E+000,7.3026E-001,3.4768E-001,2.3485E-001,3.0373E-001,2.4958E-001,1.2655E-001,1.2645E-001,1.2962E-001,1.3289E-001,9.3258E-002,8.5640E-002,1.0761E-001,9.7565E-002,6.5163E-002,5.7222E-002,8.1683E-002,8.4368E-002,5.9146E-002,3.1240E-002,3.4242E-002,4.0206E-002,0.0000E+000,0.0000E+000,0.0000E+000,0.0000E+000,0.0000E+000,0.0000E+000,0.0000E+000,0.0000E+000,0.0000E+000,0.0000E+000,0.0000E+000,0.0000E+000,0.0000E+000,0.0000E+000,0.0000E+000,0.0000E+000,0.0000E+000,0.0000E+000,0.0000E+000,0.0000E+000,0.0000E+000,0.0000E+000,0.0000E+000,0.0000E+000,0.0000E+000,0.0000E+000,0.0000E+000,0.0000E+000,
キビタキ,Unknown,3181.41,0.42,15.91,0.0000E+000,0.0000E+000,0.0000E+000,0.0000E+000,2.4130E-002,8.4941E-002,7.5396E-002,8.4262E-002,8.2630E-002,1.3101E-001,3.2750E-001,1.0000E+000,5.4722E-001,1.0190E-002,0.0000E+000,0.0000E+000,1.0000E+000,8.2091E-001,3.8661E-001,1.3140E-001,9.1188E-002,8.7558E-002,1.2414E-001,9.8008E-002,4.0938E-002,9.9994E-003,1.2276E-002,2.2372E-002,3.2099E-002,3.4009E-002,3.1756E-002,2.0894E-002,1.2284E-002,7.9559E-003,1.2400E-002,2.1173E-002,2.7643E-002,2.5436E-002,0.0000E+000,0.0000E+000,0.0000E+000,0.0000E+000,0.0000E+000,0.0000E+000,0.0000E+000,0.0000E+000,0.0000E+000,0.0000E+000,0.0000E+000,0.0000E+000,0.0000E+000,0.0000E+000,0.0000E+000,0.0000E+000,0.0000E+000,0.0000E+000,0.0000E+000,0.0000E+000,0.0000E+000,0.0000E+000,0.0000E+000,0.0000E+000,0.0000E+000,0.0000E+000,0.0000E+000,0.0000E+000,
キビタキ,Unknown,3203.82,0.51,6.57,0.0000E+000,0.0000E+000,0.0000E+000,0.0000E+000,1.5355E-001,1.4769E-001,5.8989E-002,5.4141E-002,6.1785E-002,9.6321E-002,2.5116E-001,1.0000E+000,6.4608E-001,1.6451E-002,0.0000E+000,0.0000E+000,1.0000E+000,8.9973E-001,6.2108E-001,4.4271E-001,3.2955E-001,1.6833E-001,1.2029E-001,1.0855E-001,1.1314E-001,1.2948E-001,1.5157E-001,1.7396E-001,1.5289E-001,1.3152E-001,1.0516E-001,5.7374E-002,3.5951E-002,2.3721E-002,1.0202E-002,8.9115E-003,1.5962E-002,3.2984E-002,0.0000E+000,0.0000E+000,0.0000E+000,0.0000E+000,0.0000E+000,0.0000E+000,0.0000E+000,0.0000E+000,0.0000E+000,0.0000E+000,0.0000E+000,0.0000E+000,0.0000E+000,0.0000E+000,0.0000E+000,0.0000E+000,0.0000E+000,0.0000E+000,0.0000E+000,0.0000E+000,0.0000E+000,0.0000E+000,0.0000E+000,0.0000E+000,0.0000E+000,0.0000E+000,0.0000E+000,0.0000E+000,
キビタキ,Unknown,3204.38,0.35,5.83,0.0000E+000,0.0000E+000,0.0000E+000,0.0000E+000,1.0970E-001,1.5668E-001,9.2359E-002,8.5711E-002,1.1659E-001,1.6700E-001,5.8854E-001,1.0000E+000,5.1676E-001,6.8462E-002,0.0000E+000,0.0000E+000,1.0000E+000,8.8159E-001,5.4939E-001,3.3558E-001,2.1209E-001,6.0385E-002,3.2180E-002,4.2398E-002,6.5457E-002,7.8298E-002,6.9281E-002,4.1335E-002,1.5985E-002,9.5648E-003,1.2346E-002,1.8169E-002,2.1210E-002,2.3671E-002,2.7050E-002,2.7968E-002,2.4586E-002,1.4850E-002,0.0000E+000,0.0000E+000,0.0000E+000,0.0000E+000,0.0000E+000,0.0000E+000,0.0000E+000,0.0000E+000,0.0000E+000,0.0000E+000,0.0000E+000,0.0000E+000,0.0000E+000,0.0000E+000,0.0000E+000,0.0000E+000,0.0000E+000,0.0000E+000,0.0000E+000,0.0000E+000,0.0000E+000,0.0000E+000,0.0000E+000,0.0000E+000,0.0000E+000,0.0000E+000,0.0000E+000,0.0000E+000,
キビタキ,Unknown,3265.91,0.33,2.16,0.0000E+000,0.0000E+000,0.0000E+000,0.0000E+000,1.4315E-002,4.1638E-002,4.3260E-002,3.8168E-002,4.7045E-002,8.4468E-002,4.2919E-001,1.0000E+000,4.0876E-001,6.9122E-003,0.0000E+000,0.0000E+000,1.0000E+000,9.4336E-001,7.5774E-001,6.2876E-001,5.0171E-001,2.8777E-001,2.0088E-001,1.5302E-001,8.4394E-002,6.3632E-002,5.8179E-002,5.2642E-002,5.1901E-002,5.1245E-002,4.7369E-002,3.6950E-002,3.0406E-002,2.4484E-002,1.5430E-002,1.2298E-002,1.1129E-002,9.3451E-003,0.0000E+000,0.0000E+000,0.0000E+000,0.0000E+000,0.0000E+000,0.0000E+000,0.0000E+000,0.0000E+000,0.0000E+000,0.0000E+000,0.0000E+000,0.0000E+000,0.0000E+000,0.0000E+000,0.0000E+000,0.0000E+000,0.0000E+000,0.0000E+000,0.0000E+000,0.0000E+000,0.0000E+000,0.0000E+000,0.0000E+000,0.0000E+000,0.0000E+000,0.0000E+000,0.0000E+000,0.0000E+000,
キビタキ,Unknown,3266.89,0.77,3.44,0.0000E+000,0.0000E+000,0.0000E+000,0.0000E+000,2.9620E-002,9.1145E-002,9.5445E-002,9.0070E-002,9.6279E-002,1.3468E-001,8.9043E-001,1.0000E+000,6.6813E-001,2.2812E-002,0.0000E+000,0.0000E+000,1.0000E+000,5.1337E-001,3.1265E-001,3.1037E-001,1.9993E-001,1.7927E-001,1.0044E-001,4.5557E-002,5.4379E-002,7.0411E-002,7.3478E-002,4.6738E-002,1.4414E-002,1.3505E-002,1.3989E-002,1.0955E-002,5.6670E-003,2.3334E-003,6.5738E-003,7.2970E-003,4.5678E-003,7.2767E-003,0.0000E+000,0.0000E+000,0.0000E+000,0.0000E+000,0.0000E+000,0.0000E+000,0.0000E+000,0.0000E+000,0.0000E+000,0.0000E+000,0.0000E+000,0.0000E+000,0.0000E+000,0.0000E+000,0.0000E+000,0.0000E+000,0.0000E+000,0.0000E+000,0.0000E+000,0.0000E+000,0.0000E+000,0.0000E+000,0.0000E+000,0.0000E+000,0.0000E+000,0.0000E+000,0.0000E+000,0.0000E+000,
キビタキ,Unknown,3267.63,0.79,18.39,0.0000E+000,0.0000E+000,0.0000E+000,0.0000E+000,3.1046E-002,9.4277E-002,8.3296E-002,7.0878E-002,7.9206E-002,1.8803E-001,5.6778E-001,1.0000E+000,4.9993E-001,1.5452E-002,0.0000E+000,0.0000E+000,1.0000E+000,4.7652E-001,8.8074E-002,1.1138E-001,1.2720E-001,7.2368E-002,3.8710E-002,1.0709E-001,1.0323E-001,3.0238E-002,1.7871E-002,1.5506E-002,1.3286E-002,1.2156E-002,3.1251E-002,2.2562E-002,2.1437E-002,6.2156E-002,4.5155E-002,2.2888E-002,3.3690E-002,2.6131E-002,0.0000E+000,0.0000E+000,0.0000E+000,0.0000E+000,0.0000E+000,0.0000E+000,0.0000E+000,0.0000E+000,0.0000E+000,0.0000E+000,0.0000E+000,0.0000E+000,0.0000E+000,0.0000E+000,0.0000E+000,0.0000E+000,0.0000E+000,0.0000E+000,0.0000E+000,0.0000E+000,0.0000E+000,0.0000E+000,0.0000E+000,0.0000E+000,0.0000E+000,0.0000E+000,0.0000E+000,0.0000E+000,
キビタキ,Unknown,3281.10,0.33,6.99,0.0000E+000,0.0000E+000,0.0000E+000,0.0000E+000,2.1274E-002,8.2054E-002,7.2760E-002,6.0172E-002,5.9862E-002,2.2747E-001,7.2737E-001,1.0000E+000,3.0935E-001,7.5850E-003,0.0000E+000,0.0000E+000,1.0000E+000,8.7355E-001,5.0978E-001,2.7246E-001,1.4935E-001,4.5953E-002,6.5670E-002,1.0161E-001,1.1847E-001,9.9394E-002,6.1667E-002,1.2621E-002,9.6229E-003,1.7945E-002,1.9498E-002,1.3352E-002,5.6532E-003,3.2157E-003,5.8860E-003,1.0994E-002,1.3229E-002,1.1448E-002,0.0000E+000,0.0000E+000,0.0000E+000,0.0000E+000,0.0000E+000,0.0000E+000,0.0000E+000,0.0000E+000,0.0000E+000,0.0000E+000,0.0000E+000,0.0000E+000,0.0000E+000,0.0000E+000,0.0000E+000,0.0000E+000,0.0000E+000,0.0000E+000,0.0000E+000,0.0000E+000,0.0000E+000,0.0000E+000,0.0000E+000,0.0000E+000,0.0000E+000,0.0000E+000,0.0000E+000,0.0000E+000,
キビタキ,Unknown,3281.49,0.37,7.25,0.0000E+000,0.0000E+000,0.0000E+000,0.0000E+000,2.6416E-002,9.9540E-002,6.6240E-002,7.2733E-002,1.8831E-001,1.4702E-001,4.5415E-001,1.0000E+000,6.0288E-001,3.8515E-002,0.0000E+000,0.0000E+000,1.0000E+000,8.8170E-001,5.6030E-001,3.5720E-001,2.4941E-001,1.0446E-001,6.7297E-002,4.5829E-002,2.0104E-002,1.5846E-002,2.0059E-002,2.3090E-002,1.9481E-002,1.7052E-002,1.8418E-002,1.9833E-002,1.9882E-002,1.5522E-002,6.8823E-003,2.6031E-003,3.1999E-003,8.4990E-003,0.0000E+000,0.0000E+000,0.0000E+000,0.0000E+000,0.0000E+000,0.0000E+000,0.0000E+000,0.0000E+000,0.0000E+000,0.0000E+000,0.0000E+000,0.0000E+000,0.0000E+000,0.0000E+000,0.0000E+000,0.0000E+000,0.0000E+000,0.0000E+000,0.0000E+000,0.0000E+000,0.0000E+000,0.0000E+000,0.0000E+000,0.0000E+000,0.0000E+000,0.0000E+000,0.0000E+000,0.0000E+000,
キビタキ,Unknown,3281.89,0.84,4.68,0.0000E+000,0.0000E+000,0.0000E+000,0.0000E+000,2.0536E-002,8.4326E-002,6.8580E-002,5.4286E-002,6.2971E-002,8.4130E-002,6.2519E-001,1.0000E+000,4.9913E-001,1.5404E-002,0.0000E+000,0.0000E+000,1.0000E+000,4.0463E-001,1.1632E-001,2.2721E-001,1.0526E-001,4.8606E-002,6.8028E-002,3.1522E-002,3.3506E-002,2.9664E-002,1.7849E-002,2.2429E-002,1.3574E-002,4.3177E-003,5.9516E-003,5.4831E-003,4.5584E-003,5.5187E-003,9.4167E-003,1.5760E-002,8.9244E-003,7.6075E-003,0.0000E+000,0.0000E+000,0.0000E+000,0.0000E+000,0.0000E+000,0.0000E+000,0.0000E+000,0.0000E+000,0.0000E+000,0.0000E+000,0.0000E+000,0.0000E+000,0.0000E+000,0.0000E+000,0.0000E+000,0.0000E+000,0.0000E+000,0.0000E+000,0.0000E+000,0.0000E+000,0.0000E+000,0.0000E+000,0.0000E+000,0.0000E+000,0.0000E+000,0.0000E+000,0.0000E+000,0.0000E+000,
キビタキ,Unknown,3282.77,0.56,14.17,0.0000E+000,0.0000E+000,0.0000E+000,0.0000E+000,4.6277E-002,1.5404E-001,1.2177E-001,1.1374E-001,2.0814E-001,5.2173E-001,6.2845E-001,1.0000E+000,6.5084E-001,7.3508E-002,0.0000E+000,0.0000E+000,1.0000E+000,8.7115E-001,5.7275E-001,4.0318E-001,3.4487E-001,2.5997E-001,2.3340E-001,1.9955E-001,1.4328E-001,1.2086E-001,1.0763E-001,8.5739E-002,8.3974E-002,9.0879E-002,1.1622E-001,1.5549E-001,1.6941E-001,1.5405E-001,1.2609E-001,1.1351E-001,1.1159E-001,1.0083E-001,0.0000E+000,0.0000E+000,0.0000E+000,0.0000E+000,0.0000E+000,0.0000E+000,0.0000E+000,0.0000E+000,0.0000E+000,0.0000E+000,0.0000E+000,0.0000E+000,0.0000E+000,0.0000E+000,0.0000E+000,0.0000E+000,0.0000E+000,0.0000E+000,0.0000E+000,0.0000E+000,0.0000E+000,0.0000E+000,0.0000E+000,0.0000E+000,0.0000E+000,0.0000E+000,0.0000E+000,0.0000E+000,
キビタキ,Unknown,3285.34,1.30,11.21,0.0000E+000,0.0000E+000,0.0000E+000,0.0000E+000,1.0415E-001,1.6417E-001,5.8984E-002,5.3930E-002,7.4138E-002,1.3133E-001,3.8812E-001,1.0000E+000,4.6384E-001,1.5901E-002,0.0000E+000,0.0000E+000,1.0000E+000,4.0114E-001,1.5781E-001,7.4149E-002,1.3128E-001,1.4725E-001,1.8428E-001,1.1103E-001,3.8314E-002,1.2583E-002,1.6258E-002,3.9959E-002,4.9203E-002,3.7505E-002,2.0988E-002,1.2766E-002,7.4222E-003,1.6614E-002,2.9176E-002,4.3998E-002,2.2321E-002,2.4260E-002,0.0000E+000,0.0000E+000,0.0000E+000,0.0000E+000,0.0000E+000,0.0000E+000,0.0000E+000,0.0000E+000,0.0000E+000,0.0000E+000,0.0000E+000,0.0000E+000,0.0000E+000,0.0000E+000,0.0000E+000,0.0000E+000,0.0000E+000,0.0000E+000,0.0000E+000,0.0000E+000,0.0000E+000,0.0000E+000,0.0000E+000,0.0000E+000,0.0000E+000,0.0000E+000,0.0000E+000,0.0000E+000,
キビタキ,Unknown,3396.68,0.35,14.85,0.0000E+000,0.0000E+000,0.0000E+000,0.0000E+000,1.6459E-002,5.8696E-002,4.7827E-002,5.8905E-002,1.1809E-001,1.0342E-001,4.2901E-001,1.0000E+000,2.8095E-001,4.2629E-003,0.0000E+000,0.0000E+000,1.0000E+000,9.2575E-001,7.2516E-001,5.9882E-001,5.1997E-001,3.7089E-001,3.0067E-001,2.2293E-001,1.0159E-001,5.7975E-002,4.1337E-002,1.3706E-002,3.4147E-003,4.1171E-003,1.0550E-002,2.3586E-002,3.0189E-002,4.3791E-002,6.8357E-002,7.9321E-002,8.0996E-002,8.7410E-002,0.0000E+000,0.0000E+000,0.0000E+000,0.0000E+000,0.0000E+000,0.0000E+000,0.0000E+000,0.0000E+000,0.0000E+000,0.0000E+000,0.0000E+000,0.0000E+000,0.0000E+000,0.0000E+000,0.0000E+000,0.0000E+000,0.0000E+000,0.0000E+000,0.0000E+000,0.0000E+000,0.0000E+000,0.0000E+000,0.0000E+000,0.0000E+000,0.0000E+000,0.0000E+000,0.0000E+000,0.0000E+000,
キビタキ,Unknown,3397.78,0.44,12.90,0.0000E+000,0.0000E+000,0.0000E+000,0.0000E+000,4.6198E-002,1.2445E-001,1.0970E-001,1.1059E-001,1.2217E-001,1.8217E-001,7.0432E-001,1.0000E+000,3.6372E-001,1.1819E-002,0.0000E+000,0.0000E+000,1.0000E+000,8.1245E-001,3.9415E-001,1.6340E-001,1.3057E-001,8.2320E-002,6.6910E-002,4.2514E-002,2.5425E-002,3.2732E-002,2.9955E-002,1.7066E-002,6.4536E-003,5.9546E-003,4.7684E-003,2.3054E-003,1.0285E-003,2.0936E-003,2.4582E-003,1.7577E-003,4.2468E-003,1.1015E-002,0.0000E+000,0.0000E+000,0.0000E+000,0.0000E+000,0.0000E+000,0.0000E+000,0.0000E+000,0.0000E+000,0.0000E+000,0.0000E+000,0.0000E+000,0.0000E+000,0.0000E+000,0.0000E+000,0.0000E+000,0.0000E+000,0.0000E+000,0.0000E+000,0.0000E+000,0.0000E+000,0.0000E+000,0.0000E+000,0.0000E+000,0.0000E+000,0.0000E+000,0.0000E+000,0.0000E+000,0.0000E+000,
キビタキ,ヒヨドリ,3529.15,0.35,14.78,0.0000E+000,0.0000E+000,0.0000E+000,0.0000E+000,1.0895E-001,2.8290E-001,2.3976E-001,2.1408E-001,3.2459E-001,4.3278E-001,9.5769E-001,1.0000E+000,6.6508E-001,1.8734E-002,0.0000E+000,0.0000E+000,1.0000E+000,7.9183E-001,3.2289E-001,6.2116E-002,6.7077E-002,1.1097E-001,1.4991E-001,1.1025E-001,6.3299E-002,5.6007E-002,6.8063E-002,6.7372E-002,4.5293E-002,3.5961E-002,4.8255E-002,6.4012E-002,6.7476E-002,5.6352E-002,7.3087E-002,1.0095E-001,1.3731E-001,1.3267E-001,0.0000E+000,0.0000E+000,0.0000E+000,0.0000E+000,0.0000E+000,0.0000E+000,0.0000E+000,0.0000E+000,0.0000E+000,0.0000E+000,0.0000E+000,0.0000E+000,0.0000E+000,0.0000E+000,0.0000E+000,0.0000E+000,0.0000E+000,0.0000E+000,0.0000E+000,0.0000E+000,0.0000E+000,0.0000E+000,0.0000E+000,0.0000E+000,0.0000E+000,0.0000E+000,0.0000E+000,0.0000E+000,
キビタキ,Unknown,3537.19,0.33,7.20,0.0000E+000,0.0000E+000,0.0000E+000,0.0000E+000,6.8986E-002,3.1038E-001,2.8769E-001,2.2690E-001,2.0316E-001,2.4845E-001,4.2567E-001,1.0000E+000,5.1230E-001,1.6037E-002,0.0000E+000,0.0000E+000,1.0000E+000,9.3038E-001,7.0695E-001,5.5314E-001,4.1575E-001,2.0443E-001,1.3051E-001,1.0282E-001,6.3943E-002,5.2761E-002,4.5169E-002,3.1766E-002,2.1970E-002,1.7985E-002,1.5934E-002,1.3441E-002,1.2999E-002,1.3456E-002,1.6719E-002,1.9525E-002,2.7511E-002,4.6402E-002,0.0000E+000,0.0000E+000,0.0000E+000,0.0000E+000,0.0000E+000,0.0000E+000,0.0000E+000,0.0000E+000,0.0000E+000,0.0000E+000,0.0000E+000,0.0000E+000,0.0000E+000,0.0000E+000,0.0000E+000,0.0000E+000,0.0000E+000,0.0000E+000,0.0000E+000,0.0000E+000,0.0000E+000,0.0000E+000,0.0000E+000,0.0000E+000,0.0000E+000,0.0000E+000,0.0000E+000,0.0000E+000,
キビタキ,Unknown,3552.54,0.37,13.69,0.0000E+000,0.0000E+000,0.0000E+000,0.0000E+000,5.0868E-002,1.5528E-001,1.8545E-001,1.1592E-001,8.7139E-002,7.5086E-002,1.0000E+000,6.2246E-001,5.9179E-002,7.7125E-003,0.0000E+000,0.0000E+000,1.0000E+000,8.9026E-001,5.7023E-001,3.5994E-001,2.2458E-001,5.1243E-002,1.3275E-002,1.1686E-002,1.5131E-002,2.0166E-002,2.6020E-002,3.3910E-002,3.3117E-002,3.0289E-002,2.4170E-002,1.2409E-002,6.7670E-003,5.3044E-003,5.5324E-003,7.2230E-003,8.9470E-003,1.1531E-002,0.0000E+000,0.0000E+000,0.0000E+000,0.0000E+000,0.0000E+000,0.0000E+000,0.0000E+000,0.0000E+000,0.0000E+000,0.0000E+000,0.0000E+000,0.0000E+000,0.0000E+000,0.0000E+000,0.0000E+000,0.0000E+000,0.0000E+000,0.0000E+000,0.0000E+000,0.0000E+000,0.0000E+000,0.0000E+000,0.0000E+000,0.0000E+000,0.0000E+000,0.0000E+000,0.0000E+000,0.0000E+000,
キビタキ,Unknown,3583.93,0.37,11.62,0.0000E+000,0.0000E+000,0.0000E+000,0.0000E+000,6.1416E-002,2.1985E-001,1.9682E-001,1.6388E-001,1.2597E-001,1.4492E-001,1.0000E+000,2.6755E-001,7.6019E-002,7.1633E-003,0.0000E+000,0.0000E+000,1.0000E+000,8.6701E-001,4.9596E-001,2.5792E-001,1.3974E-001,2.2542E-002,2.3521E-002,3.7074E-002,4.2029E-002,3.3432E-002,2.0554E-002,5.5989E-003,1.0007E-002,1.6491E-002,1.6724E-002,1.0008E-002,3.0599E-003,3.5530E-003,1.1988E-002,1.9929E-002,2.2869E-002,2.2887E-002,0.0000E+000,0.0000E+000,0.0000E+000,0.0000E+000,0.0000E+000,0.0000E+000,0.0000E+000,0.0000E+000,0.0000E+000,0.0000E+000,0.0000E+000,0.0000E+000,0.0000E+000,0.0000E+000,0.0000E+000,0.0000E+000,0.0000E+000,0.0000E+000,0.0000E+000,0.0000E+000,0.0000E+000,0.0000E+000,0.0000E+000,0.0000E+000,0.0000E+000,0.0000E+000,0.0000E+000,0.0000E+000,
キビタキ,Unknown,3617.67,0.86,13.33,0.0000E+000,0.0000E+000,0.0000E+000,0.0000E+000,4.9183E-002,2.2235E-001,1.7596E-001,1.4873E-001,1.3443E-001,1.6891E-001,3.7730E-001,1.0000E+000,5.6618E-001,1.6814E-002,0.0000E+000,0.0000E+000,1.0000E+000,5.9037E-001,1.2816E-001,6.5943E-002,1.5940E-001,1.1303E-001,2.4569E-002,1.6142E-002,5.1929E-002,9.1480E-002,8.3374E-002,4.2360E-002,9.8883E-003,2.4432E-002,4.3992E-002,3.1251E-002,1.0969E-002,9.2777E-003,1.9649E-002,2.3920E-002,1.7494E-002,7.8428E-003,0.0000E+000,0.0000E+000,0.0000E+000,0.0000E+000,0.0000E+000,0.0000E+000,0.0000E+000,0.0000E+000,0.0000E+000,0.0000E+000,0.0000E+000,0.0000E+000,0.0000E+000,0.0000E+000,0.0000E+000,0.0000E+000,0.0000E+000,0.0000E+000,0.0000E+000,0.0000E+000,0.0000E+000,0.0000E+000,0.0000E+000,0.0000E+000,0.0000E+000,0.0000E+000,0.0000E+000,0.0000E+000,
キビタキ,Unknown,3618.50,0.72,13.99,0.0000E+000,0.0000E+000,0.0000E+000,0.0000E+000,1.1884E-001,4.1859E-001,3.6869E-001,3.6777E-001,3.1557E-001,4.9385E-001,1.0000E+000,9.9638E-001,5.9806E-001,2.7017E-002,0.0000E+000,0.0000E+000,1.0000E+000,7.4528E-001,2.9987E-001,1.0918E-001,1.2700E-001,1.1933E-001,9.3833E-002,5.3029E-002,2.4122E-002,3.6019E-002,4.8015E-002,5.0600E-002,3.3988E-002,2.6786E-002,2.5437E-002,2.0655E-002,1.7221E-002,1.1244E-002,3.7631E-003,2.2588E-003,1.1829E-002,2.3781E-002,0.0000E+000,0.0000E+000,0.0000E+000,0.0000E+000,0.0000E+000,0.0000E+000,0.0000E+000,0.0000E+000,0.0000E+000,0.0000E+000,0.0000E+000,0.0000E+000,0.0000E+000,0.0000E+000,0.0000E+000,0.0000E+000,0.0000E+000,0.0000E+000,0.0000E+000,0.0000E+000,0.0000E+000,0.0000E+000,0.0000E+000,0.0000E+000,0.0000E+000,0.0000E+000,0.0000E+000,0.0000E+000,
キビタキ,Unknown,3619.20,0.39,12.05,0.0000E+000,0.0000E+000,0.0000E+000,0.0000E+000,1.1658E-001,3.0735E-001,2.1764E-001,2.0599E-001,2.2670E-001,2.3814E-001,3.0546E-001,1.0000E+000,4.8962E-001,1.8436E-002,0.0000E+000,0.0000E+000,1.0000E+000,9.0352E-001,6.1318E-001,4.1932E-001,2.7625E-001,7.6749E-002,2.0316E-002,1.1529E-002,9.8350E-003,1.6929E-002,2.4479E-002,3.2698E-002,2.8432E-002,2.3498E-002,1.9632E-002,1.7926E-002,2.0086E-002,2.6288E-002,3.6793E-002,4.1097E-002,3.9340E-002,3.0910E-002,0.0000E+000,0.0000E+000,0.0000E+000,0.0000E+000,0.0000E+000,0.0000E+000,0.0000E+000,0.0000E+000,0.0000E+000,0.0000E+000,0.0000E+000,0.0000E+000,0.0000E+000,0.0000E+000,0.0000E+000,0.0000E+000,0.0000E+000,0.0000E+000,0.0000E+000,0.0000E+000,0.0000E+000,0.0000E+000,0.0000E+000,0.0000E+000,0.0000E+000,0.0000E+000,0.0000E+000,0.0000E+000,
キビタキ,雑音,3692.20,0.42,1.98,0.0000E+000,0.0000E+000,0.0000E+000,0.0000E+000,2.5175E-001,1.0000E+000,8.7922E-001,8.1337E-001,8.3594E-001,8.0993E-001,8.5054E-001,6.4167E-001,4.1700E-001,5.1313E-002,0.0000E+000,0.0000E+000,1.0000E+000,8.4489E-001,4.4956E-001,2.0935E-001,1.1654E-001,1.8786E-002,1.3847E-002,1.5839E-002,1.4904E-002,1.1977E-002,8.4178E-003,2.8057E-003,2.7156E-003,4.6780E-003,9.8887E-003,1.7960E-002,2.0820E-002,1.8417E-002,1.3171E-002,1.0328E-002,1.1374E-002,1.2219E-002,0.0000E+000,0.0000E+000,0.0000E+000,0.0000E+000,0.0000E+000,0.0000E+000,0.0000E+000,0.0000E+000,0.0000E+000,0.0000E+000,0.0000E+000,0.0000E+000,0.0000E+000,0.0000E+000,0.0000E+000,0.0000E+000,0.0000E+000,0.0000E+000,0.0000E+000,0.0000E+000,0.0000E+000,0.0000E+000,0.0000E+000,0.0000E+000,0.0000E+000,0.0000E+000,0.0000E+000,0.0000E+000,
キビタキ,Unknown,3761.98,0.35,13.27,0.0000E+000,0.0000E+000,0.0000E+000,0.0000E+000,8.1325E-002,1.6987E-001,1.0972E-001,8.4466E-002,8.1701E-002,1.0000E+000,8.9553E-001,1.1229E-001,8.9861E-002,9.7152E-003,0.0000E+000,0.0000E+000,1.0000E+000,8.7952E-001,5.3634E-001,3.1364E-001,1.9056E-001,5.4716E-002,4.1949E-002,4.8116E-002,4.7659E-002,4.1036E-002,3.4948E-002,2.5639E-002,1.7892E-002,1.3366E-002,9.6896E-003,6.6846E-003,7.3558E-003,1.0937E-002,1.6054E-002,1.7589E-002,1.4897E-002,8.0948E-003,0.0000E+000,0.0000E+000,0.0000E+000,0.0000E+000,0.0000E+000,0.0000E+000,0.0000E+000,0.0000E+000,0.0000E+000,0.0000E+000,0.0000E+000,0.0000E+000,0.0000E+000,0.0000E+000,0.0000E+000,0.0000E+000,0.0000E+000,0.0000E+000,0.0000E+000,0.0000E+000,0.0000E+000,0.0000E+000,0.0000E+000,0.0000E+000,0.0000E+000,0.0000E+000,0.0000E+000,0.0000E+000,
キビタキ,Unknown,3776.80,0.44,18.87,0.0000E+000,0.0000E+000,0.0000E+000,0.0000E+000,1.7617E-002,6.0805E-002,5.2064E-002,4.8102E-002,4.7124E-002,9.9310E-001,1.0000E+000,7.8465E-002,5.8073E-002,3.6120E-003,0.0000E+000,0.0000E+000,1.0000E+000,8.8596E-001,5.7805E-001,3.8416E-001,2.9227E-001,1.8305E-001,1.6573E-001,1.4449E-001,9.2728E-002,6.2206E-002,4.0656E-002,1.2117E-002,5.5520E-003,5.9772E-003,4.7489E-003,1.9962E-003,4.7181E-004,2.0374E-003,4.7967E-003,5.9903E-003,4.7654E-003,2.1924E-003,0.0000E+000,0.0000E+000,0.0000E+000,0.0000E+000,0.0000E+000,0.0000E+000,0.0000E+000,0.0000E+000,0.0000E+000,0.0000E+000,0.0000E+000,0.0000E+000,0.0000E+000,0.0000E+000,0.0000E+000,0.0000E+000,0.0000E+000,0.0000E+000,0.0000E+000,0.0000E+000,0.0000E+000,0.0000E+000,0.0000E+000,0.0000E+000,0.0000E+000,0.0000E+000,0.0000E+000,0.0000E+000,
キビタキ,Unknown,3781.25,0.37,14.34,0.0000E+000,0.0000E+000,0.0000E+000,0.0000E+000,2.2638E-002,7.7968E-002,6.1655E-002,5.4984E-002,6.2296E-002,9.0957E-002,4.7708E-001,1.0000E+000,4.1579E-001,4.9136E-003,0.0000E+000,0.0000E+000,1.0000E+000,8.3800E-001,4.1522E-001,1.5444E-001,7.8657E-002,4.7454E-002,9.2034E-002,9.4121E-002,6.6806E-002,3.7403E-002,3.4260E-002,3.4680E-002,2.6509E-002,1.4775E-002,8.3991E-003,9.5103E-003,1.6997E-002,2.0741E-002,1.9836E-002,1.5187E-002,1.3105E-002,1.4404E-002,0.0000E+000,0.0000E+000,0.0000E+000,0.0000E+000,0.0000E+000,0.0000E+000,0.0000E+000,0.0000E+000,0.0000E+000,0.0000E+000,0.0000E+000,0.0000E+000,0.0000E+000,0.0000E+000,0.0000E+000,0.0000E+000,0.0000E+000,0.0000E+000,0.0000E+000,0.0000E+000,0.0000E+000,0.0000E+000,0.0000E+000,0.0000E+000,0.0000E+000,0.0000E+000,0.0000E+000,0.0000E+000,
キビタキ,Unknown,3781.60,0.49,16.24,0.0000E+000,0.0000E+000,0.0000E+000,0.0000E+000,2.6252E-002,9.6204E-002,8.7435E-002,6.6921E-002,5.0772E-002,1.0000E+000,7.0099E-001,1.0766E-001,8.2484E-002,8.3618E-003,0.0000E+000,0.0000E+000,1.0000E+000,8.6283E-001,5.0620E-001,2.8675E-001,1.8583E-001,5.4452E-002,2.3984E-002,1.3021E-002,1.0069E-002,1.8080E-002,2.8462E-002,4.6140E-002,5.7436E-002,6.1437E-002,5.3495E-002,3.0316E-002,1.5080E-002,8.2939E-003,4.0020E-003,6.4960E-003,7.0254E-003,4.9197E-003,0.0000E+000,0.0000E+000,0.0000E+000,0.0000E+000,0.0000E+000,0.0000E+000,0.0000E+000,0.0000E+000,0.0000E+000,0.0000E+000,0.0000E+000,0.0000E+000,0.0000E+000,0.0000E+000,0.0000E+000,0.0000E+000,0.0000E+000,0.0000E+000,0.0000E+000,0.0000E+000,0.0000E+000,0.0000E+000,0.0000E+000,0.0000E+000,0.0000E+000,0.0000E+000,0.0000E+000,0.0000E+000,
キビタキ,Unknown,3782.46,0.46,17.36,0.0000E+000,0.0000E+000,0.0000E+000,0.0000E+000,5.7265E-002,1.7513E-001,1.2142E-001,1.1509E-001,8.6889E-002,1.0000E+000,4.1535E-001,1.2528E-001,9.1999E-002,1.1208E-002,0.0000E+000,0.0000E+000,1.0000E+000,8.2586E-001,3.9967E-001,1.4763E-001,7.8322E-002,1.5672E-002,2.2327E-002,1.5879E-002,1.2188E-002,1.4945E-002,2.8779E-002,4.2382E-002,2.7152E-002,1.2153E-002,6.3163E-003,7.4703E-003,1.4461E-002,2.4034E-002,4.0499E-002,4.7392E-002,5.5435E-002,8.7664E-002,0.0000E+000,0.0000E+000,0.0000E+000,0.0000E+000,0.0000E+000,0.0000E+000,0.0000E+000,0.0000E+000,0.0000E+000,0.0000E+000,0.0000E+000,0.0000E+000,0.0000E+000,0.0000E+000,0.0000E+000,0.0000E+000,0.0000E+000,0.0000E+000,0.0000E+000,0.0000E+000,0.0000E+000,0.0000E+000,0.0000E+000,0.0000E+000,0.0000E+000,0.0000E+000,0.0000E+000,0.0000E+000,
キビタキ,Unknown,3788.29,0.33,4.83,0.0000E+000,0.0000E+000,0.0000E+000,0.0000E+000,7.0423E-002,2.1016E-001,1.8679E-001,1.7018E-001,1.7565E-001,1.5322E-001,5.8033E-001,1.0000E+000,4.5124E-001,1.5107E-002,0.0000E+000,0.0000E+000,1.0000E+000,8.9131E-001,5.6942E-001,3.5622E-001,2.1657E-001,4.2712E-002,8.5097E-003,8.0610E-003,4.3200E-003,1.0276E-003,2.3683E-003,9.2697E-003,1.6424E-002,1.8017E-002,1.7780E-002,2.0803E-002,2.4063E-002,2.8527E-002,3.2873E-002,3.2755E-002,2.7171E-002,1.5058E-002,0.0000E+000,0.0000E+000,0.0000E+000,0.0000E+000,0.0000E+000,0.0000E+000,0.0000E+000,0.0000E+000,0.0000E+000,0.0000E+000,0.0000E+000,0.0000E+000,0.0000E+000,0.0000E+000,0.0000E+000,0.0000E+000,0.0000E+000,0.0000E+000,0.0000E+000,0.0000E+000,0.0000E+000,0.0000E+000,0.0000E+000,0.0000E+000,0.0000E+000,0.0000E+000,0.0000E+000,0.0000E+000,
キビタキ,雑音,3838.63,0.37,5.07,0.0000E+000,0.0000E+000,0.0000E+000,0.0000E+000,1.5242E-001,7.4635E-001,8.4107E-001,6.4862E-001,5.6893E-001,5.2789E-001,1.0000E+000,9.6684E-001,3.3280E-001,3.9290E-002,0.0000E+000,0.0000E+000,1.0000E+000,8.8063E-001,5.3984E-001,3.1842E-001,1.8856E-001,3.1419E-002,4.1509E-003,3.8317E-003,2.9088E-003,2.3053E-003,4.7119E-003,1.0353E-002,1.4114E-002,1.4639E-002,1.3104E-002,1.0748E-002,9.9254E-003,1.1762E-002,1.7544E-002,2.1489E-002,2.5734E-002,3.3214E-002,0.0000E+000,0.0000E+000,0.0000E+000,0.0000E+000,0.0000E+000,0.0000E+000,0.0000E+000,0.0000E+000,0.0000E+000,0.0000E+000,0.0000E+000,0.0000E+000,0.0000E+000,0.0000E+000,0.0000E+000,0.0000E+000,0.0000E+000,0.0000E+000,0.0000E+000,0.0000E+000,0.0000E+000,0.0000E+000,0.0000E+000,0.0000E+000,0.0000E+000,0.0000E+000,0.0000E+000,0.0000E+000,
キビタキ,Unknown,3866.61,0.46,13.59,0.0000E+000,0.0000E+000,0.0000E+000,0.0000E+000,6.7507E-002,2.2189E-001,2.2832E-001,1.7120E-001,1.4370E-001,1.6134E-001,1.0000E+000,2.5791E-001,1.0220E-001,1.5205E-002,0.0000E+000,0.0000E+000,1.0000E+000,8.5072E-001,4.9106E-001,2.8067E-001,2.0902E-001,1.0541E-001,7.3436E-002,4.5123E-002,1.0790E-002,4.7689E-003,4.0816E-003,2.9265E-003,5.1079E-003,7.7571E-003,1.0584E-002,1.5972E-002,1.8534E-002,2.6554E-002,5.2847E-002,7.1118E-002,9.4368E-002,1.3528E-001,0.0000E+000,0.0000E+000,0.0000E+000,0.0000E+000,0.0000E+000,0.0000E+000,0.0000E+000,0.0000E+000,0.0000E+000,0.0000E+000,0.0000E+000,0.0000E+000,0.0000E+000,0.0000E+000,0.0000E+000,0.0000E+000,0.0000E+000,0.0000E+000,0.0000E+000,0.0000E+000,0.0000E+000,0.0000E+000,0.0000E+000,0.0000E+000,0.0000E+000,0.0000E+000,0.0000E+000,0.0000E+000,
キビタキ,雑音,3956.26,0.35,2.35,0.0000E+000,0.0000E+000,0.0000E+000,0.0000E+000,3.4632E-001,1.0000E+000,9.4124E-001,8.0322E-001,6.1066E-001,5.5727E-001,5.7587E-001,5.6231E-001,3.7435E-001,4.2128E-002,0.0000E+000,0.0000E+000,1.0000E+000,8.7887E-001,5.3322E-001,3.0869E-001,1.7873E-001,2.5723E-002,2.6727E-003,6.7651E-003,9.7161E-003,8.5747E-003,6.4361E-003,4.7915E-003,5.5841E-003,5.8825E-003,4.3366E-003,4.2308E-003,5.6709E-003,1.1398E-002,2.0903E-002,2.4680E-002,2.4850E-002,2.5967E-002,0.0000E+000,0.0000E+000,0.0000E+000,0.0000E+000,0.0000E+000,0.0000E+000,0.0000E+000,0.0000E+000,0.0000E+000,0.0000E+000,0.0000E+000,0.0000E+000,0.0000E+000,0.0000E+000,0.0000E+000,0.0000E+000,0.0000E+000,0.0000E+000,0.0000E+000,0.0000E+000,0.0000E+000,0.0000E+000,0.0000E+000,0.0000E+000,0.0000E+000,0.0000E+000,0.0000E+000,0.0000E+000,
キビタキ,Unknown,3999.40,0.46,18.82,0.0000E+000,0.0000E+000,0.0000E+000,0.0000E+000,4.3488E-002,1.1253E-001,1.0069E-001,1.2546E-001,1.6135E-001,1.5920E-001,6.1213E-001,1.0000E+000,4.1058E-001,1.9182E-002,0.0000E+000,0.0000E+000,1.0000E+000,8.4700E-001,4.9327E-001,2.9254E-001,2.5293E-001,1.9246E-001,1.7158E-001,1.1861E-001,4.3945E-002,2.2253E-002,3.6122E-002,6.3887E-002,6.7368E-002,5.6951E-002,3.7471E-002,1.7235E-002,1.6479E-002,2.3166E-002,2.2384E-002,1.4915E-002,9.3801E-003,1.6708E-002,0.0000E+000,0.0000E+000,0.0000E+000,0.0000E+000,0.0000E+000,0.0000E+000,0.0000E+000,0.0000E+000,0.0000E+000,0.0000E+000,0.0000E+000,0.0000E+000,0.0000E+000,0.0000E+000,0.0000E+000,0.0000E+000,0.0000E+000,0.0000E+000,0.0000E+000,0.0000E+000,0.0000E+000,0.0000E+000,0.0000E+000,0.0000E+000,0.0000E+000,0.0000E+000,0.0000E+000,0.0000E+000,
キビタキ,Unknown,4093.05,0.37,11.81,0.0000E+000,0.0000E+000,0.0000E+000,0.0000E+000,5.5476E-002,2.7866E-001,2.7000E-001,2.1673E-001,1.5965E-001,2.2281E-001,1.0000E+000,4.4022E-001,1.1470E-001,1.5544E-002,0.0000E+000,0.0000E+000,1.0000E+000,8.6808E-001,4.9993E-001,2.6369E-001,1.4265E-001,1.5883E-002,1.0154E-002,2.2816E-002,3.2520E-002,2.9562E-002,2.0802E-002,6.9516E-003,1.3916E-003,9.2122E-004,2.3048E-003,5.4329E-003,7.1773E-003,6.4648E-003,2.9691E-003,1.8586E-004,4.3268E-003,2.1946E-002,0.0000E+000,0.0000E+000,0.0000E+000,0.0000E+000,0.0000E+000,0.0000E+000,0.0000E+000,0.0000E+000,0.0000E+000,0.0000E+000,0.0000E+000,0.0000E+000,0.0000E+000,0.0000E+000,0.0000E+000,0.0000E+000,0.0000E+000,0.0000E+000,0.0000E+000,0.0000E+000,0.0000E+000,0.0000E+000,0.0000E+000,0.0000E+000,0.0000E+000,0.0000E+000,0.0000E+000,0.0000E+000,
キビタキ,Unknown,4096.58,0.58,18.72,0.0000E+000,0.0000E+000,0.0000E+000,0.0000E+000,3.4081E-002,1.2253E-001,9.8943E-002,7.9646E-002,7.4821E-002,1.6457E-001,1.0000E+000,4.1537E-001,4.6307E-002,6.6227E-003,0.0000E+000,0.0000E+000,1.0000E+000,7.3698E-001,2.4681E-001,1.9650E-002,1.9917E-002,1.5161E-002,1.0137E-002,1.0095E-002,8.9530E-003,7.8534E-003,6.5145E-003,2.9070E-003,2.7887E-003,4.9390E-003,2.6763E-003,1.0513E-003,1.6890E-003,3.0964E-003,3.9804E-003,3.4570E-003,3.2731E-003,4.8731E-003,0.0000E+000,0.0000E+000,0.0000E+000,0.0000E+000,0.0000E+000,0.0000E+000,0.0000E+000,0.0000E+000,0.0000E+000,0.0000E+000,0.0000E+000,0.0000E+000,0.0000E+000,0.0000E+000,0.0000E+000,0.0000E+000,0.0000E+000,0.0000E+000,0.0000E+000,0.0000E+000,0.0000E+000,0.0000E+000,0.0000E+000,0.0000E+000,0.0000E+000,0.0000E+000,0.0000E+000,0.0000E+000,
キビタキ,Unknown,4097.42,0.46,18.45,0.0000E+000,0.0000E+000,0.0000E+000,0.0000E+000,2.6761E-002,1.0597E-001,6.5143E-002,5.5958E-002,4.7582E-002,1.4321E-001,1.0000E+000,4.0913E-001,3.6574E-002,5.4229E-003,0.0000E+000,0.0000E+000,1.0000E+000,8.2819E-001,4.0765E-001,1.5892E-001,8.6649E-002,1.5045E-002,1.5710E-002,1.1135E-002,4.8672E-003,3.1753E-003,1.6482E-003,2.2447E-003,4.5289E-003,4.6896E-003,2.5321E-003,1.0180E-003,1.6615E-003,2.6482E-003,6.3855E-003,9.1361E-003,1.2026E-002,1.4753E-002,0.0000E+000,0.0000E+000,0.0000E+000,0.0000E+000,0.0000E+000,0.0000E+000,0.0000E+000,0.0000E+000,0.0000E+000,0.0000E+000,0.0000E+000,0.0000E+000,0.0000E+000,0.0000E+000,0.0000E+000,0.0000E+000,0.0000E+000,0.0000E+000,0.0000E+000,0.0000E+000,0.0000E+000,0.0000E+000,0.0000E+000,0.0000E+000,0.0000E+000,0.0000E+000,0.0000E+000,0.0000E+000,
キビタキ,Unknown,4104.68,0.42,6.34,0.0000E+000,0.0000E+000,0.0000E+000,0.0000E+000,2.6252E-002,9.3326E-002,4.3948E-002,4.5341E-002,3.1611E-002,1.0819E-001,1.0000E+000,3.4688E-001,2.0749E-002,2.5277E-003,0.0000E+000,0.0000E+000,1.0000E+000,8.3789E-001,4.2765E-001,1.7952E-001,9.2819E-002,8.3104E-003,1.0501E-002,1.0683E-002,6.9797E-003,3.0946E-003,2.5269E-003,2.4093E-003,2.3637E-003,1.8679E-003,1.6641E-003,2.4726E-003,3.4849E-003,6.6951E-003,1.4580E-002,1.9255E-002,1.9984E-002,1.5372E-002,0.0000E+000,0.0000E+000,0.0000E+000,0.0000E+000,0.0000E+000,0.0000E+000,0.0000E+000,0.0000E+000,0.0000E+000,0.0000E+000,0.0000E+000,0.0000E+000,0.0000E+000,0.0000E+000,0.0000E+000,0.0000E+000,0.0000E+000,0.0000E+000,0.0000E+000,0.0000E+000,0.0000E+000,0.0000E+000,0.0000E+000,0.0000E+000,0.0000E+000,0.0000E+000,0.0000E+000,0.0000E+000,
キビタキ,Unknown,4105.45,0.33,21.17,0.0000E+000,0.0000E+000,0.0000E+000,0.0000E+000,1.3425E-002,5.3896E-002,3.4614E-002,3.1184E-002,3.1493E-002,1.0971E-001,1.0000E+000,4.2617E-001,3.4211E-002,2.6439E-003,0.0000E+000,0.0000E+000,1.0000E+000,9.3808E-001,7.3021E-001,5.8426E-001,4.3618E-001,1.9415E-001,1.0019E-001,6.3740E-002,2.1917E-002,1.6548E-002,1.8341E-002,1.9552E-002,1.5723E-002,1.2476E-002,8.7076E-003,2.7129E-003,4.8624E-004,6.4299E-004,2.2409E-003,3.6821E-003,4.6622E-003,5.6779E-003,0.0000E+000,0.0000E+000,0.0000E+000,0.0000E+000,0.0000E+000,0.0000E+000,0.0000E+000,0.0000E+000,0.0000E+000,0.0000E+000,0.0000E+000,0.0000E+000,0.0000E+000,0.0000E+000,0.0000E+000,0.0000E+000,0.0000E+000,0.0000E+000,0.0000E+000,0.0000E+000,0.0000E+000,0.0000E+000,0.0000E+000,0.0000E+000,0.0000E+000,0.0000E+000,0.0000E+000,0.0000E+000,
キビタキ,雑音,4136.22,0.53,9.37,0.0000E+000,0.0000E+000,0.0000E+000,0.0000E+000,1.5477E-001,5.3162E-001,3.7032E-001,3.1841E-001,3.3811E-001,4.0844E-001,1.0000E+000,8.6041E-001,3.4134E-001,2.1674E-002,0.0000E+000,0.0000E+000,1.0000E+000,8.1490E-001,3.9156E-001,1.5332E-001,8.8482E-002,1.7382E-002,1.1124E-002,1.2842E-002,1.4600E-002,1.4640E-002,1.1164E-002,5.2500E-003,1.4280E-003,4.4812E-005,2.7829E-003,1.0808E-002,1.6094E-002,1.4994E-002,8.4533E-003,3.0132E-003,1.5966E-003,1.1184E-003,0.0000E+000,0.0000E+000,0.0000E+000,0.0000E+000,0.0000E+000,0.0000E+000,0.0000E+000,0.0000E+000,0.0000E+000,0.0000E+000,0.0000E+000,0.0000E+000,0.0000E+000,0.0000E+000,0.0000E+000,0.0000E+000,0.0000E+000,0.0000E+000,0.0000E+000,0.0000E+000,0.0000E+000,0.0000E+000,0.0000E+000,0.0000E+000,0.0000E+000,0.0000E+000,0.0000E+000,0.0000E+000,
キビタキ,雑音,4141.05,0.46,10.50,0.0000E+000,0.0000E+000,0.0000E+000,0.0000E+000,7.5439E-002,2.8287E-001,2.3696E-001,2.0047E-001,1.7833E-001,2.4416E-001,1.0000E+000,5.9254E-001,1.2465E-001,1.1616E-002,0.0000E+000,0.0000E+000,1.0000E+000,8.3017E-001,4.1378E-001,1.6721E-001,8.7810E-002,6.5849E-003,4.7557E-003,5.3881E-003,4.6740E-003,3.3274E-003,2.0187E-003,1.4711E-003,1.4454E-003,6.5875E-004,9.6518E-004,3.4655E-003,5.6594E-003,4.7926E-003,4.5545E-003,5.1833E-003,1.1448E-002,2.3556E-002,0.0000E+000,0.0000E+000,0.0000E+000,0.0000E+000,0.0000E+000,0.0000E+000,0.0000E+000,0.0000E+000,0.0000E+000,0.0000E+000,0.0000E+000,0.0000E+000,0.0000E+000,0.0000E+000,0.0000E+000,0.0000E+000,0.0000E+000,0.0000E+000,0.0000E+000,0.0000E+000,0.0000E+000,0.0000E+000,0.0000E+000,0.0000E+000,0.0000E+000,0.0000E+000,0.0000E+000,0.0000E+000,
キビタキ,雑音,4150.31,0.33,14.09,0.0000E+000,0.0000E+000,0.0000E+000,0.0000E+000,1.2117E-001,3.4133E-001,2.7291E-001,3.1412E-001,2.0218E-001,3.3366E-001,1.0000E+000,7.1031E-001,1.5239E-001,1.7966E-002,0.0000E+000,0.0000E+000,1.0000E+000,9.0446E-001,6.1133E-001,4.1374E-001,2.6480E-001,6.3515E-002,1.1170E-002,8.4433E-003,7.7371E-003,9.7570E-003,6.9212E-003,2.4127E-003,5.0212E-003,9.3024E-003,1.5932E-002,2.3921E-002,2.5281E-002,2.0695E-002,1.1298E-002,6.4869E-003,4.5553E-003,2.3526E-003,0.0000E+000,0.0000E+000,0.0000E+000,0.0000E+000,0.0000E+000,0.0000E+000,0.0000E+000,0.0000E+000,0.0000E+000,0.0000E+000,0.0000E+000,0.0000E+000,0.0000E+000,0.0000E+000,0.0000E+000,0.0000E+000,0.0000E+000,0.0000E+000,0.0000E+000,0.0000E+000,0.0000E+000,0.0000E+000,0.0000E+000,0.0000E+000,0.0000E+000,0.0000E+000,0.0000E+000,0.0000E+000,
キビタキ,雑音,4184.28,0.44,10.16,0.0000E+000,0.0000E+000,0.0000E+000,0.0000E+000,1.3397E-001,5.4013E-001,5.1219E-001,4.1051E-001,3.5860E-001,3.8997E-001,9.5526E-001,1.0000E+000,2.9378E-001,2.3487E-002,0.0000E+000,0.0000E+000,1.0000E+000,8.7229E-001,5.1852E-001,2.9247E-001,1.7217E-001,3.2535E-002,1.3202E-002,1.5964E-002,1.6911E-002,1.5096E-002,1.2065E-002,9.0098E-003,1.1924E-002,1.4861E-002,1.7960E-002,2.3857E-002,2.6655E-002,3.2235E-002,4.6916E-002,5.6017E-002,6.4463E-002,7.7265E-002,0.0000E+000,0.0000E+000,0.0000E+000,0.0000E+000,0.0000E+000,0.0000E+000,0.0000E+000,0.0000E+000,0.0000E+000,0.0000E+000,0.0000E+000,0.0000E+000,0.0000E+000,0.0000E+000,0.0000E+000,0.0000E+000,0.0000E+000,0.0000E+000,0.0000E+000,0.0000E+000,0.0000E+000,0.0000E+000,0.0000E+000,0.0000E+000,0.0000E+000,0.0000E+000,0.0000E+000,0.0000E+000,
キビタキ,Unknown,4317.38,0.53,12.11,0.0000E+000,0.0000E+000,0.0000E+000,0.0000E+000,8.7710E-003,3.8236E-002,2.8353E-002,3.4751E-002,4.3280E-002,6.0889E-002,5.7273E-001,1.0000E+000,4.2291E-001,7.6903E-003,0.0000E+000,0.0000E+000,1.0000E+000,7.2580E-001,2.3309E-001,1.4589E-002,2.0953E-002,7.2156E-002,1.1699E-001,9.8449E-002,4.6997E-002,1.4089E-002,3.4486E-002,9.3565E-002,1.2455E-001,1.1686E-001,7.2226E-002,4.9072E-002,7.0554E-002,8.5189E-002,7.9142E-002,5.8460E-002,3.5129E-002,3.1869E-002,0.0000E+000,0.0000E+000,0.0000E+000,0.0000E+000,0.0000E+000,0.0000E+000,0.0000E+000,0.0000E+000,0.0000E+000,0.0000E+000,0.0000E+000,0.0000E+000,0.0000E+000,0.0000E+000,0.0000E+000,0.0000E+000,0.0000E+000,0.0000E+000,0.0000E+000,0.0000E+000,0.0000E+000,0.0000E+000,0.0000E+000,0.0000E+000,0.0000E+000,0.0000E+000,0.0000E+000,0.0000E+000,
キビタキ,Unknown,4564.86,0.35,15.04,0.0000E+000,0.0000E+000,0.0000E+000,0.0000E+000,1.0102E-001,3.2022E-001,2.6484E-001,2.1818E-001,1.6832E-001,3.0800E-001,1.0000E+000,4.2337E-001,1.5498E-001,1.4823E-002,0.0000E+000,0.0000E+000,1.0000E+000,9.0219E-001,6.0399E-001,4.0360E-001,2.5654E-001,6.3577E-002,1.7665E-002,2.3685E-002,4.0290E-002,5.0875E-002,5.1790E-002,4.5147E-002,2.8187E-002,1.8784E-002,1.4142E-002,9.7291E-003,9.9595E-003,1.1286E-002,1.4582E-002,1.6552E-002,2.1272E-002,3.2222E-002,0.0000E+000,0.0000E+000,0.0000E+000,0.0000E+000,0.0000E+000,0.0000E+000,0.0000E+000,0.0000E+000,0.0000E+000,0.0000E+000,0.0000E+000,0.0000E+000,0.0000E+000,0.0000E+000,0.0000E+000,0.0000E+000,0.0000E+000,0.0000E+000,0.0000E+000,0.0000E+000,0.0000E+000,0.0000E+000,0.0000E+000,0.0000E+000,0.0000E+000,0.0000E+000,0.0000E+000,0.0000E+000,
キビタキ,Unknown,4578.35,0.44,5.78,0.0000E+000,0.0000E+000,0.0000E+000,0.0000E+000,3.1075E-001,1.0000E+000,7.8045E-001,7.9722E-001,6.3826E-001,4.7102E-001,4.3130E-001,4.3337E-001,3.7289E-001,4.7563E-002,0.0000E+000,0.0000E+000,1.0000E+000,8.0448E-001,3.5640E-001,1.0384E-001,5.2495E-002,2.8174E-003,4.4870E-003,9.5844E-003,2.3818E-002,3.2955E-002,2.9419E-002,2.2379E-002,1.6766E-002,1.4656E-002,1.2339E-002,7.9754E-003,5.9291E-003,4.6908E-003,5.3610E-003,7.2694E-003,8.4027E-003,6.8775E-003,0.0000E+000,0.0000E+000,0.0000E+000,0.0000E+000,0.0000E+000,0.0000E+000,0.0000E+000,0.0000E+000,0.0000E+000,0.0000E+000,0.0000E+000,0.0000E+000,0.0000E+000,0.0000E+000,0.0000E+000,0.0000E+000,0.0000E+000,0.0000E+000,0.0000E+000,0.0000E+000,0.0000E+000,0.0000E+000,0.0000E+000,0.0000E+000,0.0000E+000,0.0000E+000,0.0000E+000,0.0000E+000,
キビタキ,Unknown,4668.74,0.46,14.83,0.0000E+000,0.0000E+000,0.0000E+000,0.0000E+000,7.9520E-002,3.0176E-001,2.8135E-001,2.2312E-001,1.7941E-001,2.5572E-001,1.0000E+000,2.7718E-001,9.2930E-002,1.4527E-002,0.0000E+000,0.0000E+000,1.0000E+000,8.9089E-001,5.7971E-001,3.7764E-001,2.4588E-001,6.4801E-002,1.5480E-002,8.2772E-003,6.9667E-003,1.2859E-002,1.2409E-002,7.4877E-003,2.3381E-003,1.6604E-003,4.8386E-003,1.2176E-002,1.6336E-002,1.4831E-002,7.3608E-003,1.3958E-003,4.3356E-003,2.0150E-002,0.0000E+000,0.0000E+000,0.0000E+000,0.0000E+000,0.0000E+000,0.0000E+000,0.0000E+000,0.0000E+000,0.0000E+000,0.0000E+000,0.0000E+000,0.0000E+000,0.0000E+000,0.0000E+000,0.0000E+000,0.0000E+000,0.0000E+000,0.0000E+000,0.0000E+000,0.0000E+000,0.0000E+000,0.0000E+000,0.0000E+000,0.0000E+000,0.0000E+000,0.0000E+000,0.0000E+000,0.0000E+000,
キビタキ,Unknown,4698.19,0.42,1.51,0.0000E+000,0.0000E+000,0.0000E+000,0.0000E+000,5.0775E-001,9.5635E-001,1.0000E+000,9.7595E-001,5.7790E-001,4.8162E-001,4.6985E-001,4.1046E-001,2.7603E-001,3.6420E-002,0.0000E+000,0.0000E+000,1.0000E+000,8.7656E-001,5.3704E-001,3.2096E-001,2.0099E-001,4.8480E-002,1.5943E-002,9.3067E-003,1.4352E-003,2.0014E-004,2.6938E-003,9.6492E-003,1.6736E-002,1.9360E-002,1.9223E-002,1.7823E-002,1.6559E-002,1.5444E-002,1.3410E-002,1.2490E-002,1.1360E-002,8.9736E-003,0.0000E+000,0.0000E+000,0.0000E+000,0.0000E+000,0.0000E+000,0.0000E+000,0.0000E+000,0.0000E+000,0.0000E+000,0.0000E+000,0.0000E+000,0.0000E+000,0.0000E+000,0.0000E+000,0.0000E+000,0.0000E+000,0.0000E+000,0.0000E+000,0.0000E+000,0.0000E+000,0.0000E+000,0.0000E+000,0.0000E+000,0.0000E+000,0.0000E+000,0.0000E+000,0.0000E+000,0.0000E+000,
キビタキ,Unknown,4744.35,0.37,9.16,0.0000E+000,0.0000E+000,0.0000E+000,0.0000E+000,1.4471E-001,6.0685E-001,5.4278E-001,1.0000E+000,6.4607E-001,2.9023E-001,2.4819E-001,2.0889E-001,1.7853E-001,3.2755E-002,0.0000E+000,0.0000E+000,1.0000E+000,8.6400E-001,4.9139E-001,2.5477E-001,1.4559E-001,3.7413E-002,3.8410E-002,4.2698E-002,3.6230E-002,2.5475E-002,1.7787E-002,7.4915E-003,7.7652E-003,1.0647E-002,1.8876E-002,3.3533E-002,3.9961E-002,3.7023E-002,2.4247E-002,1.4408E-002,1.0048E-002,1.1948E-002,0.0000E+000,0.0000E+000,0.0000E+000,0.0000E+000,0.0000E+000,0.0000E+000,0.0000E+000,0.0000E+000,0.0000E+000,0.0000E+000,0.0000E+000,0.0000E+000,0.0000E+000,0.0000E+000,0.0000E+000,0.0000E+000,0.0000E+000,0.0000E+000,0.0000E+000,0.0000E+000,0.0000E+000,0.0000E+000,0.0000E+000,0.0000E+000,0.0000E+000,0.0000E+000,0.0000E+000,0.0000E+000,
キビタキ,雑音,4800.68,0.49,4.05,0.0000E+000,0.0000E+000,0.0000E+000,0.0000E+000,3.6887E-001,1.0000E+000,8.8479E-001,6.8540E-001,6.8493E-001,5.7058E-001,9.2032E-001,5.2596E-001,3.1001E-001,4.1920E-002,0.0000E+000,0.0000E+000,1.0000E+000,7.6411E-001,2.8528E-001,4.2345E-002,2.5027E-002,7.3218E-003,6.9340E-003,6.4287E-003,9.9867E-003,1.4050E-002,1.4139E-002,1.0870E-002,1.5215E-002,2.2919E-002,3.7642E-002,4.4039E-002,3.5713E-002,2.1086E-002,5.1273E-003,3.7961E-003,3.3599E-003,2.3462E-003,0.0000E+000,0.0000E+000,0.0000E+000,0.0000E+000,0.0000E+000,0.0000E+000,0.0000E+000,0.0000E+000,0.0000E+000,0.0000E+000,0.0000E+000,0.0000E+000,0.0000E+000,0.0000E+000,0.0000E+000,0.0000E+000,0.0000E+000,0.0000E+000,0.0000E+000,0.0000E+000,0.0000E+000,0.0000E+000,0.0000E+000,0.0000E+000,0.0000E+000,0.0000E+000,0.0000E+000,0.0000E+000,
キビタキ,雑音,4856.38,0.39,3.48,0.0000E+000,0.0000E+000,0.0000E+000,0.0000E+000,3.8122E-001,1.0000E+000,6.9472E-001,6.3844E-001,6.9078E-001,5.5084E-001,4.7176E-001,5.7908E-001,3.4133E-001,5.8866E-002,0.0000E+000,0.0000E+000,1.0000E+000,8.6364E-001,4.9372E-001,2.6016E-001,1.4557E-001,1.5758E-002,5.4537E-004,3.4273E-003,7.2436E-003,8.1779E-003,7.9169E-003,6.7692E-003,6.9690E-003,8.0555E-003,9.7379E-003,1.1081E-002,1.0741E-002,1.3985E-002,2.6710E-002,3.6190E-002,4.4361E-002,5.4701E-002,0.0000E+000,0.0000E+000,0.0000E+000,0.0000E+000,0.0000E+000,0.0000E+000,0.0000E+000,0.0000E+000,0.0000E+000,0.0000E+000,0.0000E+000,0.0000E+000,0.0000E+000,0.0000E+000,0.0000E+000,0.0000E+000,0.0000E+000,0.0000E+000,0.0000E+000,0.0000E+000,0.0000E+000,0.0000E+000,0.0000E+000,0.0000E+000,0.0000E+000,0.0000E+000,0.0000E+000,0.0000E+000,
キビタキ,Unknown,5033.34,0.46,18.33,0.0000E+000,0.0000E+000,0.0000E+000,0.0000E+000,3.8492E-002,7.8807E-002,5.9170E-002,5.6946E-002,5.4113E-002,1.0578E-001,1.0000E+000,8.0769E-002,4.6034E-002,7.1095E-003,0.0000E+000,0.0000E+000,1.0000E+000,9.0583E-001,6.3243E-001,4.5319E-001,3.2775E-001,1.4843E-001,9.4565E-002,7.8871E-002,6.4657E-002,6.6138E-002,7.3267E-002,8.2905E-002,7.8589E-002,7.1764E-002,5.8918E-002,3.3464E-002,2.0855E-002,1.2524E-002,2.3624E-003,5.3265E-004,2.2588E-003,3.5878E-003,0.0000E+000,0.0000E+000,0.0000E+000,0.0000E+000,0.0000E+000,0.0000E+000,0.0000E+000,0.0000E+000,0.0000E+000,0.0000E+000,0.0000E+000,0.0000E+000,0.0000E+000,0.0000E+000,0.0000E+000,0.0000E+000,0.0000E+000,0.0000E+000,0.0000E+000,0.0000E+000,0.0000E+000,0.0000E+000,0.0000E+000,0.0000E+000,0.0000E+000,0.0000E+000,0.0000E+000,0.0000E+000,
キビタキ,Unknown,5035.92,0.35,15.43,0.0000E+000,0.0000E+000,0.0000E+000,0.0000E+000,1.7451E-002,6.5768E-002,4.4175E-002,4.1899E-002,3.9285E-002,2.1107E-001,1.0000E+000,4.1869E-002,2.5045E-002,3.8981E-003,0.0000E+000,0.0000E+000,1.0000E+000,9.2122E-001,6.7538E-001,5.0830E-001,3.6941E-001,1.6025E-001,8.9991E-002,6.4534E-002,3.4997E-002,3.0917E-002,3.5240E-002,4.0074E-002,3.3834E-002,2.7083E-002,1.9522E-002,8.0980E-003,4.2354E-003,2.7380E-003,6.2280E-004,5.0589E-006,8.2354E-004,3.6105E-003,0.0000E+000,0.0000E+000,0.0000E+000,0.0000E+000,0.0000E+000,0.0000E+000,0.0000E+000,0.0000E+000,0.0000E+000,0.0000E+000,0.0000E+000,0.0000E+000,0.0000E+000,0.0000E+000,0.0000E+000,0.0000E+000,0.0000E+000,0.0000E+000,0.0000E+000,0.0000E+000,0.0000E+000,0.0000E+000,0.0000E+000,0.0000E+000,0.0000E+000,0.0000E+000,0.0000E+000,0.0000E+000,
キビタキ,Unknown,5118.28,0.37,0.40,0.0000E+000,0.0000E+000,0.0000E+000,0.0000E+000,3.7012E-001,1.0000E+000,7.4334E-001,6.2521E-001,5.9710E-001,5.1031E-001,4.4295E-001,3.3580E-001,2.7298E-001,3.3209E-002,0.0000E+000,0.0000E+000,1.0000E+000,8.3685E-001,4.1787E-001,1.6204E-001,8.1828E-002,2.2498E-002,4.3381E-002,4.1002E-002,2.4881E-002,1.1139E-002,1.1278E-002,1.4126E-002,1.2912E-002,8.9884E-003,4.6284E-003,2.0233E-003,3.7783E-003,5.8845E-003,5.2973E-003,2.6039E-003,1.7106E-003,3.3365E-003,0.0000E+000,0.0000E+000,0.0000E+000,0.0000E+000,0.0000E+000,0.0000E+000,0.0000E+000,0.0000E+000,0.0000E+000,0.0000E+000,0.0000E+000,0.0000E+000,0.0000E+000,0.0000E+000,0.0000E+000,0.0000E+000,0.0000E+000,0.0000E+000,0.0000E+000,0.0000E+000,0.0000E+000,0.0000E+000,0.0000E+000,0.0000E+000,0.0000E+000,0.0000E+000,0.0000E+000,0.0000E+000,
キビタキ,Unknown,5157.45,0.35,18.91,0.0000E+000,0.0000E+000,0.0000E+000,0.0000E+000,4.6316E-002,1.2503E-001,9.9751E-002,7.4587E-002,6.5919E-002,2.2754E-001,1.0000E+000,8.5479E-002,5.3616E-002,6.4547E-003,0.0000E+000,0.0000E+000,1.0000E+000,9.2370E-001,6.7786E-001,5.0833E-001,3.5811E-001,1.3660E-001,6.5296E-002,5.7184E-002,6.2055E-002,7.5039E-002,8.1904E-002,8.3876E-002,6.8102E-002,5.7221E-002,4.6879E-002,2.9176E-002,2.1815E-002,1.6836E-002,8.4261E-003,4.9958E-003,3.0706E-003,6.0299E-004,0.0000E+000,0.0000E+000,0.0000E+000,0.0000E+000,0.0000E+000,0.0000E+000,0.0000E+000,0.0000E+000,0.0000E+000,0.0000E+000,0.0000E+000,0.0000E+000,0.0000E+000,0.0000E+000,0.0000E+000,0.0000E+000,0.0000E+000,0.0000E+000,0.0000E+000,0.0000E+000,0.0000E+000,0.0000E+000,0.0000E+000,0.0000E+000,0.0000E+000,0.0000E+000,0.0000E+000,0.0000E+000,
キビタキ,Unknown,5164.42,0.37,17.42,0.0000E+000,0.0000E+000,0.0000E+000,0.0000E+000,1.0152E-002,3.3124E-002,2.2062E-002,2.0506E-002,2.5815E-002,6.4756E-001,1.0000E+000,6.4071E-002,4.0759E-002,2.7968E-003,0.0000E+000,0.0000E+000,1.0000E+000,9.0991E-001,6.3236E-001,4.4490E-001,2.9941E-001,9.4622E-002,3.5329E-002,2.3105E-002,1.2957E-002,1.5033E-002,2.4324E-002,4.2177E-002,4.9500E-002,4.8262E-002,4.0621E-002,2.8253E-002,2.3525E-002,2.3033E-002,2.1222E-002,1.9903E-002,1.5836E-002,7.6042E-003,0.0000E+000,0.0000E+000,0.0000E+000,0.0000E+000,0.0000E+000,0.0000E+000,0.0000E+000,0.0000E+000,0.0000E+000,0.0000E+000,0.0000E+000,0.0000E+000,0.0000E+000,0.0000E+000,0.0000E+000,0.0000E+000,0.0000E+000,0.0000E+000,0.0000E+000,0.0000E+000,0.0000E+000,0.0000E+000,0.0000E+000,0.0000E+000,0.0000E+000,0.0000E+000,0.0000E+000,0.0000E+000,
キビタキ,Unknown,5344.98,0.39,10.99,0.0000E+000,0.0000E+000,0.0000E+000,0.0000E+000,1.7020E-001,6.0316E-001,5.5310E-001,1.0000E+000,6.2247E-001,2.8980E-001,2.5972E-001,2.2686E-001,2.0054E-001,2.6213E-002,0.0000E+000,0.0000E+000,1.0000E+000,9.1057E-001,6.4160E-001,4.6207E-001,3.2831E-001,1.3857E-001,8.2585E-002,6.8497E-002,5.2244E-002,5.0077E-002,4.8779E-002,4.6042E-002,4.4188E-002,4.3771E-002,4.3891E-002,4.2931E-002,4.1850E-002,3.8274E-002,2.8798E-002,2.2898E-002,1.6796E-002,7.0276E-003,0.0000E+000,0.0000E+000,0.0000E+000,0.0000E+000,0.0000E+000,0.0000E+000,0.0000E+000,0.0000E+000,0.0000E+000,0.0000E+000,0.0000E+000,0.0000E+000,0.0000E+000,0.0000E+000,0.0000E+000,0.0000E+000,0.0000E+000,0.0000E+000,0.0000E+000,0.0000E+000,0.0000E+000,0.0000E+000,0.0000E+000,0.0000E+000,0.0000E+000,0.0000E+000,0.0000E+000,0.0000E+000,
キビタキ,Unknown,5456.20,0.37,4.83,0.0000E+000,0.0000E+000,0.0000E+000,0.0000E+000,3.3722E-001,1.0000E+000,5.5421E-001,6.1936E-001,5.2149E-001,3.5701E-001,3.1209E-001,3.2057E-001,2.4857E-001,3.6066E-002,0.0000E+000,0.0000E+000,1.0000E+000,8.9652E-001,5.9438E-001,3.9572E-001,2.6501E-001,9.3672E-002,5.3041E-002,4.7012E-002,3.6351E-002,3.1718E-002,2.4528E-002,1.5288E-002,1.7442E-002,2.1645E-002,2.3469E-002,2.1404E-002,1.7514E-002,1.2608E-002,5.2921E-003,2.8818E-003,3.9756E-003,9.1012E-003,0.0000E+000,0.0000E+000,0.0000E+000,0.0000E+000,0.0000E+000,0.0000E+000,0.0000E+000,0.0000E+000,0.0000E+000,0.0000E+000,0.0000E+000,0.0000E+000,0.0000E+000,0.0000E+000,0.0000E+000,0.0000E+000,0.0000E+000,0.0000E+000,0.0000E+000,0.0000E+000,0.0000E+000,0.0000E+000,0.0000E+000,0.0000E+000,0.0000E+000,0.0000E+000,0.0000E+000,0.0000E+000,
キビタキ,Unknown,5648.07,0.44,6.61,0.0000E+000,0.0000E+000,0.0000E+000,0.0000E+000,2.1242E-001,8.6750E-001,7.4971E-001,1.0000E+000,7.5948E-001,4.7321E-001,3.4445E-001,3.2219E-001,2.5082E-001,4.0970E-002,0.0000E+000,0.0000E+000,1.0000E+000,8.4896E-001,4.6463E-001,2.3133E-001,1.3436E-001,2.1621E-002,5.8509E-003,4.6623E-003,6.0010E-003,8.5281E-003,2.0048E-002,4.2841E-002,5.2147E-002,5.0178E-002,4.3094E-002,3.1426E-002,2.6841E-002,2.3562E-002,1.7785E-002,1.5289E-002,1.3128E-002,8.6741E-003,0.0000E+000,0.0000E+000,0.0000E+000,0.0000E+000,0.0000E+000,0.0000E+000,0.0000E+000,0.0000E+000,0.0000E+000,0.0000E+000,0.0000E+000,0.0000E+000,0.0000E+000,0.0000E+000,0.0000E+000,0.0000E+000,0.0000E+000,0.0000E+000,0.0000E+000,0.0000E+000,0.0000E+000,0.0000E+000,0.0000E+000,0.0000E+000,0.0000E+000,0.0000E+000,0.0000E+000,0.0000E+000,
キビタキ,Unknown,5689.00,0.33,11.35,0.0000E+000,0.0000E+000,0.0000E+000,0.0000E+000,1.1372E-001,3.0406E-001,3.7008E-001,1.0000E+000,1.7129E-001,1.2270E-001,1.2003E-001,1.2882E-001,1.0043E-001,1.6236E-002,0.0000E+000,0.0000E+000,1.0000E+000,9.4588E-001,7.6698E-001,6.4219E-001,5.2172E-001,3.3168E-001,2.6212E-001,2.3976E-001,2.1417E-001,2.1093E-001,2.0427E-001,1.8056E-001,1.4057E-001,1.1762E-001,9.6572E-002,6.1123E-002,4.6722E-002,3.9026E-002,2.7914E-002,2.4500E-002,2.3078E-002,2.1035E-002,0.0000E+000,0.0000E+000,0.0000E+000,0.0000E+000,0.0000E+000,0.0000E+000,0.0000E+000,0.0000E+000,0.0000E+000,0.0000E+000,0.0000E+000,0.0000E+000,0.0000E+000,0.0000E+000,0.0000E+000,0.0000E+000,0.0000E+000,0.0000E+000,0.0000E+000,0.0000E+000,0.0000E+000,0.0000E+000,0.0000E+000,0.0000E+000,0.0000E+000,0.0000E+000,0.0000E+000,0.0000E+000,
キビタキ,雑音,5762.73,0.35,2.90,0.0000E+000,0.0000E+000,0.0000E+000,0.0000E+000,2.7865E-001,1.0000E+000,8.4813E-001,7.0197E-001,6.8482E-001,5.9478E-001,6.3898E-001,4.7818E-001,3.0442E-001,3.6223E-002,0.0000E+000,0.0000E+000,1.0000E+000,8.9913E-001,5.9683E-001,3.9540E-001,2.5451E-001,7.0366E-002,2.7121E-002,2.5730E-002,2.4067E-002,2.3795E-002,2.0313E-002,1.6153E-002,1.8058E-002,2.0641E-002,2.1442E-002,1.9272E-002,1.6299E-002,1.2608E-002,7.1390E-003,5.3609E-003,5.6497E-003,7.2093E-003,0.0000E+000,0.0000E+000,0.0000E+000,0.0000E+000,0.0000E+000,0.0000E+000,0.0000E+000,0.0000E+000,0.0000E+000,0.0000E+000,0.0000E+000,0.0000E+000,0.0000E+000,0.0000E+000,0.0000E+000,0.0000E+000,0.0000E+000,0.0000E+000,0.0000E+000,0.0000E+000,0.0000E+000,0.0000E+000,0.0000E+000,0.0000E+000,0.0000E+000,0.0000E+000,0.0000E+000,0.0000E+000,
キビタキ,Unknown,5886.42,0.56,22.30,0.0000E+000,0.0000E+000,0.0000E+000,0.0000E+000,1.9271E-002,5.4362E-002,5.4788E-002,9.1609E-002,4.8716E-002,5.3572E-002,4.1986E-001,1.0000E+000,4.5719E-001,3.4404E-002,0.0000E+000,0.0000E+000,1.0000E+000,8.5921E-001,4.9775E-001,2.7709E-001,1.7448E-001,5.4444E-002,3.7011E-002,5.2741E-002,8.4853E-002,1.0123E-001,9.3638E-002,5.8534E-002,1.5536E-002,4.4934E-005,1.6800E-002,7.1839E-002,1.1012E-001,1.5356E-001,2.2192E-001,2.4684E-001,2.3396E-001,1.9132E-001,0.0000E+000,0.0000E+000,0.0000E+000,0.0000E+000,0.0000E+000,0.0000E+000,0.0000E+000,0.0000E+000,0.0000E+000,0.0000E+000,0.0000E+000,0.0000E+000,0.0000E+000,0.0000E+000,0.0000E+000,0.0000E+000,0.0000E+000,0.0000E+000,0.0000E+000,0.0000E+000,0.0000E+000,0.0000E+000,0.0000E+000,0.0000E+000,0.0000E+000,0.0000E+000,0.0000E+000,0.0000E+000,
キビタキ,Unknown,5953.39,0.51,14.55,0.0000E+000,0.0000E+000,0.0000E+000,0.0000E+000,5.7474E-002,2.1180E-001,2.6707E-001,1.0000E+000,7.2733E-001,1.5332E-001,8.1431E-002,7.4450E-002,5.5722E-002,8.4629E-003,0.0000E+000,0.0000E+000,1.0000E+000,8.2028E-001,4.1947E-001,1.9838E-001,2.0029E-001,2.2959E-001,2.5698E-001,1.9647E-001,8.3350E-002,3.0740E-002,3.5738E-002,5.5180E-002,5.8638E-002,4.7653E-002,3.0691E-002,1.3143E-002,1.2557E-002,2.3791E-002,4.4824E-002,5.4622E-002,5.6351E-002,5.2457E-002,0.0000E+000,0.0000E+000,0.0000E+000,0.0000E+000,0.0000E+000,0.0000E+000,0.0000E+000,0.0000E+000,0.0000E+000,0.0000E+000,0.0000E+000,0.0000E+000,0.0000E+000,0.0000E+000,0.0000E+000,0.0000E+000,0.0000E+000,0.0000E+000,0.0000E+000,0.0000E+000,0.0000E+000,0.0000E+000,0.0000E+000,0.0000E+000,0.0000E+000,0.0000E+000,0.0000E+000,0.0000E+000,
キビタキ,Unknown,5953.92,0.63,24.23,0.0000E+000,0.0000E+000,0.0000E+000,0.0000E+000,1.6033E-002,6.4971E-002,1.2544E-001,7.8145E-001,1.0000E+000,2.7799E-002,3.1035E-002,2.5207E-002,1.8481E-002,2.6751E-003,0.0000E+000,0.0000E+000,1.0000E+000,8.5029E-001,5.6704E-001,4.3351E-001,3.9922E-001,3.3768E-001,3.1042E-001,2.7455E-001,2.1373E-001,1.8879E-001,1.8992E-001,1.8344E-001,1.4861E-001,1.2138E-001,9.6192E-002,6.1043E-002,5.1083E-002,4.3049E-002,2.4149E-002,1.3283E-002,1.1018E-002,6.7469E-003,0.0000E+000,0.0000E+000,0.0000E+000,0.0000E+000,0.0000E+000,0.0000E+000,0.0000E+000,0.0000E+000,0.0000E+000,0.0000E+000,0.0000E+000,0.0000E+000,0.0000E+000,0.0000E+000,0.0000E+000,0.0000E+000,0.0000E+000,0.0000E+000,0.0000E+000,0.0000E+000,0.0000E+000,0.0000E+000,0.0000E+000,0.0000E+000,0.0000E+000,0.0000E+000,0.0000E+000,0.0000E+000,
キビタキ,Unknown,5954.55,1.07,12.35,0.0000E+000,0.0000E+000,0.0000E+000,0.0000E+000,2.4229E-001,9.9459E-001,8.3127E-001,1.0000E+000,6.9905E-001,4.8110E-001,3.8868E-001,3.5321E-001,2.6176E-001,3.7963E-002,0.0000E+000,0.0000E+000,1.0000E+000,2.8331E-001,1.8465E-002,2.0304E-003,2.5558E-003,8.6461E-003,5.2073E-003,1.6951E-003,1.5489E-003,3.6069E-003,6.8242E-003,6.4754E-003,4.1276E-003,3.7694E-003,5.0110E-003,4.6227E-003,7.0777E-003,6.5653E-003,2.5734E-003,1.6333E-003,1.9804E-003,5.6053E-003,0.0000E+000,0.0000E+000,0.0000E+000,0.0000E+000,0.0000E+000,0.0000E+000,0.0000E+000,0.0000E+000,0.0000E+000,0.0000E+000,0.0000E+000,0.0000E+000,0.0000E+000,0.0000E+000,0.0000E+000,0.0000E+000,0.0000E+000,0.0000E+000,0.0000E+000,0.0000E+000,0.0000E+000,0.0000E+000,0.0000E+000,0.0000E+000,0.0000E+000,0.0000E+000,0.0000E+000,0.0000E+000,
キビタキ,Unknown,5961.96,0.53,24.94,0.0000E+000,0.0000E+000,0.0000E+000,0.0000E+000,2.2618E-002,5.4293E-002,9.5178E-002,6.8824E-001,1.0000E+000,3.8244E-002,1.8218E-002,1.6940E-002,1.2138E-002,1.6934E-003,0.0000E+000,0.0000E+000,1.0000E+000,8.7374E-001,5.6250E-001,3.7754E-001,2.8975E-001,1.5992E-001,1.1788E-001,9.8346E-002,7.3028E-002,6.7249E-002,6.0313E-002,4.6158E-002,3.5131E-002,3.1325E-002,2.6385E-002,1.9834E-002,1.8222E-002,3.0445E-002,5.8669E-002,7.4671E-002,7.5329E-002,6.8379E-002,0.0000E+000,0.0000E+000,0.0000E+000,0.0000E+000,0.0000E+000,0.0000E+000,0.0000E+000,0.0000E+000,0.0000E+000,0.0000E+000,0.0000E+000,0.0000E+000,0.0000E+000,0.0000E+000,0.0000E+000,0.0000E+000,0.0000E+000,0.0000E+000,0.0000E+000,0.0000E+000,0.0000E+000,0.0000E+000,0.0000E+000,0.0000E+000,0.0000E+000,0.0000E+000,0.0000E+000,0.0000E+000,
キビタキ,Unknown,6326.60,0.37,0.00,0.0000E+000,0.0000E+000,0.0000E+000,0.0000E+000,2.7475E-001,1.0000E+000,8.9864E-001,6.7839E-001,5.4496E-001,4.0283E-001,3.6197E-001,3.4198E-001,2.9531E-001,4.4829E-002,0.0000E+000,0.0000E+000,1.0000E+000,8.8959E-001,5.7094E-001,3.6271E-001,2.3197E-001,6.3527E-002,2.5829E-002,1.8789E-002,7.8891E-003,4.0298E-003,2.1044E-003,5.4473E-004,1.8113E-003,2.7122E-003,2.9627E-003,5.0314E-003,6.8495E-003,1.1907E-002,2.2513E-002,2.8060E-002,2.9849E-002,2.9498E-002,0.0000E+000,0.0000E+000,0.0000E+000,0.0000E+000,0.0000E+000,0.0000E+000,0.0000E+000,0.0000E+000,0.0000E+000,0.0000E+000,0.0000E+000,0.0000E+000,0.0000E+000,0.0000E+000,0.0000E+000,0.0000E+000,0.0000E+000,0.0000E+000,0.0000E+000,0.0000E+000,0.0000E+000,0.0000E+000,0.0000E+000,0.0000E+000,0.0000E+000,0.0000E+000,0.0000E+000,0.0000E+000,
キビタキ,Unknown,6386.56,0.49,21.37,0.0000E+000,0.0000E+000,0.0000E+000,0.0000E+000,1.0000E+000,8.9051E-001,4.7765E-002,3.7805E-002,2.6321E-002,5.3712E-003,4.9526E-003,5.0137E-003,3.9710E-003,5.8861E-004,0.0000E+000,0.0000E+000,1.0000E+000,9.0262E-001,6.1986E-001,4.3448E-001,3.0651E-001,1.2662E-001,7.4701E-002,5.8578E-002,3.3253E-002,2.4050E-002,1.4150E-002,5.5812E-003,2.3739E-002,4.0566E-002,5.4551E-002,6.7283E-002,6.6030E-002,5.7807E-002,4.4768E-002,3.9953E-002,4.1963E-002,5.2473E-002,0.0000E+000,0.0000E+000,0.0000E+000,0.0000E+000,0.0000E+000,0.0000E+000,0.0000E+000,0.0000E+000,0.0000E+000,0.0000E+000,0.0000E+000,0.0000E+000,0.0000E+000,0.0000E+000,0.0000E+000,0.0000E+000,0.0000E+000,0.0000E+000,0.0000E+000,0.0000E+000,0.0000E+000,0.0000E+000,0.0000E+000,0.0000E+000,0.0000E+000,0.0000E+000,0.0000E+000,0.0000E+000,
キビタキ,Unknown,6389.85,0.49,19.94,0.0000E+000,0.0000E+000,0.0000E+000,0.0000E+000,1.0000E+000,9.3717E-001,8.0271E-002,8.4901E-002,7.9585E-002,3.5563E-002,4.4037E-002,6.3141E-002,3.3355E-002,2.9881E-003,0.0000E+000,0.0000E+000,1.0000E+000,8.3372E-001,4.3005E-001,1.9267E-001,1.0748E-001,2.0328E-002,1.8370E-002,3.5743E-002,5.0974E-002,4.8832E-002,4.1324E-002,3.9065E-002,5.2125E-002,5.9936E-002,5.7909E-002,4.3724E-002,3.1566E-002,2.2300E-002,2.6349E-002,3.9665E-002,7.2765E-002,1.0878E-001,0.0000E+000,0.0000E+000,0.0000E+000,0.0000E+000,0.0000E+000,0.0000E+000,0.0000E+000,0.0000E+000,0.0000E+000,0.0000E+000,0.0000E+000,0.0000E+000,0.0000E+000,0.0000E+000,0.0000E+000,0.0000E+000,0.0000E+000,0.0000E+000,0.0000E+000,0.0000E+000,0.0000E+000,0.0000E+000,0.0000E+000,0.0000E+000,0.0000E+000,0.0000E+000,0.0000E+000,0.0000E+000,
キビタキ,Unknown,6390.71,0.42,10.32,0.0000E+000,0.0000E+000,0.0000E+000,0.0000E+000,6.9514E-001,1.0000E+000,1.0363E-001,1.3608E-001,1.4599E-001,6.9567E-002,7.3321E-002,6.5318E-002,4.0747E-002,5.7931E-003,0.0000E+000,0.0000E+000,1.0000E+000,8.6965E-001,5.1174E-001,2.8417E-001,1.6495E-001,2.3290E-002,8.6146E-004,2.2144E-003,9.5791E-003,1.5591E-002,2.4713E-002,4.2052E-002,5.2307E-002,5.4345E-002,4.8793E-002,3.6883E-002,3.0525E-002,2.7949E-002,2.5113E-002,2.4853E-002,2.6314E-002,2.9596E-002,0.0000E+000,0.0000E+000,0.0000E+000,0.0000E+000,0.0000E+000,0.0000E+000,0.0000E+000,0.0000E+000,0.0000E+000,0.0000E+000,0.0000E+000,0.0000E+000,0.0000E+000,0.0000E+000,0.0000E+000,0.0000E+000,0.0000E+000,0.0000E+000,0.0000E+000,0.0000E+000,0.0000E+000,0.0000E+000,0.0000E+000,0.0000E+000,0.0000E+000,0.0000E+000,0.0000E+000,0.0000E+000,
キビタキ,Unknown,6392.36,0.33,16.01,0.0000E+000,0.0000E+000,0.0000E+000,0.0000E+000,8.1855E-001,1.0000E+000,4.9996E-002,7.2373E-002,7.5477E-002,3.2394E-002,2.6726E-002,2.6159E-002,2.0506E-002,2.9442E-003,0.0000E+000,0.0000E+000,1.0000E+000,9.2225E-001,6.7242E-001,5.0034E-001,3.4914E-001,1.2540E-001,5.2852E-002,3.8326E-002,2.5818E-002,2.7837E-002,2.6765E-002,2.1325E-002,1.3065E-002,9.1743E-003,7.2119E-003,4.9007E-003,4.5520E-003,5.3449E-003,8.1029E-003,1.0068E-002,1.3206E-002,1.9612E-002,0.0000E+000,0.0000E+000,0.0000E+000,0.0000E+000,0.0000E+000,0.0000E+000,0.0000E+000,0.0000E+000,0.0000E+000,0.0000E+000,0.0000E+000,0.0000E+000,0.0000E+000,0.0000E+000,0.0000E+000,0.0000E+000,0.0000E+000,0.0000E+000,0.0000E+000,0.0000E+000,0.0000E+000,0.0000E+000,0.0000E+000,0.0000E+000,0.0000E+000,0.0000E+000,0.0000E+000,0.0000E+000,
キビタキ,Unknown,6617.15,0.35,15.53,0.0000E+000,0.0000E+000,0.0000E+000,0.0000E+000,1.8518E-001,6.6695E-001,6.0574E-001,4.2710E-001,6.0009E-001,4.7607E-001,4.0154E-001,1.0000E+000,6.0948E-001,4.0132E-002,0.0000E+000,0.0000E+000,1.0000E+000,9.2306E-001,6.7826E-001,5.1041E-001,3.6406E-001,1.4144E-001,6.5177E-002,3.8952E-002,8.1890E-003,3.6508E-003,9.0628E-003,2.3822E-002,4.0007E-002,4.6846E-002,4.7364E-002,4.2512E-002,3.7141E-002,2.9445E-002,1.5865E-002,9.9813E-003,7.6972E-003,5.5308E-003,0.0000E+000,0.0000E+000,0.0000E+000,0.0000E+000,0.0000E+000,0.0000E+000,0.0000E+000,0.0000E+000,0.0000E+000,0.0000E+000,0.0000E+000,0.0000E+000,0.0000E+000,0.0000E+000,0.0000E+000,0.0000E+000,0.0000E+000,0.0000E+000,0.0000E+000,0.0000E+000,0.0000E+000,0.0000E+000,0.0000E+000,0.0000E+000,0.0000E+000,0.0000E+000,0.0000E+000,0.0000E+000,
キビタキ,Unknown,6936.31,0.37,12.20,0.0000E+000,0.0000E+000,0.0000E+000,0.0000E+000,1.1821E-001,3.7801E-001,3.2621E-001,2.3641E-001,2.6009E-001,2.2211E-001,9.1959E-001,1.0000E+000,6.3426E-001,3.0516E-002,0.0000E+000,0.0000E+000,1.0000E+000,8.6756E-001,5.0010E-001,2.6508E-001,1.4587E-001,1.4141E-002,1.6166E-003,2.3473E-003,2.4710E-003,1.8640E-003,1.1588E-002,2.8452E-002,3.0979E-002,2.6367E-002,2.1674E-002,2.2267E-002,2.7552E-002,3.5051E-002,4.2086E-002,4.1623E-002,3.4601E-002,2.0645E-002,0.0000E+000,0.0000E+000,0.0000E+000,0.0000E+000,0.0000E+000,0.0000E+000,0.0000E+000,0.0000E+000,0.0000E+000,0.0000E+000,0.0000E+000,0.0000E+000,0.0000E+000,0.0000E+000,0.0000E+000,0.0000E+000,0.0000E+000,0.0000E+000,0.0000E+000,0.0000E+000,0.0000E+000,0.0000E+000,0.0000E+000,0.0000E+000,0.0000E+000,0.0000E+000,0.0000E+000,0.0000E+000,
キビタキ,Unknown,7186.30,0.72,5.63,0.0000E+000,0.0000E+000,0.0000E+000,0.0000E+000,5.8182E-002,1.7440E-001,1.3990E-001,1.4381E-001,1.2038E-001,9.7278E-002,2.2036E-001,1.0000E+000,1.6713E-001,8.6663E-003,0.0000E+000,0.0000E+000,1.0000E+000,7.1597E-001,2.2520E-001,1.8466E-002,1.8530E-002,3.2228E-002,4.5864E-002,4.9586E-002,3.7629E-002,2.1951E-002,1.1587E-002,5.8326E-003,5.4326E-003,4.2229E-004,8.3785E-003,2.3045E-002,2.9755E-002,2.4740E-002,1.3943E-002,8.1615E-003,5.9095E-003,1.7732E-002,0.0000E+000,0.0000E+000,0.0000E+000,0.0000E+000,0.0000E+000,0.0000E+000,0.0000E+000,0.0000E+000,0.0000E+000,0.0000E+000,0.0000E+000,0.0000E+000,0.0000E+000,0.0000E+000,0.0000E+000,0.0000E+000,0.0000E+000,0.0000E+000,0.0000E+000,0.0000E+000,0.0000E+000,0.0000E+000,0.0000E+000,0.0000E+000,0.0000E+000,0.0000E+000,0.0000E+000,0.0000E+000,
